product_id,listing_id,recorded_at,recorded_price,anomaly,out_of_stock,trust_score
,36543,2026-03-19T19:01:19+00:00,959,0,0,57.31
,36544,2026-03-19T19:01:19+00:00,959,0,0,24.72
,36545,2026-03-19T19:01:19+00:00,999,0,0,57.31
,36546,2026-03-19T19:01:19+00:00,999,0,0,57.31
,36547,2026-03-19T19:01:19+00:00,999,0,0,71.87
,36548,2026-03-19T19:01:19+00:00,999,0,0,57.31
,36549,2026-03-19T19:01:19+00:00,1009,0,0,71.87
,36550,2026-03-19T19:01:19+00:00,1019,0,0,57.31
,36551,2026-03-19T19:01:19+00:00,1019,0,0,57.31
,36552,2026-03-19T19:01:19+00:00,1029,0,0,37.59
,36553,2026-03-19T19:01:19+00:00,1029,0,0,71.87
,36554,2026-03-19T19:01:19+00:00,1029,0,0,71.87
,36555,2026-03-19T19:01:19+00:00,1029,0,0,71.87
,36556,2026-03-19T19:01:19+00:00,1029,0,0,57.31
,36557,2026-03-19T19:01:19+00:00,1039,0,0,64.48
,36558,2026-03-19T19:01:19+00:00,1049,0,0,57.31
,36559,2026-03-19T19:01:19+00:00,1049,0,0,57.31
,36560,2026-03-19T19:01:19+00:00,1049,0,0,37.59
,36561,2026-03-19T19:01:19+00:00,1059,0,0,71.87
,36562,2026-03-19T19:01:19+00:00,1069,0,0,71.87
,36563,2026-03-19T19:01:19+00:00,1069,0,0,57.31
,36564,2026-03-19T19:01:19+00:00,1069,0,0,71.87
,36565,2026-03-19T19:01:19+00:00,1069,0,0,71.87
,36566,2026-03-19T19:01:19+00:00,1069,0,0,37.59
,36567,2026-03-19T19:01:19+00:00,1069,0,0,71.87
,36568,2026-03-19T19:01:19+00:00,1069,0,0,37.59
,36569,2026-03-19T19:01:19+00:00,1079,0,0,37.59
,36570,2026-03-19T19:01:19+00:00,1079,0,0,71.87
,36571,2026-03-19T19:01:19+00:00,1079,0,0,71.87
,36572,2026-03-19T19:01:19+00:00,1079,0,0,71.87
,36573,2026-03-19T19:01:19+00:00,1349,0,1,47.68
,36574,2026-03-19T19:01:19+00:00,1079,0,0,71.87
,38769,2026-03-19T19:01:19+00:00,229,0,0,62.07
,36575,2026-03-19T19:01:19+00:00,1159,0,0,37.59
,36576,2026-03-19T19:01:19+00:00,1179,0,0,78.65
,36577,2026-03-19T19:01:19+00:00,1185,0,0,37.59
,36578,2026-03-19T19:01:19+00:00,1289,0,0,37.59
,36579,2026-03-19T19:01:19+00:00,1309,0,0,65.1
,36580,2026-03-19T19:01:19+00:00,1339,0,0,76.47
,36581,2026-03-19T19:01:19+00:00,1339,0,0,54.67
,36582,2026-03-19T19:01:19+00:00,1339,0,0,54.67
,36583,2026-03-19T19:01:19+00:00,1349,0,0,69.65
,36584,2026-03-19T19:01:19+00:00,1389,0,0,69.65
,36585,2026-03-19T19:01:19+00:00,1399,0,0,54.67
,36586,2026-03-19T19:01:19+00:00,1399,0,0,52.49
,36587,2026-03-19T19:01:19+00:00,1399,0,0,69.65
,36588,2026-03-19T19:01:19+00:00,1399,0,0,69.65
,36589,2026-03-19T19:01:19+00:00,1419,0,0,57.31
,36590,2026-03-19T19:01:19+00:00,1439,0,0,37.59
,36591,2026-03-19T19:01:19+00:00,1449,0,0,54.67
,36592,2026-03-19T19:01:19+00:00,1449,0,0,69.65
,36593,2026-03-19T19:01:19+00:00,1449,0,0,69.65
,36594,2026-03-19T19:01:19+00:00,1449,0,0,37.59
,36595,2026-03-19T19:01:19+00:00,1459,0,0,69.65
,36596,2026-03-19T19:01:19+00:00,1459,0,0,69.65
,36597,2026-03-19T19:01:19+00:00,1459,0,0,54.67
,36598,2026-03-19T19:01:19+00:00,1459,0,0,54.67
,36599,2026-03-19T19:01:19+00:00,1459,0,0,57.31
,36600,2026-03-19T19:01:19+00:00,1459,0,0,54.67
,36601,2026-03-19T19:01:19+00:00,1459,0,0,54.67
,36602,2026-03-19T19:01:19+00:00,1469,0,0,71.87
,36603,2026-03-19T19:01:19+00:00,1469,0,0,69.65
,36604,2026-03-19T19:01:19+00:00,1469,0,0,69.65
,36605,2026-03-19T19:01:19+00:00,1469,0,0,69.65
,36606,2026-03-19T19:01:19+00:00,1479,0,0,54.67
,36607,2026-03-19T19:01:19+00:00,1489,0,0,37.59
,36608,2026-03-19T19:01:19+00:00,1499,0,0,69.65
,36609,2026-03-19T19:01:19+00:00,1499,0,0,69.65
,36610,2026-03-19T19:01:19+00:00,1509,0,0,54.67
,36611,2026-03-19T19:01:19+00:00,1509,0,0,69.65
,36612,2026-03-19T19:01:19+00:00,1519,0,0,69.65
,36613,2026-03-19T19:01:19+00:00,1519,0,0,69.65
,36614,2026-03-19T19:01:19+00:00,1519,0,1,78.16
,36615,2026-03-19T19:01:19+00:00,1529,0,0,69.65
,36616,2026-03-19T19:01:19+00:00,1529,0,0,69.65
,36617,2026-03-19T19:01:19+00:00,1529,0,0,69.65
,36618,2026-03-19T19:01:19+00:00,1539,0,0,54.67
,36619,2026-03-19T19:01:19+00:00,1555,0,0,54.67
,36620,2026-03-19T19:01:19+00:00,1555,0,0,54.67
,36621,2026-03-19T19:01:19+00:00,1555,0,0,54.67
,36622,2026-03-19T19:01:19+00:00,1559,0,0,49.41
,36623,2026-03-19T19:01:19+00:00,1565,0,0,69.65
,36624,2026-03-19T19:01:19+00:00,1599,0,0,69.65
,36625,2026-03-19T19:01:19+00:00,1599,0,0,54.67
,36626,2026-03-19T19:01:19+00:00,1599,0,0,54.67
,36627,2026-03-19T19:01:19+00:00,1605,0,0,69.65
,36628,2026-03-19T19:01:19+00:00,1605,0,0,69.65
,36629,2026-03-19T19:01:19+00:00,1605,0,0,69.65
,36630,2026-03-19T19:01:19+00:00,1649,0,0,54.67
,36631,2026-03-19T19:01:19+00:00,1649,0,0,76.48
,36632,2026-03-19T19:01:19+00:00,1659,0,0,37.59
,36633,2026-03-19T19:01:19+00:00,1659,0,0,69.65
,36634,2026-03-19T19:01:19+00:00,1659,0,0,69.65
,36635,2026-03-19T19:01:19+00:00,1669,0,0,69.65
,36636,2026-03-19T19:01:19+00:00,1675,0,0,69.65
,36637,2026-03-19T19:01:19+00:00,1675,0,0,69.65
,36638,2026-03-19T19:01:19+00:00,1675,0,0,69.65
,36639,2026-03-19T19:01:19+00:00,1675,0,0,69.65
,36673,2026-03-19T19:01:19+00:00,1829,0,0,49.41
,36640,2026-03-19T19:01:19+00:00,1685,0,0,69.65
,36641,2026-03-19T19:01:19+00:00,1685,0,0,69.65
,36642,2026-03-19T19:01:19+00:00,1689,0,0,76.48
,36643,2026-03-19T19:01:19+00:00,1699,0,0,69.65
,36644,2026-03-19T19:01:19+00:00,1699,0,0,37.59
,36645,2026-03-19T19:01:19+00:00,1709,0,0,69.65
,36646,2026-03-19T19:01:19+00:00,1709,0,0,69.65
,36647,2026-03-19T19:01:19+00:00,1739,0,0,81.37
,36648,2026-03-19T19:01:19+00:00,1739,0,0,71.87
,36649,2026-03-19T19:01:19+00:00,1749,0,0,69.65
,36650,2026-03-19T19:01:19+00:00,1759,0,0,69.65
,36651,2026-03-19T19:01:19+00:00,1769,0,0,37.59
,36652,2026-03-19T19:01:19+00:00,1769,0,0,54.67
,36653,2026-03-19T19:01:19+00:00,1769,0,0,66.72
,36654,2026-03-19T19:01:19+00:00,1769,0,0,54.67
,36655,2026-03-19T19:01:19+00:00,1779,0,0,69.65
,36656,2026-03-19T19:01:19+00:00,1779,0,0,49.41
,36657,2026-03-19T19:01:19+00:00,1789,0,0,37.59
,36658,2026-03-19T19:01:19+00:00,1789,0,0,69.65
,36659,2026-03-19T19:01:19+00:00,1799,0,0,54.67
,36660,2026-03-19T19:01:19+00:00,1799,0,0,54.67
,36661,2026-03-19T19:01:19+00:00,1799,0,0,54.67
,36662,2026-03-19T19:01:19+00:00,1799,0,0,54.67
,36663,2026-03-19T19:01:19+00:00,1799,0,0,54.67
,36664,2026-03-19T19:01:19+00:00,1809,0,0,34.75
,36665,2026-03-19T19:01:19+00:00,1815,0,0,69.65
,36666,2026-03-19T19:01:19+00:00,1815,0,0,69.65
,36667,2026-03-19T19:01:19+00:00,1815,0,0,34.01
,36668,2026-03-19T19:01:19+00:00,1819,0,0,47.68
,36669,2026-03-19T19:01:19+00:00,1819,0,0,69.65
,36670,2026-03-19T19:01:19+00:00,1819,0,1,37.59
,36671,2026-03-19T19:01:19+00:00,1819,0,0,69.65
,36672,2026-03-19T19:01:19+00:00,1829,0,0,69.65
,36674,2026-03-19T19:01:19+00:00,1839,0,0,60.94
,36675,2026-03-19T19:01:19+00:00,1839,0,0,69.65
,36676,2026-03-19T19:01:19+00:00,1839,0,0,49.41
,36677,2026-03-19T19:01:19+00:00,1849,0,0,69.65
,36678,2026-03-19T19:01:19+00:00,1859,0,0,69.65
,36679,2026-03-19T19:01:19+00:00,1859,0,0,54.67
,36680,2026-03-19T19:01:19+00:00,1865,0,0,34.01
,36681,2026-03-19T19:01:19+00:00,1869,0,0,69.65
,36682,2026-03-19T19:01:19+00:00,1869,0,0,69.65
,36683,2026-03-19T19:01:19+00:00,1879,0,0,69.65
,36684,2026-03-19T19:01:19+00:00,1889,0,0,69.65
,36685,2026-03-19T19:01:19+00:00,1889,0,0,59.49
,36686,2026-03-19T19:01:19+00:00,1889,0,0,69.65
,36687,2026-03-19T19:01:19+00:00,1889,0,0,49.41
,36688,2026-03-19T19:01:19+00:00,1889,0,0,57.31
,36689,2026-03-19T19:01:19+00:00,1889,0,0,69.65
,36690,2026-03-19T19:01:19+00:00,1889,0,0,69.65
,36691,2026-03-19T19:01:19+00:00,1889,0,0,69.65
,36692,2026-03-19T19:01:19+00:00,1889,0,0,60.94
,36693,2026-03-19T19:01:19+00:00,1889,0,0,54.67
,36694,2026-03-19T19:01:19+00:00,1899,0,0,60.94
,36695,2026-03-19T19:01:19+00:00,1899,0,0,69.65
,36696,2026-03-19T19:01:19+00:00,1899,0,0,60.94
,36697,2026-03-19T19:01:20+00:00,1899,0,0,69.65
,36698,2026-03-19T19:01:20+00:00,1899,0,0,69.65
,36699,2026-03-19T19:01:20+00:00,1909,0,0,54.67
,36700,2026-03-19T19:01:20+00:00,1909,0,0,69.65
,36701,2026-03-19T19:01:20+00:00,1919,0,0,69.65
,36702,2026-03-19T19:01:20+00:00,1929,0,0,37.59
,36703,2026-03-19T19:01:20+00:00,1929,0,0,37.59
,36704,2026-03-19T19:01:20+00:00,1929,0,0,37.59
,36705,2026-03-19T19:01:20+00:00,1929,0,0,69.65
,36706,2026-03-19T19:01:20+00:00,1939,0,0,54.67
,38853,2026-03-19T19:01:20+00:00,12,0,1,37.59
,36707,2026-03-19T19:01:20+00:00,1939,0,0,69.65
,36708,2026-03-19T19:01:20+00:00,1945,0,0,41.58
,36709,2026-03-19T19:01:20+00:00,1949,0,0,69.65
,36710,2026-03-19T19:01:20+00:00,1949,0,0,69.65
,36711,2026-03-19T19:01:20+00:00,1949,0,0,71.87
,36712,2026-03-19T19:01:20+00:00,1949,0,0,60.94
,36713,2026-03-19T19:01:20+00:00,1949,0,0,57.31
,36714,2026-03-19T19:01:20+00:00,1959,0,0,69.65
,36715,2026-03-19T19:01:20+00:00,1959,0,0,54.67
,36716,2026-03-19T19:01:20+00:00,1959,0,0,37.59
,36717,2026-03-19T19:01:20+00:00,1959,0,0,60.94
,36718,2026-03-19T19:01:20+00:00,1965,0,0,54.67
,36719,2026-03-19T19:01:20+00:00,1969,0,0,37.59
,36720,2026-03-19T19:01:20+00:00,1979,0,0,69.65
,36721,2026-03-19T19:01:20+00:00,1985,0,0,54.67
,36722,2026-03-19T19:01:20+00:00,1995,0,0,69.65
,36723,2026-03-19T19:01:20+00:00,1995,0,0,37.59
,36724,2026-03-19T19:01:20+00:00,1999,0,0,69.65
,36725,2026-03-19T19:01:20+00:00,2009,0,0,49.41
,36726,2026-03-19T19:01:20+00:00,2019,0,0,37.59
,36727,2026-03-19T19:01:20+00:00,2019,0,1,54
,36728,2026-03-19T19:01:20+00:00,2025,0,0,47.68
,36729,2026-03-19T19:01:20+00:00,2029,0,0,69.65
,36730,2026-03-19T19:01:20+00:00,2029,0,0,69.65
,36731,2026-03-19T19:01:20+00:00,2029,0,0,47.68
,36732,2026-03-19T19:01:20+00:00,2039,0,0,54.67
,36733,2026-03-19T19:01:20+00:00,2039,0,0,54.67
,36734,2026-03-19T19:01:20+00:00,2045,0,0,49.41
,36735,2026-03-19T19:01:20+00:00,2049,0,0,37.59
,36736,2026-03-19T19:01:20+00:00,2049,0,0,69.65
,36737,2026-03-19T19:01:20+00:00,2055,0,0,60.94
,36738,2026-03-19T19:01:20+00:00,2055,0,0,69.65
,36739,2026-03-19T19:01:20+00:00,2059,0,0,45.32
,36740,2026-03-19T19:01:20+00:00,2069,0,0,78.63
,36741,2026-03-19T19:01:20+00:00,2075,0,0,69.65
,36742,2026-03-19T19:01:20+00:00,2089,0,0,62.07
,36743,2026-03-19T19:01:20+00:00,2089,0,0,57.31
,36744,2026-03-19T19:01:20+00:00,2089,0,0,69.65
,36745,2026-03-19T19:01:20+00:00,2089,0,0,69.65
,36746,2026-03-19T19:01:20+00:00,2089,0,0,69.65
,36747,2026-03-19T19:01:20+00:00,2089,0,0,65.09
,36748,2026-03-19T19:01:20+00:00,2095,0,0,60.94
,36749,2026-03-19T19:01:20+00:00,2099,0,0,78.5
,36750,2026-03-19T19:01:20+00:00,2099,0,0,54.67
,36751,2026-03-19T19:01:20+00:00,2099,0,0,62.07
,36752,2026-03-19T19:01:20+00:00,2099,0,1,37.59
,36753,2026-03-19T19:01:20+00:00,2099,0,0,69.65
,36754,2026-03-19T19:01:20+00:00,2099,0,0,69.65
,36755,2026-03-19T19:01:20+00:00,2105,0,0,69.65
,36756,2026-03-19T19:01:20+00:00,2105,0,0,69.65
,36757,2026-03-19T19:01:20+00:00,2105,0,0,82.94
,36758,2026-03-19T19:01:20+00:00,2105,0,0,71.87
,36759,2026-03-19T19:01:20+00:00,2115,0,0,60.94
,36760,2026-03-19T19:01:20+00:00,2119,0,0,62.07
,36761,2026-03-19T19:01:20+00:00,2119,0,0,69.65
,36762,2026-03-19T19:01:20+00:00,2129,0,0,69.65
,36763,2026-03-19T19:01:20+00:00,2129,0,0,37.59
,36764,2026-03-19T19:01:20+00:00,2139,0,0,37.59
,36765,2026-03-19T19:01:20+00:00,2145,0,0,37.59
,36766,2026-03-19T19:01:20+00:00,2145,0,0,56.53
,36767,2026-03-19T19:01:20+00:00,2149,0,0,37.59
,36768,2026-03-19T19:01:20+00:00,2149,0,0,69.65
,36769,2026-03-19T19:01:20+00:00,2149,0,0,69.65
,36770,2026-03-19T19:01:20+00:00,2149,0,0,69.65
,36771,2026-03-19T19:01:20+00:00,2149,0,0,69.65
,36772,2026-03-19T19:01:20+00:00,2149,0,0,69.65
,36773,2026-03-19T19:01:20+00:00,2155,0,0,69.65
,36774,2026-03-19T19:01:20+00:00,2159,0,0,69.65
,36775,2026-03-19T19:01:20+00:00,2169,0,0,37.59
,36776,2026-03-19T19:01:20+00:00,2169,0,0,69.65
,36777,2026-03-19T19:01:20+00:00,2175,0,0,37.59
,36778,2026-03-19T19:01:20+00:00,2179,0,0,69.65
,36779,2026-03-19T19:01:20+00:00,2179,0,0,69.65
,36780,2026-03-19T19:01:20+00:00,2189,0,0,69.65
,36781,2026-03-19T19:01:20+00:00,2189,0,0,81.37
,36782,2026-03-19T19:01:20+00:00,2199,0,0,72.6
,36783,2026-03-19T19:01:20+00:00,2199,0,0,78.05
,36784,2026-03-19T19:01:20+00:00,2199,0,0,71.87
,36785,2026-03-19T19:01:20+00:00,2199,0,0,62.07
,36786,2026-03-19T19:01:20+00:00,2199,0,0,37.59
,36787,2026-03-19T19:01:20+00:00,2209,0,0,62.07
,36788,2026-03-19T19:01:20+00:00,2209,0,0,49.41
,36789,2026-03-19T19:01:20+00:00,2219,0,0,62.07
,36790,2026-03-19T19:01:20+00:00,2219,0,0,62.07
,36791,2026-03-19T19:01:20+00:00,2229,0,0,72.6
,36792,2026-03-19T19:01:20+00:00,2239,0,0,62.07
,36793,2026-03-19T19:01:20+00:00,2245,0,0,34.01
,36794,2026-03-19T19:01:20+00:00,2249,0,0,72.6
,36795,2026-03-19T19:01:20+00:00,2249,0,0,69.65
,36796,2026-03-19T19:01:20+00:00,2249,0,0,71.87
,36797,2026-03-19T19:01:20+00:00,2259,0,0,37.59
,36798,2026-03-19T19:01:20+00:00,2259,0,0,37.59
,36799,2026-03-19T19:01:20+00:00,2259,0,0,62.07
,36800,2026-03-19T19:01:20+00:00,2259,0,0,69.65
,36801,2026-03-19T19:01:20+00:00,2269,0,0,69.65
,36802,2026-03-19T19:01:20+00:00,2269,0,0,60.94
,36803,2026-03-19T19:01:20+00:00,2269,0,0,37.59
,36804,2026-03-19T19:01:20+00:00,2269,0,0,62.07
,36805,2026-03-19T19:01:20+00:00,2275,0,0,72.6
,36806,2026-03-19T19:01:20+00:00,2289,0,0,62.07
,36807,2026-03-19T19:01:20+00:00,2289,0,0,69.65
,36808,2026-03-19T19:01:20+00:00,2289,0,0,69.65
,36809,2026-03-19T19:01:20+00:00,2295,0,0,66.38
,36810,2026-03-19T19:01:20+00:00,2295,0,0,66.38
,36811,2026-03-19T19:01:20+00:00,2299,0,0,62.07
,36812,2026-03-19T19:01:20+00:00,2299,0,0,54.67
,36813,2026-03-19T19:01:20+00:00,2299,0,0,62.07
,36814,2026-03-19T19:01:20+00:00,2309,0,0,60.94
,36815,2026-03-19T19:01:20+00:00,2309,0,0,69.65
,36816,2026-03-19T19:01:20+00:00,2319,0,0,62.07
,36817,2026-03-19T19:01:20+00:00,2319,0,0,62.07
,36818,2026-03-19T19:01:20+00:00,2319,0,0,69.65
,36819,2026-03-19T19:01:20+00:00,2319,0,0,71.87
,36820,2026-03-19T19:01:20+00:00,2319,0,0,71.87
,36821,2026-03-19T19:01:20+00:00,2325,0,0,72.6
,36822,2026-03-19T19:01:20+00:00,2329,0,0,60.94
,36823,2026-03-19T19:01:20+00:00,2329,0,0,47.68
,36824,2026-03-19T19:01:20+00:00,2335,0,0,69.65
,36825,2026-03-19T19:01:20+00:00,2339,0,0,79.57
,36826,2026-03-19T19:01:20+00:00,2339,0,0,79.57
,36827,2026-03-19T19:01:20+00:00,2339,0,0,24.72
,36828,2026-03-19T19:01:20+00:00,2339,0,0,77.02
,36829,2026-03-19T19:01:20+00:00,2345,0,0,69.65
,36830,2026-03-19T19:01:20+00:00,2349,0,0,45.32
,36831,2026-03-19T19:01:20+00:00,2349,0,0,69.65
,36832,2026-03-19T19:01:20+00:00,2349,0,0,72.3
,36833,2026-03-19T19:01:20+00:00,2355,0,0,66.35
,36834,2026-03-19T19:01:20+00:00,2355,0,0,66.35
,36835,2026-03-19T19:01:20+00:00,2359,0,0,37.59
,36836,2026-03-19T19:01:20+00:00,2359,0,0,24.72
,36837,2026-03-19T19:01:20+00:00,2359,0,0,49.41
,36838,2026-03-19T19:01:20+00:00,2359,0,0,69.65
,36839,2026-03-19T19:01:20+00:00,2359,0,0,69.65
,36840,2026-03-19T19:01:20+00:00,2359,0,0,78.53
,36841,2026-03-19T19:01:20+00:00,2365,0,0,69.65
,36842,2026-03-19T19:01:20+00:00,2365,0,0,69.65
,36843,2026-03-19T19:01:20+00:00,2369,0,0,37.59
,36844,2026-03-19T19:01:20+00:00,2369,0,0,62.07
,36845,2026-03-19T19:01:20+00:00,2369,0,0,69.65
,36846,2026-03-19T19:01:20+00:00,2379,0,0,64.65
,36847,2026-03-19T19:01:20+00:00,2389,0,0,69.65
,36848,2026-03-19T19:01:20+00:00,2389,0,0,37.59
,36849,2026-03-19T19:01:20+00:00,2389,0,0,37.59
,36850,2026-03-19T19:01:20+00:00,2389,0,0,62.07
,36851,2026-03-19T19:01:20+00:00,2389,0,0,37.59
,36852,2026-03-19T19:01:20+00:00,2389,0,0,69.65
,36853,2026-03-19T19:01:20+00:00,2395,0,0,37.59
,36854,2026-03-19T19:01:20+00:00,2399,0,0,77.05
,36855,2026-03-19T19:01:20+00:00,2399,0,0,37.59
,36856,2026-03-19T19:01:20+00:00,2399,0,0,62.07
,36857,2026-03-19T19:01:20+00:00,2399,0,0,66.33
,36858,2026-03-19T19:01:20+00:00,2399,0,0,66.33
,36859,2026-03-19T19:01:20+00:00,2399,0,0,69.65
,36860,2026-03-19T19:01:20+00:00,2399,0,0,62.07
,36861,2026-03-19T19:01:20+00:00,2399,0,0,77.47
,36862,2026-03-19T19:01:20+00:00,2399,0,0,62.07
,36863,2026-03-19T19:01:20+00:00,2399,0,0,62.07
,36864,2026-03-19T19:01:20+00:00,2399,0,0,62.07
,36865,2026-03-19T19:01:20+00:00,2409,0,0,37.59
,36866,2026-03-19T19:01:20+00:00,2409,0,0,72.6
,36867,2026-03-19T19:01:20+00:00,2409,0,0,54.67
,38854,2026-03-19T19:01:20+00:00,12,0,0,71.87
,36868,2026-03-19T19:01:20+00:00,2419,0,0,62.07
,36869,2026-03-19T19:01:20+00:00,2419,0,0,62.07
,36870,2026-03-19T19:01:20+00:00,2419,0,0,37.59
,36871,2026-03-19T19:01:20+00:00,2419,0,0,69.65
,36872,2026-03-19T19:01:20+00:00,2419,0,0,78.65
,36873,2026-03-19T19:01:20+00:00,2419,0,0,62.07
,36874,2026-03-19T19:01:20+00:00,2429,0,0,77.06
,36875,2026-03-19T19:01:20+00:00,2439,0,0,69.65
,36876,2026-03-19T19:01:20+00:00,2439,0,0,69.65
,36877,2026-03-19T19:01:20+00:00,2439,0,0,69.65
,36878,2026-03-19T19:01:20+00:00,2445,0,0,78.33
,36879,2026-03-19T19:01:20+00:00,2449,0,0,60.94
,36880,2026-03-19T19:01:20+00:00,2449,0,0,69.65
,36881,2026-03-19T19:01:20+00:00,2455,0,0,47.2
,36882,2026-03-19T19:01:20+00:00,2455,0,0,62.07
,36883,2026-03-19T19:01:20+00:00,2459,0,0,69.65
,36884,2026-03-19T19:01:20+00:00,2459,0,0,49.41
,36885,2026-03-19T19:01:20+00:00,2459,0,0,62.07
,36886,2026-03-19T19:01:20+00:00,2459,0,0,37.59
,36887,2026-03-19T19:01:20+00:00,2459,0,0,69.65
,36888,2026-03-19T19:01:20+00:00,2469,0,0,78.65
,36889,2026-03-19T19:01:20+00:00,2469,0,0,62.07
,36890,2026-03-19T19:01:20+00:00,2479,0,0,69.65
,36891,2026-03-19T19:01:20+00:00,2479,0,0,37.59
,36892,2026-03-19T19:01:20+00:00,2479,0,0,49.41
,36893,2026-03-19T19:01:20+00:00,2479,0,0,62.07
,36894,2026-03-19T19:01:20+00:00,2489,0,0,69.65
,36895,2026-03-19T19:01:20+00:00,2489,0,0,78.34
,36896,2026-03-19T19:01:20+00:00,2489,0,0,69.65
,36897,2026-03-19T19:01:20+00:00,2499,0,0,52.49
,36898,2026-03-19T19:01:20+00:00,2499,0,0,69.65
,36899,2026-03-19T19:01:20+00:00,2499,0,0,82.89
,36900,2026-03-19T19:01:20+00:00,2499,0,0,57.31
,36901,2026-03-19T19:01:20+00:00,2509,0,0,62.07
,36902,2026-03-19T19:01:20+00:00,2509,0,0,62.07
,36903,2026-03-19T19:01:20+00:00,2515,0,0,69.65
,36904,2026-03-19T19:01:20+00:00,2515,0,0,37.59
,36905,2026-03-19T19:01:20+00:00,2529,0,0,62.07
,36906,2026-03-19T19:01:20+00:00,2529,0,0,69.65
,36907,2026-03-19T19:01:20+00:00,2529,0,0,49.41
,36908,2026-03-19T19:01:20+00:00,2535,0,0,69.65
,36909,2026-03-19T19:01:20+00:00,2539,0,0,64.66
,36910,2026-03-19T19:01:20+00:00,2539,0,0,78.35
,36911,2026-03-19T19:01:20+00:00,2539,0,0,69.65
,36912,2026-03-19T19:01:20+00:00,2545,0,0,62.07
,36913,2026-03-19T19:01:20+00:00,2549,0,0,69.65
,36914,2026-03-19T19:01:20+00:00,2549,0,0,37.59
,36915,2026-03-19T19:01:20+00:00,2549,0,0,69.65
,36916,2026-03-19T19:01:20+00:00,2555,0,0,62.07
,36917,2026-03-19T19:01:20+00:00,2555,0,0,62.07
,36918,2026-03-19T19:01:20+00:00,2559,0,0,78.07
,36919,2026-03-19T19:01:20+00:00,2559,0,0,37.59
,36920,2026-03-19T19:01:20+00:00,2559,0,0,49.41
,36921,2026-03-19T19:01:20+00:00,2559,0,0,37.59
,36922,2026-03-19T19:01:20+00:00,2565,0,0,69.65
,36923,2026-03-19T19:01:20+00:00,2565,0,0,60.94
,36924,2026-03-19T19:01:20+00:00,2569,0,0,62.07
,36925,2026-03-19T19:01:20+00:00,2579,0,0,77.06
,36926,2026-03-19T19:01:20+00:00,2579,0,0,69.65
,36927,2026-03-19T19:01:20+00:00,2579,0,0,69.65
,36928,2026-03-19T19:01:20+00:00,2579,0,0,69.65
,36929,2026-03-19T19:01:20+00:00,2579,0,0,69.65
,36930,2026-03-19T19:01:20+00:00,2585,0,0,69.65
,36931,2026-03-19T19:01:20+00:00,2589,0,0,62.07
,36932,2026-03-19T19:01:20+00:00,2589,0,0,77.06
,36933,2026-03-19T19:01:20+00:00,2589,0,0,77.06
,36934,2026-03-19T19:01:20+00:00,2589,0,0,68.6
,36935,2026-03-19T19:01:20+00:00,2589,0,0,69.65
,36936,2026-03-19T19:01:20+00:00,2589,0,0,62.07
,36937,2026-03-19T19:01:20+00:00,2589,0,0,71.87
,36938,2026-03-19T19:01:20+00:00,2595,0,0,41.31
,36939,2026-03-19T19:01:20+00:00,2599,0,0,78.17
,36940,2026-03-19T19:01:20+00:00,2605,0,0,78.07
,36941,2026-03-19T19:01:20+00:00,2609,0,0,37.59
,36942,2026-03-19T19:01:20+00:00,2609,0,0,37.59
,36943,2026-03-19T19:01:20+00:00,2615,0,0,62.07
,36944,2026-03-19T19:01:20+00:00,2615,0,0,37.59
,36945,2026-03-19T19:01:20+00:00,2615,0,0,62.07
,36946,2026-03-19T19:01:20+00:00,2629,0,0,69.65
,36947,2026-03-19T19:01:20+00:00,2629,0,0,77.07
,36948,2026-03-19T19:01:20+00:00,2635,0,0,46.8
,36949,2026-03-19T19:01:20+00:00,2635,0,0,69.65
,36950,2026-03-19T19:01:20+00:00,2639,0,0,77.08
,36951,2026-03-19T19:01:20+00:00,2639,0,0,45.32
,36952,2026-03-19T19:01:20+00:00,2639,0,0,77.02
,36953,2026-03-19T19:01:20+00:00,2649,0,0,69.65
,36954,2026-03-19T19:01:20+00:00,2649,0,0,37.59
,36955,2026-03-19T19:01:20+00:00,2649,0,0,62.07
,36956,2026-03-19T19:01:20+00:00,2655,0,0,78.07
,36957,2026-03-19T19:01:20+00:00,2659,0,0,78.4
,36958,2026-03-19T19:01:20+00:00,2659,0,0,69.65
,36959,2026-03-19T19:01:20+00:00,2659,0,0,69.65
,36960,2026-03-19T19:01:20+00:00,2669,0,0,62.07
,36961,2026-03-19T19:01:20+00:00,2669,0,0,69.65
,36962,2026-03-19T19:01:20+00:00,2669,0,0,69.65
,36963,2026-03-19T19:01:20+00:00,2679,0,0,37.59
,36964,2026-03-19T19:01:20+00:00,2679,0,0,77.09
,36965,2026-03-19T19:01:20+00:00,2679,0,0,69.65
,36966,2026-03-19T19:01:20+00:00,2699,0,0,71.87
,36967,2026-03-19T19:01:20+00:00,2699,0,0,73.57
,36968,2026-03-19T19:01:20+00:00,2699,0,0,37.59
,36969,2026-03-19T19:01:20+00:00,2699,0,0,77.58
,36970,2026-03-19T19:01:20+00:00,2705,0,0,78.41
,36971,2026-03-19T19:01:20+00:00,2709,0,0,47.68
,36972,2026-03-19T19:01:20+00:00,2719,0,0,69.65
,36973,2026-03-19T19:01:20+00:00,2719,0,0,69.65
,36974,2026-03-19T19:01:20+00:00,2725,0,0,62.07
,36975,2026-03-19T19:01:20+00:00,2725,0,0,62.07
,36976,2026-03-19T19:01:20+00:00,2729,0,0,62.07
,36977,2026-03-19T19:01:20+00:00,2729,0,0,62.07
,36978,2026-03-19T19:01:20+00:00,2739,0,0,37.59
,36979,2026-03-19T19:01:20+00:00,2739,0,0,69.65
,36980,2026-03-19T19:01:20+00:00,2749,0,0,62.07
,36981,2026-03-19T19:01:20+00:00,2749,0,0,43.06
,36982,2026-03-19T19:01:20+00:00,2755,0,0,78.41
,36983,2026-03-19T19:01:20+00:00,2759,0,0,77.59
,36984,2026-03-19T19:01:20+00:00,2759,0,0,69.65
,36985,2026-03-19T19:01:20+00:00,2759,0,0,52.49
,36986,2026-03-19T19:01:20+00:00,2769,0,0,62.07
,36987,2026-03-19T19:01:20+00:00,2769,0,0,62.07
,36988,2026-03-19T19:01:20+00:00,2769,0,0,62.07
,36989,2026-03-19T19:01:20+00:00,2775,0,0,77.43
,36990,2026-03-19T19:01:20+00:00,2779,0,0,45.05
,36991,2026-03-19T19:01:20+00:00,2779,0,0,69.65
,36992,2026-03-19T19:01:20+00:00,2789,0,0,24.72
,36993,2026-03-19T19:01:20+00:00,2789,0,0,69.65
,36994,2026-03-19T19:01:20+00:00,2799,0,0,54.67
,36995,2026-03-19T19:01:20+00:00,2799,0,0,52.49
,36996,2026-03-19T19:01:20+00:00,2799,0,0,69.65
,36997,2026-03-19T19:01:20+00:00,2799,0,0,54.67
,36998,2026-03-19T19:01:20+00:00,2799,0,0,62.07
,36999,2026-03-19T19:01:20+00:00,2809,0,0,45.32
,37000,2026-03-19T19:01:20+00:00,2819,0,0,69.65
,37001,2026-03-19T19:01:20+00:00,2819,0,0,37.59
,37002,2026-03-19T19:01:20+00:00,2819,0,0,77.44
,37003,2026-03-19T19:01:20+00:00,2825,0,0,77.44
,37004,2026-03-19T19:01:20+00:00,2829,0,0,37.59
,37005,2026-03-19T19:01:20+00:00,2829,0,0,62.07
,37006,2026-03-19T19:01:20+00:00,2829,0,0,62.07
,37007,2026-03-19T19:01:20+00:00,2829,0,0,45.05
,37008,2026-03-19T19:01:20+00:00,2839,0,0,37.59
,37009,2026-03-19T19:01:20+00:00,2839,0,0,62.07
,37010,2026-03-19T19:01:20+00:00,2849,0,0,77.57
,37011,2026-03-19T19:01:20+00:00,2849,0,0,62.07
,37012,2026-03-19T19:01:20+00:00,2849,0,0,62.07
,37013,2026-03-19T19:01:20+00:00,2849,0,0,69.65
,37014,2026-03-19T19:01:20+00:00,2849,0,0,69.65
,37015,2026-03-19T19:01:20+00:00,2849,0,0,69.65
,37016,2026-03-19T19:01:20+00:00,2849,0,0,62.07
,37017,2026-03-19T19:01:20+00:00,2849,0,0,69.65
,37018,2026-03-19T19:01:20+00:00,2859,0,0,62.07
,37019,2026-03-19T19:01:20+00:00,2869,0,0,62.07
,37020,2026-03-19T19:01:20+00:00,2869,0,0,62.07
,37021,2026-03-19T19:01:20+00:00,2869,0,0,77.45
,37022,2026-03-19T19:01:20+00:00,2869,0,0,69.65
,37023,2026-03-19T19:01:20+00:00,2869,0,0,69.65
,37024,2026-03-19T19:01:20+00:00,2885,0,0,69.65
,37403,2026-03-19T19:01:20+00:00,739,0,0,62.07
,37025,2026-03-19T19:01:20+00:00,2889,0,0,68.28
,37026,2026-03-19T19:01:20+00:00,2899,0,0,69.65
,37027,2026-03-19T19:01:20+00:00,2899,0,0,69.65
,37028,2026-03-19T19:01:20+00:00,2909,0,0,62.07
,37029,2026-03-19T19:01:20+00:00,2919,0,0,62.07
,37030,2026-03-19T19:01:20+00:00,2919,0,0,62.07
,37031,2026-03-19T19:01:20+00:00,2919,0,0,62.07
,37032,2026-03-19T19:01:20+00:00,2929,0,0,78.46
,37033,2026-03-19T19:01:20+00:00,2929,0,0,62.07
,37034,2026-03-19T19:01:20+00:00,2935,0,0,62.07
,37035,2026-03-19T19:01:20+00:00,2935,0,0,69.65
,37036,2026-03-19T19:01:20+00:00,2939,0,0,37.59
,37037,2026-03-19T19:01:20+00:00,2939,0,0,24.72
,37038,2026-03-19T19:01:20+00:00,2939,0,0,69.65
,37039,2026-03-19T19:01:20+00:00,2939,0,0,62.07
,37040,2026-03-19T19:01:20+00:00,2939,0,0,69.65
,37041,2026-03-19T19:01:20+00:00,2949,0,0,37.59
,37042,2026-03-19T19:01:20+00:00,2949,0,0,42.89
,37043,2026-03-19T19:01:20+00:00,2949,0,0,37.59
,37044,2026-03-19T19:01:20+00:00,2959,0,0,69.65
,37045,2026-03-19T19:01:20+00:00,2959,0,0,54.67
,37046,2026-03-19T19:01:20+00:00,2969,0,0,66.56
,37047,2026-03-19T19:01:20+00:00,2969,0,0,71.87
,37048,2026-03-19T19:01:20+00:00,2969,0,0,62.07
,37049,2026-03-19T19:01:20+00:00,2975,0,0,78.46
,37050,2026-03-19T19:01:20+00:00,2979,0,0,54.67
,37051,2026-03-19T19:01:20+00:00,2979,0,0,62.07
,37052,2026-03-19T19:01:20+00:00,2989,0,0,62.07
,37053,2026-03-19T19:01:20+00:00,2989,0,0,77.09
,37054,2026-03-19T19:01:20+00:00,2989,0,0,69.65
,37055,2026-03-19T19:01:20+00:00,2989,0,0,69.65
,37056,2026-03-19T19:01:20+00:00,2999,0,0,69.65
,37057,2026-03-19T19:01:20+00:00,3009,0,0,37.59
,37058,2026-03-19T19:01:20+00:00,3009,0,0,49.41
,37059,2026-03-19T19:01:20+00:00,3009,0,0,69.65
,37060,2026-03-19T19:01:20+00:00,3019,0,0,69.65
,37061,2026-03-19T19:01:20+00:00,3025,0,0,78.46
,37062,2026-03-19T19:01:20+00:00,3029,0,0,77.2
,37063,2026-03-19T19:01:20+00:00,3029,0,0,60.94
,37064,2026-03-19T19:01:20+00:00,3029,0,0,76.36
,37065,2026-03-19T19:01:20+00:00,3039,0,0,68.14
,37066,2026-03-19T19:01:20+00:00,3039,0,0,77.2
,37067,2026-03-19T19:01:20+00:00,3039,0,0,69.65
,37068,2026-03-19T19:01:20+00:00,3039,0,0,69.65
,37069,2026-03-19T19:01:20+00:00,3045,0,0,76.84
,37070,2026-03-19T19:01:20+00:00,3059,0,0,54.67
,37071,2026-03-19T19:01:20+00:00,3059,0,0,37.59
,37072,2026-03-19T19:01:20+00:00,3059,0,0,62.07
,37073,2026-03-19T19:01:20+00:00,3065,0,0,69.65
,37074,2026-03-19T19:01:20+00:00,3069,0,0,37.59
,37075,2026-03-19T19:01:20+00:00,3069,0,0,69.65
,37076,2026-03-19T19:01:20+00:00,3079,0,0,77.21
,37077,2026-03-19T19:01:20+00:00,3085,0,0,69.65
,37078,2026-03-19T19:01:20+00:00,3085,0,0,69.65
,37079,2026-03-19T19:01:20+00:00,3089,0,0,77.55
,37080,2026-03-19T19:01:20+00:00,3089,0,0,69.19
,37081,2026-03-19T19:01:20+00:00,3089,0,0,71.87
,37082,2026-03-19T19:01:20+00:00,3089,0,0,45.32
,37083,2026-03-19T19:01:20+00:00,3089,0,0,45.32
,37084,2026-03-19T19:01:20+00:00,3095,0,0,37.59
,37085,2026-03-19T19:01:20+00:00,3097,0,0,41.18
,37086,2026-03-19T19:01:20+00:00,3099,0,0,78.24
,37087,2026-03-19T19:01:20+00:00,3099,0,0,69.65
,37404,2026-03-19T19:01:20+00:00,759,0,0,62.07
,37088,2026-03-19T19:01:20+00:00,3119,0,0,69.65
,37089,2026-03-19T19:01:20+00:00,3119,0,0,62.07
,37090,2026-03-19T19:01:20+00:00,3139,0,0,62.07
,37091,2026-03-19T19:01:20+00:00,3139,0,0,76.94
,37092,2026-03-19T19:01:20+00:00,3139,0,0,62.07
,37093,2026-03-19T19:01:20+00:00,3149,0,0,69.65
,37094,2026-03-19T19:01:20+00:00,3149,0,0,71.87
,37095,2026-03-19T19:01:20+00:00,3149,0,0,71.87
,37096,2026-03-19T19:01:20+00:00,3159,0,0,69.65
,37097,2026-03-19T19:01:20+00:00,3169,0,0,71.87
,37098,2026-03-19T19:01:20+00:00,3169,0,0,66.48
,37099,2026-03-19T19:01:20+00:00,3169,0,0,37.59
,37100,2026-03-19T19:01:20+00:00,3179,0,0,69.65
,37101,2026-03-19T19:01:20+00:00,3179,0,0,69.65
,37102,2026-03-19T19:01:20+00:00,3189,0,0,24.72
,37103,2026-03-19T19:01:20+00:00,3189,0,0,76.36
,37104,2026-03-19T19:01:20+00:00,3199,0,0,54.67
,37105,2026-03-19T19:01:20+00:00,3209,0,0,37.59
,37106,2026-03-19T19:01:20+00:00,3229,0,0,37.59
,37107,2026-03-19T19:01:20+00:00,3229,0,0,62.07
,37108,2026-03-19T19:01:20+00:00,3229,0,0,69.65
,37109,2026-03-19T19:01:20+00:00,3239,0,0,62.07
,37110,2026-03-19T19:01:20+00:00,3249,0,0,62.07
,37111,2026-03-19T19:01:20+00:00,3259,0,0,69.65
,37112,2026-03-19T19:01:20+00:00,3259,0,0,67.96
,37113,2026-03-19T19:01:20+00:00,3275,0,0,69.65
,37114,2026-03-19T19:01:20+00:00,3275,0,0,77.64
,37115,2026-03-19T19:01:20+00:00,3289,0,0,62.07
,37116,2026-03-19T19:01:20+00:00,3289,0,0,24.72
,37117,2026-03-19T19:01:20+00:00,3299,0,0,68.96
,37118,2026-03-19T19:01:20+00:00,3315,0,0,62.07
,37119,2026-03-19T19:01:20+00:00,3319,0,0,69.65
,37120,2026-03-19T19:01:20+00:00,3349,0,0,69.65
,37121,2026-03-19T19:01:20+00:00,3349,0,0,62.07
,37122,2026-03-19T19:01:20+00:00,3349,0,0,37.59
,37123,2026-03-19T19:01:20+00:00,3349,0,0,62.07
,37124,2026-03-19T19:01:20+00:00,3359,0,0,69.65
,37125,2026-03-19T19:01:20+00:00,3359,0,0,62.07
,37126,2026-03-19T19:01:20+00:00,3359,0,0,47.68
,37127,2026-03-19T19:01:20+00:00,3359,0,0,69.65
,37128,2026-03-19T19:01:20+00:00,3369,0,0,62.07
,37129,2026-03-19T19:01:20+00:00,3369,0,0,69.65
,37130,2026-03-19T19:01:20+00:00,3369,0,0,69.65
,37131,2026-03-19T19:01:20+00:00,3369,0,0,69.65
,37132,2026-03-19T19:01:20+00:00,3389,0,0,62.07
,37133,2026-03-19T19:01:20+00:00,3389,0,0,62.07
,37134,2026-03-19T19:01:20+00:00,3399,0,0,42.58
,37135,2026-03-19T19:01:20+00:00,3399,0,0,62.07
,37136,2026-03-19T19:01:20+00:00,3415,0,0,24.72
,37137,2026-03-19T19:01:20+00:00,3419,0,0,69.65
,37138,2026-03-19T19:01:20+00:00,3419,0,0,62.07
,37139,2026-03-19T19:01:20+00:00,3429,0,0,37.59
,37140,2026-03-19T19:01:20+00:00,3439,0,0,62.07
,37141,2026-03-19T19:01:20+00:00,3449,0,0,69.65
,37142,2026-03-19T19:01:20+00:00,3449,0,0,65
,37143,2026-03-19T19:01:20+00:00,3479,0,0,69.65
,37144,2026-03-19T19:01:20+00:00,3479,0,0,60.94
,37145,2026-03-19T19:01:20+00:00,3489,0,0,69.65
,37146,2026-03-19T19:01:20+00:00,3499,0,0,62.07
,37147,2026-03-19T19:01:20+00:00,3499,0,0,54.67
,37148,2026-03-19T19:01:20+00:00,3499,0,0,77.32
,37149,2026-03-19T19:01:20+00:00,3509,0,0,37.59
,37150,2026-03-19T19:01:20+00:00,3509,0,0,69.65
,37151,2026-03-19T19:01:20+00:00,3509,0,0,69.65
,37152,2026-03-19T19:01:20+00:00,3529,0,0,69.65
,37153,2026-03-19T19:01:20+00:00,3539,0,0,62.07
,37154,2026-03-19T19:01:20+00:00,3569,0,0,37.59
,37155,2026-03-19T19:01:20+00:00,3575,0,0,57.31
,37156,2026-03-19T19:01:20+00:00,3589,0,0,62.07
,37157,2026-03-19T19:01:20+00:00,3589,0,0,62.07
,37158,2026-03-19T19:01:20+00:00,3599,0,0,45.32
,37159,2026-03-19T19:01:20+00:00,3599,0,0,62.07
,37160,2026-03-19T19:01:20+00:00,3609,0,0,69.65
,37161,2026-03-19T19:01:20+00:00,3609,0,0,45.32
,37162,2026-03-19T19:01:20+00:00,3619,0,0,71.87
,37163,2026-03-19T19:01:20+00:00,3619,0,0,49.95
,37164,2026-03-19T19:01:20+00:00,3629,0,0,69.65
,37165,2026-03-19T19:01:20+00:00,3629,0,0,62.07
,37166,2026-03-19T19:01:20+00:00,3639,0,0,62.07
,37167,2026-03-19T19:01:20+00:00,3639,0,0,69.65
,37168,2026-03-19T19:01:20+00:00,3649,0,0,62.07
,37169,2026-03-19T19:01:20+00:00,3649,0,0,69.65
,37170,2026-03-19T19:01:20+00:00,3649,0,0,45.32
,37171,2026-03-19T19:01:20+00:00,3659,0,0,69.65
,37172,2026-03-19T19:01:20+00:00,3659,0,0,37.59
,37173,2026-03-19T19:01:20+00:00,3699,0,0,62.07
,37174,2026-03-19T19:01:20+00:00,3699,0,0,62.07
,37175,2026-03-19T19:01:20+00:00,3719,0,0,69.65
,37176,2026-03-19T19:01:20+00:00,3729,0,0,37.59
,37177,2026-03-19T19:01:20+00:00,3739,0,0,62.07
,37178,2026-03-19T19:01:20+00:00,3759,0,0,69.65
,37179,2026-03-19T19:01:20+00:00,3769,0,0,37.59
,37180,2026-03-19T19:01:20+00:00,3789,0,0,62.07
,37181,2026-03-19T19:01:20+00:00,3789,0,0,37.59
,37182,2026-03-19T19:01:20+00:00,3789,0,0,62.07
,37183,2026-03-19T19:01:20+00:00,3799,0,0,68.52
,37184,2026-03-19T19:01:20+00:00,3799,0,0,62.07
,37185,2026-03-19T19:01:20+00:00,3809,0,0,62.07
,37186,2026-03-19T19:01:20+00:00,3819,0,0,54.67
,37187,2026-03-19T19:01:20+00:00,3819,0,0,69.65
,37188,2026-03-19T19:01:20+00:00,3829,0,0,62.07
,37189,2026-03-19T19:01:20+00:00,3829,0,0,69.65
,37190,2026-03-19T19:01:20+00:00,3839,0,0,62.07
,37191,2026-03-19T19:01:20+00:00,3839,0,0,69.65
,37192,2026-03-19T19:01:20+00:00,3849,0,0,62.07
,37193,2026-03-19T19:01:20+00:00,3849,0,0,62.07
,37194,2026-03-19T19:01:20+00:00,3849,0,0,62.07
,37195,2026-03-19T19:01:20+00:00,3879,0,0,69.65
,37196,2026-03-19T19:01:20+00:00,3889,0,0,69.65
,37197,2026-03-19T19:01:20+00:00,3899,0,0,69.65
,37198,2026-03-19T19:01:20+00:00,3899,0,0,66.58
,37199,2026-03-19T19:01:20+00:00,3899,0,0,69.65
,37200,2026-03-19T19:01:20+00:00,3929,0,0,62.07
,37201,2026-03-19T19:01:20+00:00,3939,0,0,62.07
,37202,2026-03-19T19:01:20+00:00,3949,0,0,69.65
,37203,2026-03-19T19:01:20+00:00,3955,0,0,62.07
,37204,2026-03-19T19:01:20+00:00,3979,0,0,60.94
,37205,2026-03-19T19:01:20+00:00,3989,0,0,69.12
,37206,2026-03-19T19:01:20+00:00,3989,0,0,62.07
,37207,2026-03-19T19:01:20+00:00,3989,0,0,69.12
,37208,2026-03-19T19:01:20+00:00,3989,0,0,69.65
,37209,2026-03-19T19:01:20+00:00,3999,0,0,79.78
,37210,2026-03-19T19:01:20+00:00,3999,0,0,62.07
,37211,2026-03-19T19:01:20+00:00,3999,0,0,54.67
,37212,2026-03-19T19:01:20+00:00,4029,0,0,69.65
,37213,2026-03-19T19:01:20+00:00,4029,0,0,54.67
,37214,2026-03-19T19:01:20+00:00,4049,0,0,62.07
,37215,2026-03-19T19:01:20+00:00,4059,0,0,67.75
,37216,2026-03-19T19:01:20+00:00,4069,0,0,69.65
,37217,2026-03-19T19:01:20+00:00,4069,0,0,69.65
,37218,2026-03-19T19:01:20+00:00,4079,0,0,37.59
,37219,2026-03-19T19:01:20+00:00,4079,0,0,69.65
,37220,2026-03-19T19:01:20+00:00,4099,0,0,62.07
,37221,2026-03-19T19:01:20+00:00,4099,0,0,67.33
,37222,2026-03-19T19:01:20+00:00,4119,0,0,37.59
,37223,2026-03-19T19:01:20+00:00,4119,0,0,69.65
,37224,2026-03-19T19:01:20+00:00,4119,0,0,76.36
,37225,2026-03-19T19:01:20+00:00,4129,0,0,62.07
,37226,2026-03-19T19:01:20+00:00,4139,0,0,62.07
,37227,2026-03-19T19:01:20+00:00,4149,0,0,62.07
,37228,2026-03-19T19:01:20+00:00,4179,0,0,62.07
,37229,2026-03-19T19:01:20+00:00,4199,0,0,52.49
,37230,2026-03-19T19:01:20+00:00,4239,0,0,69.65
,37231,2026-03-19T19:01:20+00:00,4239,0,0,62.07
,37232,2026-03-19T19:01:20+00:00,4239,0,0,79.2
,37233,2026-03-19T19:01:20+00:00,4239,0,0,62.07
,37234,2026-03-19T19:01:20+00:00,4239,0,0,69.65
,37235,2026-03-19T19:01:20+00:00,4249,0,0,69.65
,37236,2026-03-19T19:01:20+00:00,4249,0,0,69.65
,37237,2026-03-19T19:01:20+00:00,4259,0,0,62.07
,37238,2026-03-19T19:01:20+00:00,4259,0,0,62.07
,37239,2026-03-19T19:01:20+00:00,4259,0,0,69.65
,37240,2026-03-19T19:01:20+00:00,4269,0,0,69.65
,37241,2026-03-19T19:01:20+00:00,4289,0,0,69.65
,37242,2026-03-19T19:01:20+00:00,4299,0,0,62.07
,37243,2026-03-19T19:01:20+00:00,4299,0,0,68.17
,37244,2026-03-19T19:01:20+00:00,4299,0,0,50.54
,37441,2026-03-19T19:01:20+00:00,1349,0,0,62.07
,37245,2026-03-19T19:01:20+00:00,4299,0,0,74.26
,37246,2026-03-19T19:01:20+00:00,4309,0,0,69.65
,37247,2026-03-19T19:01:20+00:00,4319,0,0,69.65
,37248,2026-03-19T19:01:20+00:00,4319,0,0,62.07
,37249,2026-03-19T19:01:20+00:00,4329,0,0,69.65
,37250,2026-03-19T19:01:20+00:00,4339,0,0,45.32
,37251,2026-03-19T19:01:20+00:00,4359,0,0,67.59
,37252,2026-03-19T19:01:20+00:00,4399,0,0,66.43
,37253,2026-03-19T19:01:20+00:00,4399,0,0,74.75
,37254,2026-03-19T19:01:20+00:00,4419,0,0,76.36
,37255,2026-03-19T19:01:20+00:00,4419,0,0,37.59
,37256,2026-03-19T19:01:20+00:00,4419,0,0,37.59
,37257,2026-03-19T19:01:20+00:00,4449,0,0,69.65
,37258,2026-03-19T19:01:20+00:00,4469,0,0,62.07
,37259,2026-03-19T19:01:20+00:00,4469,0,0,69.65
,37260,2026-03-19T19:01:20+00:00,4479,0,0,69.65
,37261,2026-03-19T19:01:20+00:00,4499,0,0,69.65
,37262,2026-03-19T19:01:20+00:00,4499,0,0,45.32
,37263,2026-03-19T19:01:20+00:00,4509,0,0,67.51
,37264,2026-03-19T19:01:20+00:00,4519,0,0,62.07
,37265,2026-03-19T19:01:20+00:00,4539,0,0,62.07
,37266,2026-03-19T19:01:20+00:00,4539,0,0,73.62
,37267,2026-03-19T19:01:20+00:00,4569,0,0,37.59
,37268,2026-03-19T19:01:20+00:00,4579,0,0,62.07
,37269,2026-03-19T19:01:20+00:00,4589,0,0,62.07
,37270,2026-03-19T19:01:20+00:00,4629,0,0,62.07
,37271,2026-03-19T19:01:20+00:00,4649,0,0,62.07
,37272,2026-03-19T19:01:20+00:00,4649,0,0,62.07
,37273,2026-03-19T19:01:20+00:00,4649,0,0,72.78
,37274,2026-03-19T19:01:20+00:00,4669,0,0,62.07
,37275,2026-03-19T19:01:20+00:00,4679,0,0,62.07
,37276,2026-03-19T19:01:20+00:00,4679,0,0,69.65
,37277,2026-03-19T19:01:20+00:00,4699,0,0,62.07
,37278,2026-03-19T19:01:20+00:00,4699,0,0,62.07
,37279,2026-03-19T19:01:20+00:00,4699,0,0,76.36
,37280,2026-03-19T19:01:20+00:00,4719,0,0,69.65
,37281,2026-03-19T19:01:20+00:00,4719,0,0,62.07
,37282,2026-03-19T19:01:20+00:00,4749,0,0,73.3
,37283,2026-03-19T19:01:20+00:00,4759,0,0,62.07
,37284,2026-03-19T19:01:20+00:00,4759,0,0,37.59
,37285,2026-03-19T19:01:20+00:00,4759,0,0,69.65
,37286,2026-03-19T19:01:20+00:00,4769,0,0,54.67
,37287,2026-03-19T19:01:20+00:00,4769,0,0,62.07
,37288,2026-03-19T19:01:20+00:00,4769,0,0,62.07
,37289,2026-03-19T19:01:20+00:00,4795,0,0,37.59
,37290,2026-03-19T19:01:20+00:00,4859,0,0,37.59
,37291,2026-03-19T19:01:20+00:00,4879,0,0,75.96
,37292,2026-03-19T19:01:20+00:00,4879,0,0,74.9
,37293,2026-03-19T19:01:20+00:00,4879,0,0,69.65
,37294,2026-03-19T19:01:20+00:00,4889,0,0,60.94
,37295,2026-03-19T19:01:20+00:00,4899,0,0,37.59
,37296,2026-03-19T19:01:20+00:00,4899,0,0,66.31
,37297,2026-03-19T19:01:20+00:00,4949,0,0,62.07
,37298,2026-03-19T19:01:20+00:00,4959,0,0,60.94
,37299,2026-03-19T19:01:20+00:00,4995,0,0,62.07
,37300,2026-03-19T19:01:20+00:00,4999,0,0,62.07
,37301,2026-03-19T19:01:20+00:00,4999,0,0,69.65
,37302,2026-03-19T19:01:20+00:00,5039,0,0,69.65
,37303,2026-03-19T19:01:20+00:00,5069,0,0,62.07
,37304,2026-03-19T19:01:20+00:00,5079,0,0,60.94
,37305,2026-03-19T19:01:20+00:00,5119,0,0,69.65
,37306,2026-03-19T19:01:20+00:00,5169,0,0,69.65
,37307,2026-03-19T19:01:20+00:00,5179,0,0,62.07
,37308,2026-03-19T19:01:20+00:00,5199,0,0,54.67
,37309,2026-03-19T19:01:20+00:00,5199,0,0,62.07
,37310,2026-03-19T19:01:20+00:00,5199,0,0,54.67
,37311,2026-03-19T19:01:20+00:00,5269,0,0,69.65
,37312,2026-03-19T19:01:20+00:00,5289,0,0,60.94
,37313,2026-03-19T19:01:20+00:00,5299,0,0,37.59
,37314,2026-03-19T19:01:20+00:00,5299,0,0,62.07
,37315,2026-03-19T19:01:20+00:00,5299,0,0,62.07
,37316,2026-03-19T19:01:20+00:00,5309,0,0,60.94
,37317,2026-03-19T19:01:20+00:00,5359,0,0,62.07
,37318,2026-03-19T19:01:20+00:00,5399,0,0,62.07
,37319,2026-03-19T19:01:20+00:00,5449,0,0,66.91
,37320,2026-03-19T19:01:20+00:00,5499,0,0,62.07
,37321,2026-03-19T19:01:20+00:00,5499,0,0,45.32
,37322,2026-03-19T19:01:20+00:00,5569,0,0,62.07
,37323,2026-03-19T19:01:20+00:00,5599,0,0,54
,37324,2026-03-19T19:01:20+00:00,5629,0,0,69.65
,37325,2026-03-19T19:01:20+00:00,5659,0,0,62.07
,37326,2026-03-19T19:01:20+00:00,5659,0,0,62.07
,37327,2026-03-19T19:01:20+00:00,5659,0,0,62.07
,37328,2026-03-19T19:01:20+00:00,5659,0,0,62.07
,37329,2026-03-19T19:01:20+00:00,5699,0,0,69.65
,37330,2026-03-19T19:01:20+00:00,5699,0,0,69.65
,37331,2026-03-19T19:01:20+00:00,5699,0,0,62.07
,37332,2026-03-19T19:01:20+00:00,5769,0,0,69.65
,37333,2026-03-19T19:01:20+00:00,5799,0,0,76.36
,37334,2026-03-19T19:01:20+00:00,5999,0,0,62.07
,37335,2026-03-19T19:01:20+00:00,6059,0,0,69.65
,37336,2026-03-19T19:01:20+00:00,6089,0,0,62.07
,37337,2026-03-19T19:01:20+00:00,6099,0,0,62.07
,37338,2026-03-19T19:01:20+00:00,6169,0,0,62.07
,37339,2026-03-19T19:01:20+00:00,6199,0,0,62.07
,37340,2026-03-19T19:01:20+00:00,6199,0,0,69.65
,37341,2026-03-19T19:01:20+00:00,6199,0,0,62.07
,37342,2026-03-19T19:01:20+00:00,6239,0,0,62.07
,37343,2026-03-19T19:01:20+00:00,6359,0,0,37.59
,37344,2026-03-19T19:01:20+00:00,6549,0,0,45.32
,37345,2026-03-19T19:01:20+00:00,6569,0,0,69.65
,37346,2026-03-19T19:01:20+00:00,6589,0,0,62.07
,37347,2026-03-19T19:01:20+00:00,6689,0,0,62.07
,37348,2026-03-19T19:01:20+00:00,6699,0,0,62.07
,37349,2026-03-19T19:01:20+00:00,6699,0,0,62.07
,37350,2026-03-19T19:01:20+00:00,6749,0,0,62.07
,37351,2026-03-19T19:01:20+00:00,6759,0,0,69.65
,37352,2026-03-19T19:01:20+00:00,6799,0,0,37.59
,37353,2026-03-19T19:01:20+00:00,6799,0,0,62.07
,37354,2026-03-19T19:01:20+00:00,6999,0,0,37.59
,37355,2026-03-19T19:01:20+00:00,7009,0,0,62.07
,37356,2026-03-19T19:01:20+00:00,7059,0,0,69.65
,37357,2026-03-19T19:01:20+00:00,7059,0,0,69.65
,37358,2026-03-19T19:01:20+00:00,7079,0,0,62.07
,37359,2026-03-19T19:01:20+00:00,7179,0,0,62.07
,37360,2026-03-19T19:01:20+00:00,7199,0,0,62.07
,37361,2026-03-19T19:01:20+00:00,7199,0,0,62.07
,37362,2026-03-19T19:01:20+00:00,7199,0,0,41.9
,37363,2026-03-19T19:01:20+00:00,7219,0,0,37.59
,37364,2026-03-19T19:01:20+00:00,7399,0,0,37.59
,37365,2026-03-19T19:01:20+00:00,7399,0,0,62.07
,37366,2026-03-19T19:01:20+00:00,7479,0,0,69.65
,37367,2026-03-19T19:01:20+00:00,7499,0,0,52.49
,37368,2026-03-19T19:01:20+00:00,7499,0,0,62.07
,37369,2026-03-19T19:01:20+00:00,7639,0,0,62.07
,37370,2026-03-19T19:01:20+00:00,7659,0,0,37.59
,38855,2026-03-19T19:01:20+00:00,12,0,0,71.87
,37371,2026-03-19T19:01:20+00:00,7829,0,0,37.59
,37372,2026-03-19T19:01:20+00:00,7829,0,0,69.65
,37373,2026-03-19T19:01:20+00:00,7869,0,0,69.65
,37374,2026-03-19T19:01:20+00:00,7869,0,0,69.65
,37375,2026-03-19T19:01:20+00:00,7889,0,0,76.36
,37376,2026-03-19T19:01:20+00:00,7899,0,0,37.59
,37377,2026-03-19T19:01:20+00:00,8099,0,0,62.07
,37378,2026-03-19T19:01:20+00:00,8199,0,0,24.72
,37379,2026-03-19T19:01:20+00:00,8249,0,0,69.65
,37380,2026-03-19T19:01:20+00:00,8315,0,0,62.07
,37381,2026-03-19T19:01:20+00:00,8399,0,1,37.59
,37382,2026-03-19T19:01:20+00:00,8589,0,0,69.65
,37383,2026-03-19T19:01:20+00:00,8669,0,0,62.07
,37384,2026-03-19T19:01:20+00:00,8669,0,0,62.07
,37385,2026-03-19T19:01:20+00:00,8685,0,0,69.65
,37386,2026-03-19T19:01:20+00:00,8685,0,0,69.65
,37387,2026-03-19T19:01:20+00:00,8705,0,0,62.07
,37388,2026-03-19T19:01:20+00:00,8999,0,0,69.65
,37389,2026-03-19T19:01:20+00:00,8999,0,0,62.07
,37390,2026-03-19T19:01:20+00:00,10069,0,0,69.65
,37391,2026-03-19T19:01:20+00:00,10069,0,0,69.65
,37392,2026-03-19T19:01:20+00:00,11339,0,0,62.07
,37393,2026-03-19T19:01:20+00:00,12359,0,0,62.07
,37394,2026-03-19T19:01:20+00:00,13249,0,0,62.07
,37395,2026-03-19T19:01:20+00:00,13809,0,0,37.59
,37396,2026-03-19T19:01:20+00:00,14619,0,0,37.59
,37397,2026-03-19T19:01:20+00:00,14799,0,0,62.07
,37398,2026-03-19T19:01:20+00:00,16499,0,0,62.07
,37399,2026-03-19T19:01:20+00:00,17599,0,0,62.07
,37400,2026-03-19T19:01:20+00:00,489,0,0,45.32
,37401,2026-03-19T19:01:20+00:00,569,0,0,62.07
,37402,2026-03-19T19:01:20+00:00,679,0,0,62.07
,37405,2026-03-19T19:01:20+00:00,759,0,0,62.07
,37406,2026-03-19T19:01:20+00:00,799,0,0,62.07
,37407,2026-03-19T19:01:20+00:00,829,0,0,45.32
,37408,2026-03-19T19:01:20+00:00,889,0,0,45.32
,37409,2026-03-19T19:01:20+00:00,899,0,0,62.07
,37410,2026-03-19T19:01:20+00:00,919,0,0,62.07
,37411,2026-03-19T19:01:20+00:00,919,0,0,45.32
,37412,2026-03-19T19:01:20+00:00,925,0,0,72.6
,37413,2026-03-19T19:01:20+00:00,959,0,0,45.32
,37414,2026-03-19T19:01:20+00:00,999,0,0,62.07
,37415,2026-03-19T19:01:20+00:00,999,0,0,62.07
,37416,2026-03-19T19:01:20+00:00,1059,0,0,62.07
,37417,2026-03-19T19:01:20+00:00,1079,0,0,62.07
,37418,2026-03-19T19:01:20+00:00,1099,0,0,62.07
,37419,2026-03-19T19:01:20+00:00,1119,0,0,37.59
,37420,2026-03-19T19:01:20+00:00,1119,0,0,62.07
,37421,2026-03-19T19:01:20+00:00,1119,0,0,62.07
,37422,2026-03-19T19:01:20+00:00,1179,0,0,62.07
,37423,2026-03-19T19:01:20+00:00,1199,0,0,62.07
,37424,2026-03-19T19:01:20+00:00,1199,0,0,62.07
,37425,2026-03-19T19:01:20+00:00,1229,0,0,52.49
,37426,2026-03-19T19:01:20+00:00,1229,0,0,37.59
,37427,2026-03-19T19:01:20+00:00,1249,0,0,62.07
,37428,2026-03-19T19:01:20+00:00,1279,0,0,37.59
,37429,2026-03-19T19:01:20+00:00,1279,0,0,24.72
,37430,2026-03-19T19:01:20+00:00,1279,0,0,32.96
,37431,2026-03-19T19:01:20+00:00,1289,0,0,37.59
,37432,2026-03-19T19:01:20+00:00,1295,0,0,62.07
,37433,2026-03-19T19:01:20+00:00,1299,0,0,45.32
,37434,2026-03-19T19:01:20+00:00,1299,0,0,62.07
,37435,2026-03-19T19:01:20+00:00,1319,0,0,52.49
,37436,2026-03-19T19:01:20+00:00,1319,0,0,37.59
,37437,2026-03-19T19:01:20+00:00,1329,0,0,54.67
,37438,2026-03-19T19:01:20+00:00,1339,0,0,37.59
,37439,2026-03-19T19:01:20+00:00,1339,0,0,62.07
,37440,2026-03-19T19:01:20+00:00,1339,0,0,62.07
,37442,2026-03-19T19:01:20+00:00,1359,0,0,37.59
,37443,2026-03-19T19:01:20+00:00,1389,0,0,62.07
,37444,2026-03-19T19:01:20+00:00,1399,0,0,37.59
,37445,2026-03-19T19:01:20+00:00,1415,0,0,62.07
,37446,2026-03-19T19:01:20+00:00,1419,0,0,52.49
,37447,2026-03-19T19:01:20+00:00,1429,0,0,37.59
,37448,2026-03-19T19:01:20+00:00,1429,0,0,37.59
,37449,2026-03-19T19:01:20+00:00,1439,0,0,57.31
,37450,2026-03-19T19:01:20+00:00,1439,0,0,37.59
,37451,2026-03-19T19:01:20+00:00,1449,0,0,62.07
,37452,2026-03-19T19:01:20+00:00,1459,0,0,32.96
,37453,2026-03-19T19:01:20+00:00,1465,0,0,62.07
,37454,2026-03-19T19:01:20+00:00,1469,0,0,37.59
,37455,2026-03-19T19:01:20+00:00,1479,0,0,37.59
,37456,2026-03-19T19:01:20+00:00,1489,0,0,37.59
,37457,2026-03-19T19:01:20+00:00,1489,0,0,37.59
,37458,2026-03-19T19:01:20+00:00,1489,0,0,57.31
,37459,2026-03-19T19:01:20+00:00,1519,0,0,37.59
,37460,2026-03-19T19:01:20+00:00,1529,0,0,37.59
,37461,2026-03-19T19:01:20+00:00,1529,0,0,69.65
,37462,2026-03-19T19:01:20+00:00,1529,0,0,62.07
,37463,2026-03-19T19:01:20+00:00,1539,0,0,37.59
,37464,2026-03-19T19:01:20+00:00,1539,0,0,32.96
,37465,2026-03-19T19:01:20+00:00,1539,0,0,62.07
,37466,2026-03-19T19:01:20+00:00,1539,0,0,62.07
,37467,2026-03-19T19:01:20+00:00,1559,0,0,37.59
,37468,2026-03-19T19:01:20+00:00,1579,0,0,37.59
,37469,2026-03-19T19:01:20+00:00,1579,0,0,37.59
,37470,2026-03-19T19:01:20+00:00,1589,0,0,24.72
,37471,2026-03-19T19:01:20+00:00,1589,0,0,62.07
,37472,2026-03-19T19:01:20+00:00,1599,0,0,37.59
,37473,2026-03-19T19:01:20+00:00,1629,0,0,62.07
,37474,2026-03-19T19:01:20+00:00,1635,0,0,37.59
,37475,2026-03-19T19:01:20+00:00,1639,0,0,37.59
,37476,2026-03-19T19:01:20+00:00,1639,0,0,62.07
,37477,2026-03-19T19:01:20+00:00,1679,0,0,62.07
,37478,2026-03-19T19:01:20+00:00,1679,0,0,37.59
,37479,2026-03-19T19:01:20+00:00,1679,0,0,62.07
,37480,2026-03-19T19:01:20+00:00,1689,0,0,37.59
,37481,2026-03-19T19:01:20+00:00,1699,0,0,52.49
,37482,2026-03-19T19:01:20+00:00,1705,0,0,32.96
,37483,2026-03-19T19:01:20+00:00,1709,0,0,71.87
,37484,2026-03-19T19:01:20+00:00,1719,0,0,62.07
,37485,2026-03-19T19:01:20+00:00,1729,0,0,62.07
,37486,2026-03-19T19:01:20+00:00,1729,0,0,62.07
,37487,2026-03-19T19:01:20+00:00,1729,0,0,37.59
,37488,2026-03-19T19:01:20+00:00,1729,0,0,37.59
,37489,2026-03-19T19:01:20+00:00,1759,0,0,71.87
,37490,2026-03-19T19:01:20+00:00,1789,0,0,37.59
,37491,2026-03-19T19:01:20+00:00,1789,0,0,37.59
,37492,2026-03-19T19:01:20+00:00,1795,0,0,37.59
,37493,2026-03-19T19:01:20+00:00,1815,0,0,71.87
,37494,2026-03-19T19:01:20+00:00,1819,0,0,37.59
,37495,2026-03-19T19:01:20+00:00,1829,0,0,62.07
,37496,2026-03-19T19:01:20+00:00,1849,0,0,37.59
,37497,2026-03-19T19:01:20+00:00,1855,0,0,62.07
,37498,2026-03-19T19:01:20+00:00,1865,0,0,42.51
,37499,2026-03-19T19:01:20+00:00,1899,0,0,37.59
,37500,2026-03-19T19:01:20+00:00,1899,0,0,62.07
,37501,2026-03-19T19:01:20+00:00,1905,0,0,62.07
,37502,2026-03-19T19:01:20+00:00,1909,0,0,62.07
,37503,2026-03-19T19:01:20+00:00,1929,0,0,37.59
,37504,2026-03-19T19:01:20+00:00,1929,0,0,32.96
,37505,2026-03-19T19:01:20+00:00,1929,0,0,37.59
,37506,2026-03-19T19:01:20+00:00,1929,0,0,37.59
,37507,2026-03-19T19:01:20+00:00,1929,0,0,45.32
,37508,2026-03-19T19:01:20+00:00,1935,0,0,72.6
,37509,2026-03-19T19:01:20+00:00,1939,0,0,45.32
,37510,2026-03-19T19:01:20+00:00,1949,0,0,62.07
,37511,2026-03-19T19:01:20+00:00,1959,0,0,62.07
,37512,2026-03-19T19:01:20+00:00,1969,0,0,69.65
,37513,2026-03-19T19:01:20+00:00,1979,0,0,37.59
,37514,2026-03-19T19:01:20+00:00,1979,0,0,37.59
,37515,2026-03-19T19:01:20+00:00,1979,0,0,37.59
,37516,2026-03-19T19:01:20+00:00,1989,0,0,24.72
,37517,2026-03-19T19:01:20+00:00,2009,0,0,37.59
,37518,2026-03-19T19:01:20+00:00,2019,0,0,37.59
,37519,2026-03-19T19:01:20+00:00,2029,0,0,69.65
,37520,2026-03-19T19:01:20+00:00,2039,0,0,62.07
,37521,2026-03-19T19:01:20+00:00,2039,0,0,62.07
,37522,2026-03-19T19:01:20+00:00,2039,0,0,37.59
,37523,2026-03-19T19:01:20+00:00,2069,0,0,54.67
,37524,2026-03-19T19:01:20+00:00,2069,0,0,62.07
,37525,2026-03-19T19:01:20+00:00,2089,0,0,62.07
,37526,2026-03-19T19:01:20+00:00,2089,0,0,32.96
,37527,2026-03-19T19:01:20+00:00,2099,0,0,37.59
,37528,2026-03-19T19:01:20+00:00,2105,0,0,32.96
,37529,2026-03-19T19:01:20+00:00,2119,0,0,62.07
,37530,2026-03-19T19:01:20+00:00,2119,0,0,37.59
,37531,2026-03-19T19:01:20+00:00,2129,0,0,37.59
,37532,2026-03-19T19:01:20+00:00,2139,0,0,62.07
,37533,2026-03-19T19:01:20+00:00,2139,0,0,37.59
,37534,2026-03-19T19:01:20+00:00,2149,0,0,62.07
,37535,2026-03-19T19:01:20+00:00,2149,0,0,72.6
,37536,2026-03-19T19:01:20+00:00,2149,0,0,37.59
,37537,2026-03-19T19:01:20+00:00,2189,0,0,37.59
,37538,2026-03-19T19:01:20+00:00,2199,0,0,62.07
,37539,2026-03-19T19:01:20+00:00,2219,0,0,32.96
,37540,2026-03-19T19:01:20+00:00,2229,0,0,62.07
,37541,2026-03-19T19:01:20+00:00,2269,0,0,69.65
,37542,2026-03-19T19:01:20+00:00,2269,0,0,69.65
,37543,2026-03-19T19:01:20+00:00,2279,0,0,37.59
,37544,2026-03-19T19:01:20+00:00,2289,0,0,37.59
,37545,2026-03-19T19:01:20+00:00,2299,0,0,54.67
,37546,2026-03-19T19:01:20+00:00,2309,0,0,62.07
,37547,2026-03-19T19:01:20+00:00,2339,0,0,62.07
,37548,2026-03-19T19:01:20+00:00,2369,0,0,37.59
,37549,2026-03-19T19:01:20+00:00,2389,0,0,42.08
,37550,2026-03-19T19:01:20+00:00,2389,0,0,32.96
,37551,2026-03-19T19:01:20+00:00,2399,0,0,37.59
,37552,2026-03-19T19:01:20+00:00,2399,0,0,37.59
,37553,2026-03-19T19:01:20+00:00,2415,0,0,66.93
,37554,2026-03-19T19:01:20+00:00,2419,0,0,72.6
,37555,2026-03-19T19:01:20+00:00,2429,0,0,62.07
,37556,2026-03-19T19:01:20+00:00,2429,0,0,37.59
,37557,2026-03-19T19:01:20+00:00,2449,0,0,62.07
,37558,2026-03-19T19:01:20+00:00,2455,0,0,62.07
,37559,2026-03-19T19:01:20+00:00,2469,0,0,76.36
,37560,2026-03-19T19:01:20+00:00,2479,0,0,37.59
,37561,2026-03-19T19:01:20+00:00,2479,0,0,37.59
,37562,2026-03-19T19:01:20+00:00,2499,0,0,62.07
,37563,2026-03-19T19:01:20+00:00,2505,0,0,62.07
,37564,2026-03-19T19:01:20+00:00,2529,0,0,37.59
,37565,2026-03-19T19:01:20+00:00,2529,0,0,37.59
,37566,2026-03-19T19:01:20+00:00,2539,0,0,37.59
,37567,2026-03-19T19:01:20+00:00,2559,0,0,62.07
,37568,2026-03-19T19:01:20+00:00,2569,0,0,37.59
,37569,2026-03-19T19:01:20+00:00,2579,0,0,69.65
,37570,2026-03-19T19:01:20+00:00,2589,0,0,45.32
,37571,2026-03-19T19:01:20+00:00,2589,0,0,37.59
,37572,2026-03-19T19:01:20+00:00,2589,0,0,37.59
,37573,2026-03-19T19:01:20+00:00,2599,0,0,62.07
,42978,2026-03-19T19:01:20+00:00,6,0,0,75.73
,37574,2026-03-19T19:01:20+00:00,2599,0,0,69.65
,37575,2026-03-19T19:01:20+00:00,2619,0,0,69.65
,37576,2026-03-19T19:01:20+00:00,2639,0,0,62.07
,37577,2026-03-19T19:01:20+00:00,2649,0,0,37.59
,37578,2026-03-19T19:01:20+00:00,2669,0,0,62.07
,37579,2026-03-19T19:01:20+00:00,2689,0,0,37.59
,37580,2026-03-19T19:01:20+00:00,2699,0,0,37.59
,37581,2026-03-19T19:01:20+00:00,2739,0,0,37.59
,37582,2026-03-19T19:01:20+00:00,2769,0,0,62.07
,37583,2026-03-19T19:01:20+00:00,2769,0,0,62.07
,37584,2026-03-19T19:01:20+00:00,2769,0,0,69.65
,37585,2026-03-19T19:01:20+00:00,2779,0,0,37.59
,37586,2026-03-19T19:01:20+00:00,2789,0,0,45.32
,37587,2026-03-19T19:01:20+00:00,2799,0,0,62.07
,37588,2026-03-19T19:01:20+00:00,2829,0,0,62.07
,37589,2026-03-19T19:01:20+00:00,2839,0,0,37.59
,37590,2026-03-19T19:01:20+00:00,2849,0,0,37.59
,37591,2026-03-19T19:01:20+00:00,2929,0,0,62.07
,37592,2026-03-19T19:01:20+00:00,2949,0,0,69.65
,37593,2026-03-19T19:01:20+00:00,2949,0,0,37.59
,37594,2026-03-19T19:01:20+00:00,2979,0,0,62.07
,37595,2026-03-19T19:01:20+00:00,2999,0,0,62.07
,37596,2026-03-19T19:01:20+00:00,2999,0,0,62.07
,37597,2026-03-19T19:01:20+00:00,3029,0,0,62.07
,37598,2026-03-19T19:01:20+00:00,3059,0,0,62.07
,37599,2026-03-19T19:01:20+00:00,3069,0,0,62.07
,37600,2026-03-19T19:01:20+00:00,3079,0,0,37.59
,37601,2026-03-19T19:01:20+00:00,3099,0,0,66.51
,37602,2026-03-19T19:01:20+00:00,3169,0,0,62.07
,37603,2026-03-19T19:01:20+00:00,3219,0,0,62.07
,37604,2026-03-19T19:01:20+00:00,3229,0,0,62.07
,37605,2026-03-19T19:01:20+00:00,3289,0,0,62.07
,37606,2026-03-19T19:01:20+00:00,3299,0,0,62.07
,37641,2026-03-19T19:01:20+00:00,899,0,0,69.65
,37607,2026-03-19T19:01:20+00:00,3299,0,0,62.07
,37608,2026-03-19T19:01:20+00:00,3319,0,0,69.65
,37609,2026-03-19T19:01:20+00:00,3399,0,0,62.07
,37610,2026-03-19T19:01:20+00:00,3449,0,0,62.07
,37611,2026-03-19T19:01:20+00:00,3479,0,0,45.32
,37612,2026-03-19T19:01:20+00:00,3509,0,0,62.07
,37613,2026-03-19T19:01:20+00:00,3529,0,0,62.07
,37614,2026-03-19T19:01:20+00:00,3579,0,0,62.07
,37615,2026-03-19T19:01:20+00:00,3609,0,0,62.07
,37616,2026-03-19T19:01:20+00:00,3669,0,0,62.07
,37617,2026-03-19T19:01:20+00:00,3705,0,0,62.07
,37618,2026-03-19T19:01:20+00:00,3729,0,0,62.07
,37619,2026-03-19T19:01:20+00:00,3809,0,0,62.07
,37620,2026-03-19T19:01:20+00:00,3839,0,0,62.07
,37621,2026-03-19T19:01:20+00:00,3849,0,0,62.07
,37622,2026-03-19T19:01:20+00:00,3929,0,0,62.07
,37623,2026-03-19T19:01:20+00:00,4059,0,0,45.32
,37624,2026-03-19T19:01:20+00:00,4159,0,0,62.07
,37625,2026-03-19T19:01:20+00:00,4159,0,0,62.07
,37626,2026-03-19T19:01:20+00:00,4199,0,0,62.07
,37627,2026-03-19T19:01:20+00:00,4609,0,0,62.07
,37628,2026-03-19T19:01:20+00:00,5159,0,0,62.07
,37629,2026-03-19T19:01:20+00:00,5299,0,0,62.07
,37630,2026-03-19T19:01:20+00:00,5299,0,0,62.07
,37631,2026-03-19T19:01:20+00:00,6169,0,0,62.07
,37632,2026-03-19T19:01:20+00:00,6239,0,0,37.59
,37633,2026-03-19T19:01:20+00:00,6999,0,0,62.07
,37634,2026-03-19T19:01:20+00:00,6999,0,0,62.07
,37635,2026-03-19T19:01:20+00:00,7329,0,0,62.07
,37636,2026-03-19T19:01:20+00:00,7419,0,0,37.59
,37637,2026-03-19T19:01:20+00:00,7999,0,0,62.07
,37638,2026-03-19T19:01:20+00:00,9399,0,0,62.07
,37639,2026-03-19T19:01:20+00:00,9619,0,0,62.07
,37640,2026-03-19T19:01:20+00:00,859,0,0,69.65
,37642,2026-03-19T19:01:20+00:00,1049,0,0,69.65
,37643,2026-03-19T19:01:20+00:00,1099,0,0,47.68
,37644,2026-03-19T19:01:20+00:00,1149,0,0,62.07
,37645,2026-03-19T19:01:20+00:00,1219,0,0,62.07
,37646,2026-03-19T19:01:20+00:00,1239,0,0,62.07
,37647,2026-03-19T19:01:20+00:00,1299,0,0,69.65
,37648,2026-03-19T19:01:20+00:00,1299,0,0,69.65
,37649,2026-03-19T19:01:20+00:00,1299,0,0,47.68
,37650,2026-03-19T19:01:20+00:00,1319,0,0,69.65
,37651,2026-03-19T19:01:20+00:00,1359,0,0,62.07
,37652,2026-03-19T19:01:20+00:00,1379,0,0,69.65
,37653,2026-03-19T19:01:20+00:00,1379,0,0,47.68
,37654,2026-03-19T19:01:20+00:00,1389,0,0,69.65
,37655,2026-03-19T19:01:20+00:00,1399,0,0,69.65
,37656,2026-03-19T19:01:20+00:00,1449,0,0,62.07
,37657,2026-03-19T19:01:20+00:00,1449,0,0,47.68
,37658,2026-03-19T19:01:20+00:00,1469,0,0,62.07
,37659,2026-03-19T19:01:20+00:00,1499,0,1,37.59
,37660,2026-03-19T19:01:20+00:00,1499,0,0,62.07
,37661,2026-03-19T19:01:20+00:00,1519,0,0,69.65
,37662,2026-03-19T19:01:20+00:00,1529,0,0,62.07
,37663,2026-03-19T19:01:20+00:00,1539,0,0,62.07
,37664,2026-03-19T19:01:20+00:00,1539,0,0,62.07
,37665,2026-03-19T19:01:20+00:00,1549,0,0,47.68
,37666,2026-03-19T19:01:20+00:00,1569,0,0,47.68
,37667,2026-03-19T19:01:20+00:00,1579,0,0,62.07
,37668,2026-03-19T19:01:20+00:00,1589,0,0,47.68
,37669,2026-03-19T19:01:20+00:00,1629,0,0,69.65
,37670,2026-03-19T19:01:20+00:00,1629,0,0,62.07
,37671,2026-03-19T19:01:20+00:00,1639,0,0,62.07
,37672,2026-03-19T19:01:20+00:00,1639,0,0,62.07
,37673,2026-03-19T19:01:20+00:00,1649,0,0,62.07
,37674,2026-03-19T19:01:20+00:00,1659,0,0,47.68
,37675,2026-03-19T19:01:20+00:00,1669,0,0,62.07
,37676,2026-03-19T19:01:20+00:00,1669,0,0,69.65
,37677,2026-03-19T19:01:20+00:00,1699,0,0,69.65
,37678,2026-03-19T19:01:20+00:00,1699,0,0,37.59
,37679,2026-03-19T19:01:20+00:00,1699,0,0,62.07
,37680,2026-03-19T19:01:20+00:00,1729,0,0,62.07
,37681,2026-03-19T19:01:20+00:00,1729,0,0,69.65
,37682,2026-03-19T19:01:20+00:00,1749,0,0,37.59
,37683,2026-03-19T19:01:20+00:00,1749,0,0,62.07
,37684,2026-03-19T19:01:20+00:00,1759,0,0,62.07
,37685,2026-03-19T19:01:20+00:00,1759,0,0,62.07
,37686,2026-03-19T19:01:20+00:00,1769,0,0,69.65
,37687,2026-03-19T19:01:20+00:00,1779,0,0,62.07
,37688,2026-03-19T19:01:20+00:00,1799,0,0,62.07
,37689,2026-03-19T19:01:20+00:00,1799,0,0,62.07
,37690,2026-03-19T19:01:20+00:00,1819,0,0,62.07
,37691,2026-03-19T19:01:20+00:00,1819,0,0,62.07
,37692,2026-03-19T19:01:20+00:00,1829,0,0,62.07
,37693,2026-03-19T19:01:20+00:00,1839,0,0,62.07
,37694,2026-03-19T19:01:20+00:00,1849,0,0,62.07
,37695,2026-03-19T19:01:20+00:00,1849,0,0,37.59
,37696,2026-03-19T19:01:20+00:00,1859,0,0,62.07
,37697,2026-03-19T19:01:20+00:00,1869,0,0,69.65
,37698,2026-03-19T19:01:20+00:00,1869,0,0,62.07
,37699,2026-03-19T19:01:20+00:00,1869,0,0,62.07
,37700,2026-03-19T19:01:20+00:00,1889,0,0,62.07
,37701,2026-03-19T19:01:20+00:00,1889,0,0,62.07
,37702,2026-03-19T19:01:20+00:00,1889,0,0,62.07
,37703,2026-03-19T19:01:20+00:00,1899,0,0,62.07
,37704,2026-03-19T19:01:20+00:00,1899,0,0,62.07
,37705,2026-03-19T19:01:20+00:00,1899,0,0,69.65
,37706,2026-03-19T19:01:20+00:00,1929,0,0,62.07
,37707,2026-03-19T19:01:20+00:00,1929,0,0,62.07
,37708,2026-03-19T19:01:20+00:00,1949,0,0,62.07
,37709,2026-03-19T19:01:20+00:00,1949,0,0,62.07
,37710,2026-03-19T19:01:20+00:00,1959,0,0,62.07
,37711,2026-03-19T19:01:20+00:00,1959,0,0,62.07
,37712,2026-03-19T19:01:20+00:00,1969,0,0,62.07
,37713,2026-03-19T19:01:20+00:00,1979,0,0,62.07
,37714,2026-03-19T19:01:20+00:00,1999,0,0,62.07
,37715,2026-03-19T19:01:20+00:00,1999,0,0,62.07
,37716,2026-03-19T19:01:20+00:00,1999,0,0,62.07
,37717,2026-03-19T19:01:20+00:00,1999,0,0,62.07
,37718,2026-03-19T19:01:20+00:00,1999,0,0,62.07
,37719,2026-03-19T19:01:20+00:00,2019,0,0,62.07
,37720,2026-03-19T19:01:20+00:00,2019,0,0,62.07
,37721,2026-03-19T19:01:20+00:00,2029,0,0,62.07
,37722,2026-03-19T19:01:20+00:00,2039,0,0,62.07
,37723,2026-03-19T19:01:20+00:00,2049,0,0,62.07
,37724,2026-03-19T19:01:20+00:00,2069,0,0,62.07
,37725,2026-03-19T19:01:20+00:00,2069,0,0,62.07
,37726,2026-03-19T19:01:20+00:00,2079,0,0,62.07
,37727,2026-03-19T19:01:20+00:00,2079,0,0,62.07
,37728,2026-03-19T19:01:20+00:00,2089,0,0,62.07
,37729,2026-03-19T19:01:20+00:00,2089,0,0,62.07
,37730,2026-03-19T19:01:20+00:00,2099,0,0,62.07
,37731,2026-03-19T19:01:20+00:00,2099,0,0,62.07
,37732,2026-03-19T19:01:20+00:00,2099,0,0,62.07
,37733,2026-03-19T19:01:20+00:00,2099,0,0,62.07
,37734,2026-03-19T19:01:20+00:00,2099,0,0,62.07
,37735,2026-03-19T19:01:20+00:00,2119,0,0,62.07
,37736,2026-03-19T19:01:20+00:00,2129,0,1,37.59
,37737,2026-03-19T19:01:20+00:00,2139,0,0,62.07
,37738,2026-03-19T19:01:20+00:00,2139,0,0,62.07
,42979,2026-03-19T19:01:20+00:00,11,0,0,75.73
,37739,2026-03-19T19:01:20+00:00,2159,0,1,37.59
,37740,2026-03-19T19:01:20+00:00,2159,0,0,62.07
,37741,2026-03-19T19:01:20+00:00,2179,0,0,62.07
,37742,2026-03-19T19:01:20+00:00,2179,0,0,62.07
,37743,2026-03-19T19:01:20+00:00,2179,0,0,62.07
,37744,2026-03-19T19:01:20+00:00,2179,0,0,62.07
,37745,2026-03-19T19:01:20+00:00,2199,0,0,62.07
,37746,2026-03-19T19:01:20+00:00,2199,0,0,62.07
,37747,2026-03-19T19:01:20+00:00,2199,0,0,62.07
,37748,2026-03-19T19:01:20+00:00,2199,0,0,62.07
,37749,2026-03-19T19:01:20+00:00,2199,0,0,62.07
,37750,2026-03-19T19:01:20+00:00,2219,0,0,62.07
,37751,2026-03-19T19:01:20+00:00,2219,0,0,62.07
,37752,2026-03-19T19:01:20+00:00,2229,0,0,62.07
,37753,2026-03-19T19:01:20+00:00,2239,0,0,62.07
,37754,2026-03-19T19:01:20+00:00,2249,0,0,62.07
,37755,2026-03-19T19:01:20+00:00,2259,0,0,62.07
,37756,2026-03-19T19:01:20+00:00,2269,0,0,62.07
,37757,2026-03-19T19:01:20+00:00,2279,0,0,62.07
,37758,2026-03-19T19:01:20+00:00,2279,0,0,62.07
,37759,2026-03-19T19:01:20+00:00,2289,0,0,62.07
,37760,2026-03-19T19:01:20+00:00,2299,0,0,62.07
,37761,2026-03-19T19:01:20+00:00,2299,0,0,62.07
,37762,2026-03-19T19:01:20+00:00,2299,0,1,37.59
,37763,2026-03-19T19:01:20+00:00,2299,0,0,62.07
,37764,2026-03-19T19:01:20+00:00,2319,0,0,62.07
,37765,2026-03-19T19:01:20+00:00,2329,0,0,62.07
,37766,2026-03-19T19:01:20+00:00,2329,0,0,62.07
,37767,2026-03-19T19:01:20+00:00,2349,0,0,62.07
,37768,2026-03-19T19:01:20+00:00,2349,0,0,62.07
,37769,2026-03-19T19:01:20+00:00,2359,0,0,62.07
,37770,2026-03-19T19:01:20+00:00,2369,0,0,62.07
,37771,2026-03-19T19:01:20+00:00,2379,0,0,62.07
,37772,2026-03-19T19:01:20+00:00,2379,0,0,62.07
,37773,2026-03-19T19:01:20+00:00,2389,0,0,62.07
,37774,2026-03-19T19:01:20+00:00,2399,0,0,62.07
,37775,2026-03-19T19:01:20+00:00,2399,0,0,62.07
,37776,2026-03-19T19:01:20+00:00,2399,0,0,62.07
,37777,2026-03-19T19:01:20+00:00,2439,0,0,62.07
,37778,2026-03-19T19:01:20+00:00,2439,0,0,62.07
,37779,2026-03-19T19:01:20+00:00,2449,0,0,62.07
,37780,2026-03-19T19:01:20+00:00,2449,0,0,62.07
,37781,2026-03-19T19:01:20+00:00,2449,0,0,62.07
,37782,2026-03-19T19:01:20+00:00,2449,0,0,62.07
,37783,2026-03-19T19:01:20+00:00,2449,0,0,62.07
,37784,2026-03-19T19:01:20+00:00,2459,0,0,62.07
,37785,2026-03-19T19:01:20+00:00,2459,0,0,62.07
,37786,2026-03-19T19:01:20+00:00,2459,0,0,62.07
,37787,2026-03-19T19:01:20+00:00,2459,0,0,62.07
,37788,2026-03-19T19:01:20+00:00,2459,0,0,62.07
,37789,2026-03-19T19:01:20+00:00,2459,0,0,62.07
,37790,2026-03-19T19:01:20+00:00,2479,0,0,62.07
,37791,2026-03-19T19:01:20+00:00,2479,0,0,62.07
,37792,2026-03-19T19:01:20+00:00,2479,0,0,62.07
,37793,2026-03-19T19:01:20+00:00,2489,0,0,62.07
,37794,2026-03-19T19:01:20+00:00,2489,0,0,62.07
,37795,2026-03-19T19:01:20+00:00,2499,0,0,62.07
,37796,2026-03-19T19:01:20+00:00,2499,0,0,62.07
,37797,2026-03-19T19:01:20+00:00,2499,0,0,62.07
,37798,2026-03-19T19:01:20+00:00,2499,0,0,62.07
,37799,2026-03-19T19:01:20+00:00,2499,0,0,62.07
,37800,2026-03-19T19:01:20+00:00,2499,0,0,62.07
,37801,2026-03-19T19:01:20+00:00,2499,0,0,62.07
,37802,2026-03-19T19:01:20+00:00,2519,0,0,62.07
,37803,2026-03-19T19:01:20+00:00,2529,0,0,62.07
,37804,2026-03-19T19:01:20+00:00,2529,0,0,62.07
,42980,2026-03-19T19:01:20+00:00,11,0,0,75.73
,37805,2026-03-19T19:01:20+00:00,2529,0,0,62.07
,37806,2026-03-19T19:01:20+00:00,2539,0,0,62.07
,37807,2026-03-19T19:01:20+00:00,2559,0,0,62.07
,37808,2026-03-19T19:01:20+00:00,2559,0,0,62.07
,37809,2026-03-19T19:01:20+00:00,2559,0,0,62.07
,37810,2026-03-19T19:01:20+00:00,2559,0,0,62.07
,37811,2026-03-19T19:01:20+00:00,2559,0,0,62.07
,37812,2026-03-19T19:01:20+00:00,2559,0,0,62.07
,37813,2026-03-19T19:01:20+00:00,2569,0,0,62.07
,37814,2026-03-19T19:01:20+00:00,2569,0,0,62.07
,37815,2026-03-19T19:01:20+00:00,2579,0,0,62.07
,37816,2026-03-19T19:01:20+00:00,2579,0,0,62.07
,37817,2026-03-19T19:01:20+00:00,2579,0,0,62.07
,37818,2026-03-19T19:01:20+00:00,2579,0,0,62.07
,37819,2026-03-19T19:01:20+00:00,2589,0,0,62.07
,37820,2026-03-19T19:01:20+00:00,2599,0,0,62.07
,37821,2026-03-19T19:01:20+00:00,2599,0,0,62.07
,37822,2026-03-19T19:01:20+00:00,2599,0,0,62.07
,37823,2026-03-19T19:01:20+00:00,2599,0,0,62.07
,37824,2026-03-19T19:01:20+00:00,2599,0,0,62.07
,37825,2026-03-19T19:01:20+00:00,2619,0,0,62.07
,37826,2026-03-19T19:01:20+00:00,2629,0,0,62.07
,37827,2026-03-19T19:01:20+00:00,2629,0,0,62.07
,37828,2026-03-19T19:01:20+00:00,2629,0,0,62.07
,37829,2026-03-19T19:01:20+00:00,2639,0,0,62.07
,37830,2026-03-19T19:01:20+00:00,2639,0,0,62.07
,37831,2026-03-19T19:01:20+00:00,2639,0,0,62.07
,37832,2026-03-19T19:01:20+00:00,2649,0,0,62.07
,37833,2026-03-19T19:01:20+00:00,2649,0,0,62.07
,37834,2026-03-19T19:01:20+00:00,2649,0,0,62.07
,37835,2026-03-19T19:01:20+00:00,2659,0,0,62.07
,37836,2026-03-19T19:01:20+00:00,2659,0,0,62.07
,37837,2026-03-19T19:01:20+00:00,2689,0,0,62.07
,37838,2026-03-19T19:01:20+00:00,2689,0,0,62.07
,37839,2026-03-19T19:01:20+00:00,2689,0,0,62.07
,37840,2026-03-19T19:01:20+00:00,2699,0,0,62.07
,37841,2026-03-19T19:01:20+00:00,2699,0,0,62.07
,37842,2026-03-19T19:01:20+00:00,2699,0,0,62.07
,37843,2026-03-19T19:01:20+00:00,2699,0,1,37.59
,37844,2026-03-19T19:01:20+00:00,2699,0,0,62.07
,37845,2026-03-19T19:01:20+00:00,2699,0,1,37.59
,37846,2026-03-19T19:01:20+00:00,2699,0,0,62.07
,37847,2026-03-19T19:01:20+00:00,2719,0,0,62.07
,37848,2026-03-19T19:01:20+00:00,2729,0,0,62.07
,37849,2026-03-19T19:01:20+00:00,2739,0,0,62.07
,37850,2026-03-19T19:01:20+00:00,2739,0,0,62.07
,37851,2026-03-19T19:01:20+00:00,2739,0,0,62.07
,37852,2026-03-19T19:01:20+00:00,2749,0,0,62.07
,37853,2026-03-19T19:01:20+00:00,2759,0,0,62.07
,37854,2026-03-19T19:01:20+00:00,2769,0,0,62.07
,37855,2026-03-19T19:01:20+00:00,2779,0,0,62.07
,37856,2026-03-19T19:01:20+00:00,2779,0,0,62.07
,37857,2026-03-19T19:01:20+00:00,2789,0,0,62.07
,37858,2026-03-19T19:01:20+00:00,2789,0,0,62.07
,37859,2026-03-19T19:01:20+00:00,2799,0,1,37.59
,37860,2026-03-19T19:01:20+00:00,2799,0,0,62.07
,37861,2026-03-19T19:01:20+00:00,2819,0,0,62.07
,37862,2026-03-19T19:01:20+00:00,2819,0,0,62.07
,37863,2026-03-19T19:01:20+00:00,2829,0,0,62.07
,37864,2026-03-19T19:01:20+00:00,2829,0,0,62.07
,37865,2026-03-19T19:01:20+00:00,2829,0,0,62.07
,37866,2026-03-19T19:01:20+00:00,2839,0,0,62.07
,37867,2026-03-19T19:01:20+00:00,2849,0,0,62.07
,37868,2026-03-19T19:01:20+00:00,2849,0,0,62.07
,37869,2026-03-19T19:01:20+00:00,2849,0,0,62.07
,37870,2026-03-19T19:01:20+00:00,2849,0,0,62.07
,37871,2026-03-19T19:01:20+00:00,2849,0,0,62.07
,37872,2026-03-19T19:01:20+00:00,2849,0,0,62.07
,37873,2026-03-19T19:01:20+00:00,2859,0,0,62.07
,37874,2026-03-19T19:01:20+00:00,2859,0,0,62.07
,37875,2026-03-19T19:01:20+00:00,2859,0,0,62.07
,37876,2026-03-19T19:01:20+00:00,2859,0,0,62.07
,37877,2026-03-19T19:01:20+00:00,2879,0,0,62.07
,37878,2026-03-19T19:01:20+00:00,2879,0,0,62.07
,37879,2026-03-19T19:01:20+00:00,2889,0,0,62.07
,37880,2026-03-19T19:01:20+00:00,2889,0,0,62.07
,37881,2026-03-19T19:01:20+00:00,2889,0,0,62.07
,37882,2026-03-19T19:01:20+00:00,2889,0,0,62.07
,37883,2026-03-19T19:01:20+00:00,2899,0,0,62.07
,37884,2026-03-19T19:01:20+00:00,2899,0,0,62.07
,37885,2026-03-19T19:01:20+00:00,2899,0,0,62.07
,37886,2026-03-19T19:01:20+00:00,2899,0,0,62.07
,37887,2026-03-19T19:01:20+00:00,2899,0,0,62.07
,37888,2026-03-19T19:01:20+00:00,2899,0,0,62.07
,37889,2026-03-19T19:01:20+00:00,2939,0,0,62.07
,37890,2026-03-19T19:01:20+00:00,2949,0,0,62.07
,37891,2026-03-19T19:01:20+00:00,2949,0,1,37.59
,37892,2026-03-19T19:01:20+00:00,2959,0,0,62.07
,37893,2026-03-19T19:01:20+00:00,2959,0,0,62.07
,37894,2026-03-19T19:01:20+00:00,2969,0,0,62.07
,37895,2026-03-19T19:01:20+00:00,2979,0,1,37.59
,37896,2026-03-19T19:01:20+00:00,2989,0,0,62.07
,37897,2026-03-19T19:01:20+00:00,2989,0,0,62.07
,37898,2026-03-19T19:01:20+00:00,2989,0,0,62.07
,37899,2026-03-19T19:01:20+00:00,2989,0,0,62.07
,37900,2026-03-19T19:01:20+00:00,2999,0,0,62.07
,37901,2026-03-19T19:01:20+00:00,2999,0,0,62.07
,37902,2026-03-19T19:01:20+00:00,2999,0,0,62.07
,37903,2026-03-19T19:01:20+00:00,2999,0,0,62.07
,37904,2026-03-19T19:01:20+00:00,2999,0,0,62.07
,37905,2026-03-19T19:01:20+00:00,2999,0,0,62.07
,37906,2026-03-19T19:01:20+00:00,2999,0,0,62.07
,37907,2026-03-19T19:01:20+00:00,2999,0,0,62.07
,37908,2026-03-19T19:01:20+00:00,2999,0,0,62.07
,37909,2026-03-19T19:01:20+00:00,2999,0,0,62.07
,37910,2026-03-19T19:01:20+00:00,3019,0,0,62.07
,37911,2026-03-19T19:01:20+00:00,3019,0,0,62.07
,37912,2026-03-19T19:01:20+00:00,3029,0,0,62.07
,37913,2026-03-19T19:01:20+00:00,3029,0,0,62.07
,37914,2026-03-19T19:01:20+00:00,3049,0,0,62.07
,37915,2026-03-19T19:01:20+00:00,3049,0,0,62.07
,37916,2026-03-19T19:01:20+00:00,3059,0,1,37.59
,37917,2026-03-19T19:01:20+00:00,3059,0,0,62.07
,37918,2026-03-19T19:01:20+00:00,3059,0,0,62.07
,37919,2026-03-19T19:01:20+00:00,3069,0,0,62.07
,37920,2026-03-19T19:01:20+00:00,3079,0,0,62.07
,37921,2026-03-19T19:01:20+00:00,3079,0,0,62.07
,37922,2026-03-19T19:01:20+00:00,3079,0,0,62.07
,37923,2026-03-19T19:01:20+00:00,3089,0,0,62.07
,37924,2026-03-19T19:01:20+00:00,3099,0,0,62.07
,37925,2026-03-19T19:01:20+00:00,3099,0,0,62.07
,37926,2026-03-19T19:01:20+00:00,3099,0,0,62.07
,37927,2026-03-19T19:01:20+00:00,3099,0,1,37.59
,37928,2026-03-19T19:01:20+00:00,3099,0,0,62.07
,37929,2026-03-19T19:01:20+00:00,3099,0,0,62.07
,37930,2026-03-19T19:01:20+00:00,3099,0,0,62.07
,37931,2026-03-19T19:01:20+00:00,3119,0,0,62.07
,37932,2026-03-19T19:01:20+00:00,3139,0,0,62.07
,37933,2026-03-19T19:01:20+00:00,3149,0,0,62.07
,37934,2026-03-19T19:01:20+00:00,3149,0,0,62.07
,37935,2026-03-19T19:01:20+00:00,3149,0,0,62.07
,37936,2026-03-19T19:01:20+00:00,3149,0,0,62.07
,37937,2026-03-19T19:01:20+00:00,3149,0,0,62.07
,37938,2026-03-19T19:01:20+00:00,3169,0,0,62.07
,42981,2026-03-19T19:01:20+00:00,4,0,0,75.73
,37939,2026-03-19T19:01:20+00:00,3169,0,0,62.07
,37940,2026-03-19T19:01:20+00:00,3169,0,0,62.07
,37941,2026-03-19T19:01:20+00:00,3179,0,0,62.07
,37942,2026-03-19T19:01:20+00:00,3179,0,0,62.07
,37943,2026-03-19T19:01:20+00:00,3179,0,0,62.07
,37944,2026-03-19T19:01:20+00:00,3199,0,0,62.07
,37945,2026-03-19T19:01:20+00:00,3199,0,0,62.07
,37946,2026-03-19T19:01:20+00:00,3199,0,0,62.07
,37947,2026-03-19T19:01:20+00:00,3199,0,0,62.07
,37948,2026-03-19T19:01:20+00:00,3199,0,0,62.07
,37949,2026-03-19T19:01:20+00:00,3199,0,0,62.07
,37950,2026-03-19T19:01:20+00:00,3199,0,0,62.07
,37951,2026-03-19T19:01:20+00:00,3199,0,1,37.59
,37952,2026-03-19T19:01:20+00:00,3199,0,1,37.59
,37953,2026-03-19T19:01:20+00:00,3219,0,0,62.07
,37954,2026-03-19T19:01:20+00:00,3219,0,0,62.07
,37955,2026-03-19T19:01:20+00:00,3229,0,0,62.07
,37956,2026-03-19T19:01:20+00:00,3229,0,0,62.07
,37957,2026-03-19T19:01:20+00:00,3229,0,0,62.07
,37958,2026-03-19T19:01:20+00:00,3259,0,0,62.07
,37959,2026-03-19T19:01:20+00:00,3259,0,0,62.07
,37960,2026-03-19T19:01:20+00:00,3259,0,0,62.07
,37961,2026-03-19T19:01:20+00:00,3259,0,0,62.07
,37962,2026-03-19T19:01:20+00:00,3269,0,0,62.07
,37963,2026-03-19T19:01:20+00:00,3279,0,0,62.07
,37964,2026-03-19T19:01:20+00:00,3279,0,0,62.07
,37965,2026-03-19T19:01:20+00:00,3279,0,0,62.07
,37966,2026-03-19T19:01:20+00:00,3289,0,0,62.07
,37967,2026-03-19T19:01:20+00:00,3299,0,0,62.07
,37968,2026-03-19T19:01:20+00:00,3299,0,0,62.07
,37969,2026-03-19T19:01:20+00:00,3299,0,0,62.07
,37970,2026-03-19T19:01:20+00:00,3299,0,0,62.07
,37971,2026-03-19T19:01:20+00:00,3339,0,0,62.07
,37972,2026-03-19T19:01:20+00:00,3349,0,0,62.07
,37973,2026-03-19T19:01:20+00:00,3349,0,1,37.59
,37974,2026-03-19T19:01:20+00:00,3359,0,0,62.07
,37975,2026-03-19T19:01:20+00:00,3359,0,0,62.07
,37976,2026-03-19T19:01:20+00:00,3359,0,0,62.07
,37977,2026-03-19T19:01:20+00:00,3369,0,0,62.07
,37978,2026-03-19T19:01:20+00:00,3379,0,0,62.07
,37979,2026-03-19T19:01:20+00:00,3389,0,0,62.07
,37980,2026-03-19T19:01:20+00:00,3389,0,0,62.07
,37981,2026-03-19T19:01:20+00:00,3389,0,0,62.07
,37982,2026-03-19T19:01:20+00:00,3389,0,0,62.07
,37983,2026-03-19T19:01:20+00:00,3399,0,0,62.07
,37984,2026-03-19T19:01:20+00:00,3399,0,0,62.07
,37985,2026-03-19T19:01:20+00:00,3399,0,0,62.07
,37986,2026-03-19T19:01:20+00:00,3399,0,0,62.07
,37987,2026-03-19T19:01:20+00:00,3399,0,0,62.07
,37988,2026-03-19T19:01:20+00:00,3399,0,0,62.07
,37989,2026-03-19T19:01:20+00:00,3439,0,0,62.07
,37990,2026-03-19T19:01:20+00:00,3449,0,0,62.07
,37991,2026-03-19T19:01:20+00:00,3449,0,0,62.07
,37992,2026-03-19T19:01:20+00:00,3459,0,1,37.59
,37993,2026-03-19T19:01:20+00:00,3489,0,0,62.07
,37994,2026-03-19T19:01:20+00:00,3499,0,0,62.07
,37995,2026-03-19T19:01:20+00:00,3499,0,0,62.07
,37996,2026-03-19T19:01:20+00:00,3519,0,0,62.07
,37997,2026-03-19T19:01:20+00:00,3519,0,0,62.07
,37998,2026-03-19T19:01:20+00:00,3529,0,0,62.07
,37999,2026-03-19T19:01:20+00:00,3549,0,0,62.07
,38000,2026-03-19T19:01:20+00:00,3549,0,0,62.07
,38001,2026-03-19T19:01:20+00:00,3549,0,1,37.59
,38002,2026-03-19T19:01:20+00:00,3569,0,0,62.07
,38003,2026-03-19T19:01:20+00:00,3569,0,1,37.59
,38004,2026-03-19T19:01:20+00:00,3589,0,0,62.07
,42982,2026-03-19T19:01:20+00:00,4,0,0,61.25
,38005,2026-03-19T19:01:20+00:00,3599,0,0,62.07
,38006,2026-03-19T19:01:20+00:00,3599,0,0,62.07
,38007,2026-03-19T19:01:20+00:00,3599,0,0,62.07
,38008,2026-03-19T19:01:20+00:00,3599,0,0,62.07
,38009,2026-03-19T19:01:20+00:00,3599,0,0,62.07
,38010,2026-03-19T19:01:20+00:00,3599,0,0,62.07
,38011,2026-03-19T19:01:20+00:00,3599,0,1,37.59
,38012,2026-03-19T19:01:20+00:00,3599,0,0,62.07
,38013,2026-03-19T19:01:20+00:00,3599,0,0,62.07
,38014,2026-03-19T19:01:20+00:00,3599,0,0,62.07
,38015,2026-03-19T19:01:20+00:00,3619,0,0,62.07
,38016,2026-03-19T19:01:20+00:00,3629,0,0,62.07
,38017,2026-03-19T19:01:20+00:00,3639,0,0,62.07
,38018,2026-03-19T19:01:20+00:00,3649,0,0,62.07
,38019,2026-03-19T19:01:20+00:00,3649,0,0,62.07
,38020,2026-03-19T19:01:20+00:00,3659,0,0,62.07
,38021,2026-03-19T19:01:20+00:00,3679,0,0,62.07
,38022,2026-03-19T19:01:20+00:00,3699,0,0,62.07
,38023,2026-03-19T19:01:20+00:00,3739,0,0,62.07
,38024,2026-03-19T19:01:20+00:00,3749,0,0,62.07
,38025,2026-03-19T19:01:20+00:00,3749,0,0,62.07
,38026,2026-03-19T19:01:20+00:00,3759,0,1,37.59
,38027,2026-03-19T19:01:20+00:00,3759,0,0,62.07
,38028,2026-03-19T19:01:20+00:00,3769,0,0,62.07
,38029,2026-03-19T19:01:20+00:00,3779,0,0,62.07
,38030,2026-03-19T19:01:20+00:00,3789,0,0,62.07
,38031,2026-03-19T19:01:20+00:00,3799,0,0,62.07
,38032,2026-03-19T19:01:20+00:00,3799,0,0,62.07
,38033,2026-03-19T19:01:20+00:00,3799,0,0,62.07
,38034,2026-03-19T19:01:20+00:00,3799,0,0,62.07
,38035,2026-03-19T19:01:20+00:00,3799,0,0,62.07
,38036,2026-03-19T19:01:20+00:00,3859,0,0,62.07
,38037,2026-03-19T19:01:20+00:00,3879,0,0,62.07
,38038,2026-03-19T19:01:20+00:00,3879,0,0,62.07
,38039,2026-03-19T19:01:20+00:00,3879,0,0,62.07
,38040,2026-03-19T19:01:20+00:00,3899,0,0,62.07
,38041,2026-03-19T19:01:20+00:00,3899,0,0,62.07
,38042,2026-03-19T19:01:20+00:00,3899,0,0,62.07
,38043,2026-03-19T19:01:20+00:00,3899,0,0,62.07
,38044,2026-03-19T19:01:20+00:00,3899,0,0,62.07
,38045,2026-03-19T19:01:20+00:00,3899,0,0,62.07
,38046,2026-03-19T19:01:20+00:00,3899,0,0,62.07
,38047,2026-03-19T19:01:20+00:00,3949,0,0,62.07
,38048,2026-03-19T19:01:20+00:00,3949,0,0,62.07
,38049,2026-03-19T19:01:20+00:00,3949,0,0,62.07
,38050,2026-03-19T19:01:20+00:00,3959,0,0,62.07
,38051,2026-03-19T19:01:20+00:00,3959,0,0,62.07
,38052,2026-03-19T19:01:20+00:00,3969,0,0,62.07
,38053,2026-03-19T19:01:20+00:00,3999,0,0,62.07
,38054,2026-03-19T19:01:20+00:00,3999,0,0,62.07
,38055,2026-03-19T19:01:20+00:00,3999,0,0,62.07
,38056,2026-03-19T19:01:20+00:00,3999,0,0,62.07
,38057,2026-03-19T19:01:20+00:00,3999,0,0,62.07
,38058,2026-03-19T19:01:20+00:00,4019,0,0,62.07
,38059,2026-03-19T19:01:20+00:00,4039,0,0,62.07
,38060,2026-03-19T19:01:20+00:00,4049,0,0,62.07
,38061,2026-03-19T19:01:20+00:00,4059,0,0,62.07
,38062,2026-03-19T19:01:20+00:00,4099,0,0,62.07
,38063,2026-03-19T19:01:20+00:00,4119,0,0,62.07
,38064,2026-03-19T19:01:20+00:00,4139,0,0,62.07
,38065,2026-03-19T19:01:20+00:00,4149,0,0,62.07
,38066,2026-03-19T19:01:20+00:00,4149,0,0,62.07
,38067,2026-03-19T19:01:20+00:00,4199,0,0,62.07
,38068,2026-03-19T19:01:20+00:00,4199,0,0,62.07
,38069,2026-03-19T19:01:20+00:00,4259,0,0,62.07
,38070,2026-03-19T19:01:20+00:00,4279,0,0,62.07
,38071,2026-03-19T19:01:20+00:00,4289,0,0,62.07
,38072,2026-03-19T19:01:20+00:00,4299,0,0,62.07
,38073,2026-03-19T19:01:20+00:00,4299,0,0,62.07
,38074,2026-03-19T19:01:20+00:00,4339,0,0,62.07
,38075,2026-03-19T19:01:20+00:00,4349,0,0,62.07
,38076,2026-03-19T19:01:20+00:00,4359,0,0,62.07
,38077,2026-03-19T19:01:20+00:00,4389,0,0,62.07
,38078,2026-03-19T19:01:20+00:00,4389,0,0,62.07
,38079,2026-03-19T19:01:20+00:00,4389,0,0,62.07
,38080,2026-03-19T19:01:20+00:00,4399,0,0,62.07
,38081,2026-03-19T19:01:20+00:00,4399,0,0,62.07
,38082,2026-03-19T19:01:20+00:00,4399,0,0,62.07
,38083,2026-03-19T19:01:20+00:00,4399,0,0,62.07
,38084,2026-03-19T19:01:20+00:00,4449,0,0,62.07
,38085,2026-03-19T19:01:20+00:00,4449,0,0,62.07
,38086,2026-03-19T19:01:20+00:00,4499,0,0,62.07
,38087,2026-03-19T19:01:20+00:00,4499,0,0,62.07
,38088,2026-03-19T19:01:20+00:00,4499,0,0,62.07
,38089,2026-03-19T19:01:20+00:00,4499,0,0,62.07
,38090,2026-03-19T19:01:20+00:00,4519,0,0,62.07
,38091,2026-03-19T19:01:20+00:00,4569,0,0,62.07
,38092,2026-03-19T19:01:20+00:00,4579,0,0,62.07
,38093,2026-03-19T19:01:20+00:00,4589,0,0,62.07
,38094,2026-03-19T19:01:20+00:00,4589,0,0,62.07
,38095,2026-03-19T19:01:20+00:00,4599,0,0,62.07
,38096,2026-03-19T19:01:20+00:00,4599,0,0,62.07
,38097,2026-03-19T19:01:20+00:00,4599,0,0,62.07
,38098,2026-03-19T19:01:20+00:00,4649,0,0,62.07
,38099,2026-03-19T19:01:20+00:00,4649,0,0,62.07
,38100,2026-03-19T19:01:20+00:00,4649,0,0,62.07
,38101,2026-03-19T19:01:20+00:00,4649,0,0,62.07
,38102,2026-03-19T19:01:20+00:00,4659,0,0,62.07
,38103,2026-03-19T19:01:20+00:00,4659,0,0,62.07
,38104,2026-03-19T19:01:20+00:00,4659,0,1,37.59
,38105,2026-03-19T19:01:20+00:00,4699,0,0,62.07
,38106,2026-03-19T19:01:20+00:00,4719,0,0,62.07
,38107,2026-03-19T19:01:20+00:00,4719,0,0,62.07
,38108,2026-03-19T19:01:20+00:00,4749,0,0,62.07
,38109,2026-03-19T19:01:20+00:00,4749,0,0,62.07
,38110,2026-03-19T19:01:20+00:00,4759,0,0,62.07
,38111,2026-03-19T19:01:20+00:00,4779,0,0,62.07
,38112,2026-03-19T19:01:20+00:00,4789,0,0,62.07
,38113,2026-03-19T19:01:20+00:00,4799,0,0,62.07
,38114,2026-03-19T19:01:20+00:00,4799,0,0,62.07
,38115,2026-03-19T19:01:20+00:00,4799,0,0,62.07
,38116,2026-03-19T19:01:20+00:00,4799,0,0,62.07
,38117,2026-03-19T19:01:20+00:00,4819,0,0,62.07
,38118,2026-03-19T19:01:20+00:00,4849,0,0,62.07
,38119,2026-03-19T19:01:20+00:00,4849,0,0,62.07
,38120,2026-03-19T19:01:20+00:00,4849,0,0,62.07
,38121,2026-03-19T19:01:20+00:00,4859,0,0,62.07
,38122,2026-03-19T19:01:20+00:00,4859,0,0,62.07
,38123,2026-03-19T19:01:20+00:00,4889,0,0,62.07
,38124,2026-03-19T19:01:20+00:00,4899,0,0,62.07
,38125,2026-03-19T19:01:20+00:00,4899,0,0,62.07
,38126,2026-03-19T19:01:20+00:00,4899,0,0,62.07
,38127,2026-03-19T19:01:20+00:00,4999,0,0,62.07
,38128,2026-03-19T19:01:20+00:00,4999,0,0,62.07
,38129,2026-03-19T19:01:20+00:00,4999,0,0,62.07
,38130,2026-03-19T19:01:20+00:00,4999,0,0,62.07
,38131,2026-03-19T19:01:20+00:00,5149,0,0,62.07
,38132,2026-03-19T19:01:20+00:00,5149,0,0,62.07
,38133,2026-03-19T19:01:20+00:00,5149,0,0,62.07
,38134,2026-03-19T19:01:20+00:00,5169,0,0,62.07
,38135,2026-03-19T19:01:20+00:00,5219,0,0,62.07
,38136,2026-03-19T19:01:20+00:00,5259,0,0,62.07
,38137,2026-03-19T19:01:20+00:00,5279,0,0,62.07
,38138,2026-03-19T19:01:20+00:00,5299,0,0,62.07
,38139,2026-03-19T19:01:20+00:00,5299,0,0,62.07
,38140,2026-03-19T19:01:20+00:00,5369,0,0,62.07
,38141,2026-03-19T19:01:20+00:00,5399,0,0,62.07
,38142,2026-03-19T19:01:20+00:00,5479,0,1,37.59
,38143,2026-03-19T19:01:20+00:00,5479,0,0,62.07
,38144,2026-03-19T19:01:20+00:00,5499,0,0,62.07
,38145,2026-03-19T19:01:20+00:00,5599,0,0,62.07
,38146,2026-03-19T19:01:20+00:00,5699,0,0,62.07
,38147,2026-03-19T19:01:20+00:00,5699,0,0,62.07
,38148,2026-03-19T19:01:20+00:00,5749,0,0,62.07
,38149,2026-03-19T19:01:20+00:00,5749,0,0,62.07
,38150,2026-03-19T19:01:20+00:00,5759,0,0,62.07
,38151,2026-03-19T19:01:20+00:00,5789,0,0,62.07
,38152,2026-03-19T19:01:20+00:00,5799,0,0,62.07
,38153,2026-03-19T19:01:20+00:00,5829,0,0,62.07
,38154,2026-03-19T19:01:20+00:00,5839,0,0,62.07
,38155,2026-03-19T19:01:20+00:00,5869,0,0,62.07
,38156,2026-03-19T19:01:20+00:00,5889,0,0,62.07
,38157,2026-03-19T19:01:20+00:00,5989,0,0,62.07
,38158,2026-03-19T19:01:20+00:00,5999,0,0,62.07
,38159,2026-03-19T19:01:20+00:00,5999,0,0,62.07
,38160,2026-03-19T19:01:20+00:00,5999,0,0,62.07
,38161,2026-03-19T19:01:20+00:00,5999,0,0,62.07
,38162,2026-03-19T19:01:20+00:00,6089,0,0,62.07
,38163,2026-03-19T19:01:20+00:00,6149,0,0,62.07
,38164,2026-03-19T19:01:20+00:00,6289,0,0,62.07
,38165,2026-03-19T19:01:20+00:00,6299,0,0,62.07
,38166,2026-03-19T19:01:20+00:00,6349,0,0,62.07
,38167,2026-03-19T19:01:20+00:00,6399,0,0,62.07
,38168,2026-03-19T19:01:20+00:00,6399,0,0,62.07
,38169,2026-03-19T19:01:20+00:00,6489,0,0,62.07
,38170,2026-03-19T19:01:20+00:00,6499,0,0,62.07
,38171,2026-03-19T19:01:20+00:00,6499,0,0,62.07
,38172,2026-03-19T19:01:20+00:00,6589,0,0,62.07
,38173,2026-03-19T19:01:20+00:00,6699,0,0,62.07
,38174,2026-03-19T19:01:20+00:00,6699,0,0,62.07
,38175,2026-03-19T19:01:20+00:00,6699,0,0,62.07
,38176,2026-03-19T19:01:20+00:00,6789,0,0,62.07
,38177,2026-03-19T19:01:20+00:00,6789,0,0,62.07
,38178,2026-03-19T19:01:20+00:00,6859,0,0,62.07
,38179,2026-03-19T19:01:20+00:00,6899,0,0,62.07
,38180,2026-03-19T19:01:20+00:00,6959,0,0,62.07
,38181,2026-03-19T19:01:20+00:00,6999,0,0,62.07
,38182,2026-03-19T19:01:20+00:00,6999,0,0,62.07
,38183,2026-03-19T19:01:20+00:00,6999,0,0,62.07
,38184,2026-03-19T19:01:20+00:00,6999,0,0,62.07
,38185,2026-03-19T19:01:20+00:00,6999,0,0,62.07
,38186,2026-03-19T19:01:20+00:00,7159,0,0,62.07
,38187,2026-03-19T19:01:20+00:00,7289,0,0,62.07
,38188,2026-03-19T19:01:20+00:00,7299,0,0,62.07
,38189,2026-03-19T19:01:20+00:00,7379,0,0,62.07
,38190,2026-03-19T19:01:20+00:00,7559,0,0,62.07
,38191,2026-03-19T19:01:20+00:00,7599,0,0,62.07
,38192,2026-03-19T19:01:20+00:00,7599,0,0,62.07
,38193,2026-03-19T19:01:20+00:00,7619,0,0,62.07
,38194,2026-03-19T19:01:20+00:00,7679,0,0,62.07
,38195,2026-03-19T19:01:20+00:00,7699,0,0,62.07
,38196,2026-03-19T19:01:20+00:00,7799,0,0,62.07
,38197,2026-03-19T19:01:20+00:00,7799,0,0,62.07
,38198,2026-03-19T19:01:20+00:00,7799,0,0,62.07
,38199,2026-03-19T19:01:20+00:00,7879,0,0,62.07
,38200,2026-03-19T19:01:20+00:00,7899,0,0,62.07
,38201,2026-03-19T19:01:20+00:00,7989,0,0,62.07
,38202,2026-03-19T19:01:20+00:00,7999,0,0,62.07
,38203,2026-03-19T19:01:20+00:00,7999,0,0,62.07
,38204,2026-03-19T19:01:20+00:00,7999,0,0,62.07
,38205,2026-03-19T19:01:20+00:00,7999,0,0,62.07
,38206,2026-03-19T19:01:20+00:00,7999,0,0,62.07
,38207,2026-03-19T19:01:20+00:00,8059,0,0,62.07
,38208,2026-03-19T19:01:20+00:00,8099,0,0,62.07
,38461,2026-03-19T19:01:20+00:00,9419,0,0,62.07
,38209,2026-03-19T19:01:20+00:00,8099,0,0,62.07
,38210,2026-03-19T19:01:20+00:00,8099,0,0,62.07
,38211,2026-03-19T19:01:20+00:00,8199,0,0,62.07
,38212,2026-03-19T19:01:20+00:00,8389,0,0,62.07
,38213,2026-03-19T19:01:20+00:00,8499,0,0,62.07
,38214,2026-03-19T19:01:20+00:00,8599,0,0,62.07
,38215,2026-03-19T19:01:20+00:00,8599,0,0,62.07
,38216,2026-03-19T19:01:20+00:00,8789,0,0,62.07
,38217,2026-03-19T19:01:20+00:00,8799,0,0,62.07
,38218,2026-03-19T19:01:20+00:00,8899,0,0,62.07
,38219,2026-03-19T19:01:20+00:00,8989,0,0,62.07
,38220,2026-03-19T19:01:20+00:00,9149,0,0,62.07
,38221,2026-03-19T19:01:20+00:00,9159,0,0,62.07
,38222,2026-03-19T19:01:20+00:00,9289,0,0,62.07
,38223,2026-03-19T19:01:20+00:00,9299,0,0,62.07
,38224,2026-03-19T19:01:20+00:00,9299,0,0,62.07
,38225,2026-03-19T19:01:20+00:00,9399,0,0,62.07
,38226,2026-03-19T19:01:20+00:00,9599,0,0,62.07
,38227,2026-03-19T19:01:20+00:00,9699,0,0,62.07
,38228,2026-03-19T19:01:20+00:00,9799,0,0,62.07
,38229,2026-03-19T19:01:20+00:00,9799,0,0,62.07
,38230,2026-03-19T19:01:20+00:00,9889,0,0,62.07
,38231,2026-03-19T19:01:20+00:00,9979,0,0,62.07
,38232,2026-03-19T19:01:20+00:00,9989,0,0,62.07
,38233,2026-03-19T19:01:20+00:00,10199,0,0,62.07
,38234,2026-03-19T19:01:20+00:00,10289,0,0,62.07
,38235,2026-03-19T19:01:20+00:00,10289,0,0,62.07
,38236,2026-03-19T19:01:20+00:00,10299,0,0,62.07
,38237,2026-03-19T19:01:20+00:00,10399,0,0,62.07
,38238,2026-03-19T19:01:20+00:00,10499,0,0,62.07
,38239,2026-03-19T19:01:20+00:00,10599,0,0,62.07
,38240,2026-03-19T19:01:20+00:00,10899,0,0,62.07
,38241,2026-03-19T19:01:20+00:00,11599,0,0,37.59
,38242,2026-03-19T19:01:20+00:00,11599,0,0,62.07
,38243,2026-03-19T19:01:20+00:00,11599,0,0,62.07
,38244,2026-03-19T19:01:20+00:00,11599,0,0,62.07
,38245,2026-03-19T19:01:20+00:00,11699,0,0,62.07
,38246,2026-03-19T19:01:20+00:00,12399,0,0,62.07
,38247,2026-03-19T19:01:20+00:00,13499,0,0,37.59
,38248,2026-03-19T19:01:20+00:00,14199,0,0,37.59
,38249,2026-03-19T19:01:20+00:00,14299,0,0,37.59
,38250,2026-03-19T19:01:20+00:00,14999,0,0,37.59
,38251,2026-03-19T19:01:20+00:00,15799,0,0,37.59
,38252,2026-03-19T19:01:20+00:00,15799,0,0,37.59
,38253,2026-03-19T19:01:20+00:00,15999,0,0,37.59
,38254,2026-03-19T19:01:20+00:00,18199,0,0,37.59
,38255,2026-03-19T19:01:20+00:00,19699,0,0,37.59
,38256,2026-03-19T19:01:20+00:00,22299,0,0,62.07
,38257,2026-03-19T19:01:20+00:00,699,0,0,32.96
,38258,2026-03-19T19:01:20+00:00,935,0,0,62.07
,38259,2026-03-19T19:01:20+00:00,1199,0,0,76.36
,38260,2026-03-19T19:01:20+00:00,1329,0,0,62.07
,38261,2026-03-19T19:01:20+00:00,1399,0,0,76.36
,38262,2026-03-19T19:01:20+00:00,1519,0,0,62.07
,38263,2026-03-19T19:01:20+00:00,1829,0,0,62.07
,38264,2026-03-19T19:01:20+00:00,1829,0,0,62.07
,38265,2026-03-19T19:01:20+00:00,2045,0,0,37.59
,38266,2026-03-19T19:01:20+00:00,2069,0,1,37.59
,38267,2026-03-19T19:01:20+00:00,2259,0,0,37.59
,38268,2026-03-19T19:01:20+00:00,2369,0,0,62.07
,38269,2026-03-19T19:01:20+00:00,2399,0,0,62.07
,38270,2026-03-19T19:01:20+00:00,2479,0,1,24.72
,38271,2026-03-19T19:01:20+00:00,2479,0,0,62.07
,38272,2026-03-19T19:01:20+00:00,2529,0,0,62.07
,38273,2026-03-19T19:01:20+00:00,2559,0,0,62.07
,38274,2026-03-19T19:01:20+00:00,2669,0,0,62.07
,38275,2026-03-19T19:01:20+00:00,2689,0,0,62.07
,38276,2026-03-19T19:01:20+00:00,2779,0,1,37.59
,38277,2026-03-19T19:01:20+00:00,2819,0,0,62.07
,38278,2026-03-19T19:01:20+00:00,2929,0,1,37.59
,38534,2026-03-19T19:01:20+00:00,329,0,0,62.07
,38279,2026-03-19T19:01:20+00:00,2949,0,1,37.59
,38280,2026-03-19T19:01:20+00:00,2959,0,0,62.07
,38281,2026-03-19T19:01:20+00:00,2989,0,0,37.59
,38282,2026-03-19T19:01:20+00:00,3029,0,1,41.47
,38283,2026-03-19T19:01:20+00:00,3039,0,0,62.07
,38284,2026-03-19T19:01:20+00:00,3149,0,1,37.59
,38285,2026-03-19T19:01:20+00:00,3249,0,1,24.72
,38286,2026-03-19T19:01:20+00:00,3289,0,0,37.59
,38287,2026-03-19T19:01:20+00:00,3339,0,0,62.07
,38288,2026-03-19T19:01:20+00:00,3399,0,1,37.59
,38289,2026-03-19T19:01:20+00:00,3439,0,0,71.87
,38290,2026-03-19T19:01:20+00:00,3489,0,0,62.07
,38291,2026-03-19T19:01:20+00:00,3549,0,1,37.59
,38292,2026-03-19T19:01:20+00:00,3599,0,0,37.59
,38293,2026-03-19T19:01:20+00:00,3849,0,1,37.59
,38294,2026-03-19T19:01:20+00:00,3899,0,0,37.59
,38295,2026-03-19T19:01:20+00:00,3999,0,1,37.59
,38296,2026-03-19T19:01:20+00:00,4049,0,0,37.59
,38297,2026-03-19T19:01:20+00:00,165,0,1,54
,38298,2026-03-19T19:01:20+00:00,199,0,1,37.59
,38299,2026-03-19T19:01:20+00:00,209,0,0,37.59
,38300,2026-03-19T19:01:20+00:00,209,0,1,52.49
,38301,2026-03-19T19:01:20+00:00,229,0,0,37.59
,38302,2026-03-19T19:01:20+00:00,239,0,1,37.59
,38303,2026-03-19T19:01:20+00:00,239,0,0,37.59
,38304,2026-03-19T19:01:20+00:00,240,0,0,62.07
,38305,2026-03-19T19:01:20+00:00,249,0,1,37.59
,38306,2026-03-19T19:01:20+00:00,249,0,0,62.07
,38307,2026-03-19T19:01:20+00:00,255,0,0,62.07
,38308,2026-03-19T19:01:20+00:00,269,0,0,62.07
,38309,2026-03-19T19:01:20+00:00,269,0,0,62.07
,38310,2026-03-19T19:01:20+00:00,279,0,0,62.07
,38311,2026-03-19T19:01:20+00:00,279,0,1,37.59
,38312,2026-03-19T19:01:20+00:00,285,0,1,37.59
,38313,2026-03-19T19:01:20+00:00,289,0,0,52.49
,38314,2026-03-19T19:01:20+00:00,289,0,0,62.07
,38315,2026-03-19T19:01:20+00:00,289,0,0,62.07
,38316,2026-03-19T19:01:20+00:00,295,0,0,62.07
,38317,2026-03-19T19:01:20+00:00,295,0,0,62.07
,38318,2026-03-19T19:01:20+00:00,299,0,0,62.07
,38319,2026-03-19T19:01:20+00:00,319,0,0,62.07
,38320,2026-03-19T19:01:20+00:00,319,0,1,37.59
,38321,2026-03-19T19:01:20+00:00,319,0,0,62.07
,38322,2026-03-19T19:01:20+00:00,319,0,0,62.07
,38323,2026-03-19T19:01:20+00:00,319,0,0,62.07
,38324,2026-03-19T19:01:20+00:00,319,0,0,45.32
,38325,2026-03-19T19:01:20+00:00,319,0,0,62.07
,38326,2026-03-19T19:01:20+00:00,319,0,0,52.49
,38327,2026-03-19T19:01:20+00:00,329,0,1,37.59
,38328,2026-03-19T19:01:20+00:00,329,0,0,62.07
,38329,2026-03-19T19:01:20+00:00,329,0,0,52.49
,38330,2026-03-19T19:01:20+00:00,329,0,0,62.07
,38331,2026-03-19T19:01:20+00:00,335,0,0,62.07
,38332,2026-03-19T19:01:20+00:00,339,0,0,62.07
,38333,2026-03-19T19:01:20+00:00,339,0,0,62.07
,38334,2026-03-19T19:01:20+00:00,339,0,0,62.07
,38335,2026-03-19T19:01:20+00:00,339,0,0,52.49
,38336,2026-03-19T19:01:20+00:00,339,0,0,62.07
,38337,2026-03-19T19:01:20+00:00,349,0,0,62.07
,38338,2026-03-19T19:01:20+00:00,349,0,1,37.59
,38339,2026-03-19T19:01:20+00:00,349,0,0,62.07
,38340,2026-03-19T19:01:20+00:00,349,0,0,37.59
,38341,2026-03-19T19:01:20+00:00,365,0,0,62.07
,38342,2026-03-19T19:01:20+00:00,369,0,0,71.87
,38343,2026-03-19T19:01:20+00:00,379,0,0,37.59
,38344,2026-03-19T19:01:20+00:00,379,0,0,62.07
,38345,2026-03-19T19:01:20+00:00,389,0,0,62.07
,38346,2026-03-19T19:01:20+00:00,389,0,0,62.07
,38347,2026-03-19T19:01:20+00:00,389,0,0,76.36
,38348,2026-03-19T19:01:20+00:00,389,0,0,62.07
,38349,2026-03-19T19:01:20+00:00,399,0,0,62.07
,38350,2026-03-19T19:01:20+00:00,399,0,1,37.59
,38351,2026-03-19T19:01:20+00:00,399,0,0,62.07
,38352,2026-03-19T19:01:20+00:00,399,0,0,62.07
,38353,2026-03-19T19:01:20+00:00,399,0,0,62.07
,38354,2026-03-19T19:01:20+00:00,399,0,0,69.55
,38355,2026-03-19T19:01:20+00:00,399,0,0,62.07
,38356,2026-03-19T19:01:20+00:00,399,0,0,62.07
,38357,2026-03-19T19:01:20+00:00,399,0,0,62.07
,38358,2026-03-19T19:01:20+00:00,409,0,0,62.07
,38359,2026-03-19T19:01:20+00:00,409,0,1,37.59
,38360,2026-03-19T19:01:20+00:00,409,0,1,37.59
,38361,2026-03-19T19:01:20+00:00,419,0,0,62.07
,38362,2026-03-19T19:01:20+00:00,419,0,0,62.07
,38363,2026-03-19T19:01:20+00:00,429,0,0,62.07
,38364,2026-03-19T19:01:20+00:00,439,0,0,52.49
,38365,2026-03-19T19:01:20+00:00,439,0,0,62.07
,38366,2026-03-19T19:01:20+00:00,449,0,0,37.59
,38367,2026-03-19T19:01:20+00:00,449,0,0,37.59
,38368,2026-03-19T19:01:20+00:00,455,0,0,62.07
,38369,2026-03-19T19:01:20+00:00,459,0,0,62.07
,38370,2026-03-19T19:01:20+00:00,459,0,0,37.59
,38371,2026-03-19T19:01:20+00:00,469,0,0,76.36
,38372,2026-03-19T19:01:20+00:00,469,0,0,62.07
,38373,2026-03-19T19:01:20+00:00,469,0,0,37.59
,38374,2026-03-19T19:01:20+00:00,469,0,0,62.07
,38375,2026-03-19T19:01:20+00:00,469,0,0,54
,38376,2026-03-19T19:01:20+00:00,479,0,0,62.07
,38377,2026-03-19T19:01:20+00:00,489,0,0,62.07
,38378,2026-03-19T19:01:20+00:00,489,0,0,62.07
,38379,2026-03-19T19:01:20+00:00,489,0,0,76.36
,38380,2026-03-19T19:01:20+00:00,499,0,0,62.07
,38381,2026-03-19T19:01:20+00:00,499,0,1,37.59
,38382,2026-03-19T19:01:20+00:00,499,0,0,62.07
,38383,2026-03-19T19:01:20+00:00,499,0,0,62.07
,38384,2026-03-19T19:01:20+00:00,499,0,0,62.07
,38385,2026-03-19T19:01:20+00:00,499,0,0,62.07
,38386,2026-03-19T19:01:20+00:00,519,0,0,62.07
,38387,2026-03-19T19:01:20+00:00,519,0,0,32.96
,38388,2026-03-19T19:01:20+00:00,519,0,0,37.59
,38389,2026-03-19T19:01:20+00:00,519,0,0,62.07
,38390,2026-03-19T19:01:20+00:00,549,0,1,52.49
,38391,2026-03-19T19:01:20+00:00,559,0,0,62.07
,38392,2026-03-19T19:01:20+00:00,569,0,0,37.59
,38393,2026-03-19T19:01:20+00:00,569,0,0,62.07
,38394,2026-03-19T19:01:20+00:00,570,0,0,62.07
,38395,2026-03-19T19:01:20+00:00,579,0,0,62.07
,38396,2026-03-19T19:01:20+00:00,599,0,1,52.49
,38397,2026-03-19T19:01:20+00:00,599,0,0,62.07
,38398,2026-03-19T19:01:20+00:00,609,0,0,37.59
,38399,2026-03-19T19:01:20+00:00,609,0,0,62.07
,38400,2026-03-19T19:01:20+00:00,629,0,0,67.29
,38401,2026-03-19T19:01:20+00:00,629,0,0,67.29
,38402,2026-03-19T19:01:20+00:00,629,0,0,76.36
,38403,2026-03-19T19:01:20+00:00,629,0,0,62.07
,38404,2026-03-19T19:01:20+00:00,629,0,0,37.59
,38405,2026-03-19T19:01:20+00:00,649,0,0,62.07
,38406,2026-03-19T19:01:20+00:00,649,0,1,37.59
,38407,2026-03-19T19:01:20+00:00,659,0,1,37.59
,38408,2026-03-19T19:01:20+00:00,669,0,0,62.07
,38409,2026-03-19T19:01:20+00:00,669,0,0,62.07
,38410,2026-03-19T19:01:20+00:00,699,0,0,45.32
,38411,2026-03-19T19:01:20+00:00,699,0,0,62.07
,38412,2026-03-19T19:01:20+00:00,699,0,0,62.07
,38413,2026-03-19T19:01:20+00:00,719,0,0,37.59
,38414,2026-03-19T19:01:20+00:00,749,0,0,62.07
,38415,2026-03-19T19:01:20+00:00,769,0,0,37.59
,38416,2026-03-19T19:01:20+00:00,779,0,0,62.07
,38417,2026-03-19T19:01:20+00:00,789,0,1,37.59
,38418,2026-03-19T19:01:20+00:00,999,0,0,62.07
,38419,2026-03-19T19:01:20+00:00,1059,0,0,81.37
,38420,2026-03-19T19:01:20+00:00,1059,0,0,62.07
,38421,2026-03-19T19:01:20+00:00,1059,0,0,62.07
,38422,2026-03-19T19:01:20+00:00,1059,0,0,37.59
,38423,2026-03-19T19:01:20+00:00,1115,0,0,62.07
,38424,2026-03-19T19:01:20+00:00,1249,0,0,81.77
,38425,2026-03-19T19:01:20+00:00,1249,0,0,37.59
,42983,2026-03-19T19:01:20+00:00,2,0,0,75.73
,38426,2026-03-19T19:01:20+00:00,1269,0,0,62.07
,38427,2026-03-19T19:01:20+00:00,1299,0,1,82.94
,38428,2026-03-19T19:01:20+00:00,1309,0,0,62.07
,38429,2026-03-19T19:01:20+00:00,1499,0,0,37.59
,38430,2026-03-19T19:01:20+00:00,1499,0,0,32.96
,38431,2026-03-19T19:01:20+00:00,1499,0,0,62.07
,38432,2026-03-19T19:01:20+00:00,1659,0,0,62.07
,38433,2026-03-19T19:01:20+00:00,1699,0,0,62.07
,38434,2026-03-19T19:01:20+00:00,1769,0,0,37.59
,38435,2026-03-19T19:01:20+00:00,1849,0,0,62.07
,38436,2026-03-19T19:01:20+00:00,1929,0,0,76.36
,38437,2026-03-19T19:01:20+00:00,2459,0,0,76.36
,38438,2026-03-19T19:01:20+00:00,2829,0,0,62.07
,38439,2026-03-19T19:01:20+00:00,4119,0,0,62.07
,38440,2026-03-19T19:01:20+00:00,4119,0,0,37.59
,38441,2026-03-19T19:01:20+00:00,4129,0,0,69.65
,38442,2026-03-19T19:01:20+00:00,4699,0,0,69.65
,38443,2026-03-19T19:01:20+00:00,4709,0,0,69.65
,38444,2026-03-19T19:01:20+00:00,4829,0,0,62.07
,38445,2026-03-19T19:01:20+00:00,5179,0,0,37.59
,38446,2026-03-19T19:01:20+00:00,5299,0,0,62.07
,38447,2026-03-19T19:01:20+00:00,5529,0,0,62.07
,38448,2026-03-19T19:01:20+00:00,5589,0,0,62.07
,38449,2026-03-19T19:01:20+00:00,5649,0,0,69.65
,38450,2026-03-19T19:01:20+00:00,6059,0,0,37.59
,38451,2026-03-19T19:01:20+00:00,6119,0,0,69.65
,38452,2026-03-19T19:01:20+00:00,6239,0,0,62.07
,38453,2026-03-19T19:01:20+00:00,6389,0,0,62.07
,38454,2026-03-19T19:01:20+00:00,6829,0,0,37.59
,38455,2026-03-19T19:01:20+00:00,6889,0,0,62.07
,38456,2026-03-19T19:01:20+00:00,7119,0,0,62.07
,38457,2026-03-19T19:01:20+00:00,7299,0,0,62.07
,38458,2026-03-19T19:01:20+00:00,7649,0,0,69.65
,38459,2026-03-19T19:01:20+00:00,8029,0,0,62.07
,38460,2026-03-19T19:01:20+00:00,8889,0,0,62.07
,42984,2026-03-19T19:01:20+00:00,9,0,0,61.25
,38462,2026-03-19T19:01:20+00:00,10899,0,0,62.07
,38463,2026-03-19T19:01:20+00:00,11999,0,0,62.07
,38464,2026-03-19T19:01:20+00:00,5,0,0,71.87
,38465,2026-03-19T19:01:20+00:00,6,0,1,32.17
,38466,2026-03-19T19:01:20+00:00,6,0,1,32.17
,38467,2026-03-19T19:01:20+00:00,6,0,1,32.17
,38468,2026-03-19T19:01:20+00:00,9,0,0,62.07
,38469,2026-03-19T19:01:20+00:00,9,0,0,71.87
,38470,2026-03-19T19:01:20+00:00,10,0,0,82.94
,38471,2026-03-19T19:01:20+00:00,11,0,0,71.87
,38472,2026-03-19T19:01:20+00:00,11,0,0,82.94
,38473,2026-03-19T19:01:20+00:00,13,0,0,82.94
,38474,2026-03-19T19:01:20+00:00,15,0,0,62.07
,38475,2026-03-19T19:01:20+00:00,15,0,0,62.07
,38476,2026-03-19T19:01:20+00:00,15,0,0,37.59
,38477,2026-03-19T19:01:20+00:00,15,0,0,62.07
,38478,2026-03-19T19:01:20+00:00,15,0,0,62.07
,38479,2026-03-19T19:01:20+00:00,15,0,0,82.94
,38480,2026-03-19T19:01:20+00:00,15,0,0,71.87
,38481,2026-03-19T19:01:20+00:00,15,0,0,71.87
,38482,2026-03-19T19:01:20+00:00,15,0,0,71.87
,38483,2026-03-19T19:01:20+00:00,15,0,0,71.87
,38484,2026-03-19T19:01:20+00:00,15,0,0,71.87
,38485,2026-03-19T19:01:20+00:00,21,0,0,76.64
,38486,2026-03-19T19:01:20+00:00,25,0,0,62.07
,38487,2026-03-19T19:01:20+00:00,25,0,0,62.07
,38488,2026-03-19T19:01:20+00:00,29,0,0,62.07
,38489,2026-03-19T19:01:20+00:00,29,0,0,71.87
,38490,2026-03-19T19:01:20+00:00,34,0,0,71.87
,38491,2026-03-19T19:01:20+00:00,35,0,0,62.07
,38492,2026-03-19T19:01:20+00:00,35,0,0,62.07
,38493,2026-03-19T19:01:20+00:00,37,0,0,71.87
,38494,2026-03-19T19:01:20+00:00,49,0,0,47.43
,38495,2026-03-19T19:01:20+00:00,53,0,1,37.59
,38496,2026-03-19T19:01:20+00:00,55,0,0,62.07
,38497,2026-03-19T19:01:20+00:00,65,0,0,62.07
,38498,2026-03-19T19:01:20+00:00,79,0,0,62.07
,38499,2026-03-19T19:01:20+00:00,99,0,0,84.98
,38500,2026-03-19T19:01:20+00:00,99,0,0,62.07
,38501,2026-03-19T19:01:20+00:00,99,0,0,62.07
,38502,2026-03-19T19:01:20+00:00,119,0,0,45.32
,38503,2026-03-19T19:01:20+00:00,165,0,0,62.07
,38504,2026-03-19T19:01:20+00:00,189,0,0,32.17
,38505,2026-03-19T19:01:20+00:00,189,0,0,37.59
,38506,2026-03-19T19:01:20+00:00,199,0,0,62.07
,38507,2026-03-19T19:01:20+00:00,199,0,1,37.59
,38508,2026-03-19T19:01:20+00:00,239,0,0,37.59
,38509,2026-03-19T19:01:20+00:00,239,0,0,62.07
,38510,2026-03-19T19:01:20+00:00,239,0,0,62.07
,38511,2026-03-19T19:01:20+00:00,239,0,0,62.07
,38512,2026-03-19T19:01:20+00:00,239,0,0,62.07
,38513,2026-03-19T19:01:20+00:00,239,0,0,62.07
,38514,2026-03-19T19:01:20+00:00,239,0,0,62.07
,38515,2026-03-19T19:01:20+00:00,239,0,0,62.07
,38516,2026-03-19T19:01:20+00:00,239,0,0,62.07
,38517,2026-03-19T19:01:20+00:00,239,0,0,62.07
,38518,2026-03-19T19:01:20+00:00,239,0,0,62.07
,38519,2026-03-19T19:01:20+00:00,239,0,0,37.59
,38520,2026-03-19T19:01:20+00:00,239,0,0,62.07
,38521,2026-03-19T19:01:20+00:00,265,0,0,62.07
,38522,2026-03-19T19:01:20+00:00,269,0,0,76.36
,38523,2026-03-19T19:01:20+00:00,269,0,1,37.59
,38524,2026-03-19T19:01:20+00:00,279,0,0,71.87
,38525,2026-03-19T19:01:20+00:00,279,0,0,32.96
,38526,2026-03-19T19:01:20+00:00,289,0,0,37.59
,38527,2026-03-19T19:01:20+00:00,289,0,0,37.59
,38528,2026-03-19T19:01:20+00:00,289,0,0,62.07
,38529,2026-03-19T19:01:20+00:00,299,0,0,62.07
,38530,2026-03-19T19:01:20+00:00,309,0,0,62.07
,38531,2026-03-19T19:01:20+00:00,319,0,0,62.07
,38532,2026-03-19T19:01:20+00:00,319,0,0,62.07
,38533,2026-03-19T19:01:20+00:00,329,0,0,62.07
,38535,2026-03-19T19:01:20+00:00,335,0,0,37.59
,38536,2026-03-19T19:01:20+00:00,335,0,0,37.59
,38537,2026-03-19T19:01:20+00:00,335,0,0,37.59
,38538,2026-03-19T19:01:20+00:00,359,0,0,62.07
,38539,2026-03-19T19:01:20+00:00,359,0,0,62.07
,38540,2026-03-19T19:01:20+00:00,359,0,0,37.59
,38541,2026-03-19T19:01:20+00:00,359,0,0,62.07
,38542,2026-03-19T19:01:20+00:00,369,0,0,76.36
,38543,2026-03-19T19:01:20+00:00,399,0,0,62.07
,38544,2026-03-19T19:01:20+00:00,399,0,0,62.07
,38545,2026-03-19T19:01:20+00:00,409,0,1,37.59
,38546,2026-03-19T19:01:20+00:00,419,0,0,62.07
,38547,2026-03-19T19:01:20+00:00,419,0,0,32.96
,38548,2026-03-19T19:01:20+00:00,419,0,0,37.59
,38549,2026-03-19T19:01:20+00:00,419,0,0,32.96
,38550,2026-03-19T19:01:20+00:00,419,0,0,32.96
,38551,2026-03-19T19:01:20+00:00,429,0,0,62.07
,38552,2026-03-19T19:01:20+00:00,439,0,0,71.87
,38553,2026-03-19T19:01:20+00:00,439,0,0,71.87
,38554,2026-03-19T19:01:20+00:00,439,0,0,71.87
,38555,2026-03-19T19:01:20+00:00,469,0,0,62.07
,38556,2026-03-19T19:01:20+00:00,469,0,0,62.07
,38557,2026-03-19T19:01:20+00:00,469,0,0,62.07
,38558,2026-03-19T19:01:20+00:00,469,0,0,62.07
,38559,2026-03-19T19:01:20+00:00,469,0,0,62.07
,38560,2026-03-19T19:01:20+00:00,479,0,0,62.07
,38561,2026-03-19T19:01:20+00:00,539,0,0,76.36
,38562,2026-03-19T19:01:20+00:00,539,0,0,62.07
,38563,2026-03-19T19:01:20+00:00,579,0,0,62.07
,38564,2026-03-19T19:01:20+00:00,579,0,0,62.07
,38565,2026-03-19T19:01:20+00:00,599,0,0,71.87
,38566,2026-03-19T19:01:20+00:00,599,0,0,71.87
,38567,2026-03-19T19:01:20+00:00,599,0,0,71.87
,38568,2026-03-19T19:01:20+00:00,629,0,0,62.07
,38569,2026-03-19T19:01:20+00:00,629,0,0,62.07
,38570,2026-03-19T19:01:20+00:00,629,0,0,62.07
,38571,2026-03-19T19:01:20+00:00,639,0,0,76.36
,38572,2026-03-19T19:01:20+00:00,689,0,0,62.07
,38573,2026-03-19T19:01:20+00:00,719,0,0,62.07
,38574,2026-03-19T19:01:20+00:00,749,0,0,62.07
,38575,2026-03-19T19:01:20+00:00,749,0,0,76.36
,38576,2026-03-19T19:01:20+00:00,749,0,0,76.36
,38577,2026-03-19T19:01:20+00:00,879,0,0,62.07
,38578,2026-03-19T19:01:20+00:00,889,0,1,37.59
,38579,2026-03-19T19:01:20+00:00,899,0,1,71.87
,38580,2026-03-19T19:01:20+00:00,899,0,1,71.87
,38581,2026-03-19T19:01:20+00:00,929,0,1,71.87
,38582,2026-03-19T19:01:20+00:00,1079,0,0,62.07
,38583,2026-03-19T19:01:20+00:00,1079,0,0,62.07
,38584,2026-03-19T19:01:20+00:00,1249,0,0,37.59
,38585,2026-03-19T19:01:20+00:00,1269,0,0,69.38
,38586,2026-03-19T19:01:20+00:00,1459,0,0,62.07
,38587,2026-03-19T19:01:20+00:00,1459,0,0,62.07
,38588,2026-03-19T19:01:20+00:00,1459,0,0,62.07
,38589,2026-03-19T19:01:20+00:00,1885,0,1,37.59
,38590,2026-03-19T19:01:20+00:00,1969,0,0,37.59
,38591,2026-03-19T19:01:20+00:00,1969,0,0,62.07
,38592,2026-03-19T19:01:20+00:00,1985,0,0,62.07
,38593,2026-03-19T19:01:20+00:00,2549,0,0,62.07
,38594,2026-03-19T19:01:20+00:00,2999,0,0,62.07
,38595,2026-03-19T19:01:20+00:00,2999,0,0,62.07
,38596,2026-03-19T19:01:20+00:00,2999,0,0,62.07
,38597,2026-03-19T19:01:20+00:00,3489,0,0,71.87
,38598,2026-03-19T19:01:20+00:00,3489,0,0,37.59
,38599,2026-03-19T19:01:20+00:00,3489,0,0,71.87
,38600,2026-03-19T19:01:20+00:00,3489,0,0,37.59
,38601,2026-03-19T19:01:20+00:00,3499,0,0,62.07
,38602,2026-03-19T19:01:20+00:00,3949,0,0,71.87
,38603,2026-03-19T19:01:20+00:00,4259,0,0,37.59
,38604,2026-03-19T19:01:20+00:00,4399,0,0,62.07
,38605,2026-03-19T19:01:20+00:00,5359,0,0,62.07
,38606,2026-03-19T19:01:20+00:00,6399,0,0,62.07
,38607,2026-03-19T19:01:20+00:00,8,0,0,71.87
,38608,2026-03-19T19:01:20+00:00,12,0,1,89.45
,38609,2026-03-19T19:01:20+00:00,12,0,0,82.94
,38610,2026-03-19T19:01:20+00:00,12,0,0,57.31
,38611,2026-03-19T19:01:20+00:00,16,0,0,52.49
,38612,2026-03-19T19:01:20+00:00,25,0,0,76.36
,38613,2026-03-19T19:01:20+00:00,29,0,0,76.36
,38614,2026-03-19T19:01:20+00:00,29,0,0,76.36
,38615,2026-03-19T19:01:20+00:00,29,0,0,62.07
,38616,2026-03-19T19:01:20+00:00,37,0,0,62.07
,38617,2026-03-19T19:01:20+00:00,41,0,0,71.87
,38618,2026-03-19T19:01:20+00:00,45,0,0,62.07
,38619,2026-03-19T19:01:20+00:00,45,0,0,62.07
,38620,2026-03-19T19:01:20+00:00,45,0,0,71.87
,38621,2026-03-19T19:01:20+00:00,45,0,0,62.07
,38622,2026-03-19T19:01:20+00:00,45,0,0,62.07
,38623,2026-03-19T19:01:20+00:00,45,0,0,62.07
,38624,2026-03-19T19:01:20+00:00,45,0,0,62.07
,38625,2026-03-19T19:01:20+00:00,49,0,0,45.32
,38626,2026-03-19T19:01:20+00:00,49,0,0,62.07
,38627,2026-03-19T19:01:20+00:00,52,0,0,62.07
,38628,2026-03-19T19:01:20+00:00,52,0,0,37.59
,38629,2026-03-19T19:01:20+00:00,54,0,0,62.07
,38630,2026-03-19T19:01:20+00:00,54,0,0,62.07
,38631,2026-03-19T19:01:20+00:00,54,0,0,62.07
,38632,2026-03-19T19:01:20+00:00,55,0,0,62.07
,38633,2026-03-19T19:01:20+00:00,55,0,0,62.07
,38634,2026-03-19T19:01:20+00:00,55,0,0,62.07
,38635,2026-03-19T19:01:20+00:00,55,0,0,62.07
,38636,2026-03-19T19:01:20+00:00,55,0,0,52.49
,38637,2026-03-19T19:01:20+00:00,55,0,1,37.59
,38638,2026-03-19T19:01:20+00:00,55,0,0,62.07
,38639,2026-03-19T19:01:20+00:00,55,0,0,37.59
,38640,2026-03-19T19:01:20+00:00,55,0,0,45.32
,38641,2026-03-19T19:01:20+00:00,55,0,0,45.32
,38642,2026-03-19T19:01:20+00:00,55,0,0,62.07
,38643,2026-03-19T19:01:20+00:00,55,0,0,37.59
,38644,2026-03-19T19:01:20+00:00,55,0,0,62.07
,38645,2026-03-19T19:01:20+00:00,59,0,0,62.07
,38646,2026-03-19T19:01:20+00:00,59,0,0,62.07
,38647,2026-03-19T19:01:20+00:00,59,0,0,62.07
,38648,2026-03-19T19:01:20+00:00,59,0,0,62.07
,38649,2026-03-19T19:01:20+00:00,59,0,0,62.07
,38650,2026-03-19T19:01:20+00:00,59,0,0,62.07
,42985,2026-03-19T19:01:20+00:00,9,0,0,75.73
,38651,2026-03-19T19:01:20+00:00,59,0,0,62.07
,38652,2026-03-19T19:01:20+00:00,59,0,0,62.07
,38653,2026-03-19T19:01:20+00:00,59,0,0,82.94
,38654,2026-03-19T19:01:20+00:00,59,0,0,82.94
,38655,2026-03-19T19:01:20+00:00,59,0,0,71.87
,38656,2026-03-19T19:01:20+00:00,59,0,0,62.07
,38657,2026-03-19T19:01:20+00:00,64,0,0,62.07
,38658,2026-03-19T19:01:20+00:00,65,0,0,62.07
,38659,2026-03-19T19:01:20+00:00,65,0,0,62.07
,38660,2026-03-19T19:01:20+00:00,65,0,0,62.07
,38661,2026-03-19T19:01:20+00:00,65,0,0,45.32
,38662,2026-03-19T19:01:20+00:00,65,0,0,62.07
,38663,2026-03-19T19:01:20+00:00,65,0,0,62.07
,38664,2026-03-19T19:01:20+00:00,65,0,0,62.07
,38665,2026-03-19T19:01:20+00:00,68,0,0,71.87
,38666,2026-03-19T19:01:20+00:00,68,0,0,62.07
,38667,2026-03-19T19:01:20+00:00,69,0,0,76.36
,38668,2026-03-19T19:01:20+00:00,69,0,0,62.07
,38669,2026-03-19T19:01:20+00:00,69,0,0,45.32
,38670,2026-03-19T19:01:20+00:00,69,0,0,45.32
,38671,2026-03-19T19:01:20+00:00,69,0,0,45.32
,38672,2026-03-19T19:01:20+00:00,69,0,0,45.32
,38673,2026-03-19T19:01:20+00:00,69,0,0,45.32
,38674,2026-03-19T19:01:20+00:00,69,0,0,45.32
,38675,2026-03-19T19:01:20+00:00,69,0,0,62.07
,38676,2026-03-19T19:01:20+00:00,69,0,0,62.07
,38677,2026-03-19T19:01:20+00:00,69,0,0,62.07
,38678,2026-03-19T19:01:20+00:00,69,0,0,71.87
,38679,2026-03-19T19:01:20+00:00,75,0,0,62.07
,38680,2026-03-19T19:01:20+00:00,75,0,0,62.07
,38681,2026-03-19T19:01:20+00:00,75,0,0,76.36
,38682,2026-03-19T19:01:20+00:00,79,0,0,76.36
,38683,2026-03-19T19:01:20+00:00,79,0,0,62.07
,38684,2026-03-19T19:01:20+00:00,79,0,0,62.07
,38685,2026-03-19T19:01:20+00:00,79,0,0,62.07
,38686,2026-03-19T19:01:20+00:00,79,0,0,62.07
,38687,2026-03-19T19:01:20+00:00,85,0,0,62.07
,38688,2026-03-19T19:01:20+00:00,85,0,0,62.07
,38689,2026-03-19T19:01:20+00:00,85,0,0,76.36
,38690,2026-03-19T19:01:20+00:00,85,0,0,62.07
,38691,2026-03-19T19:01:20+00:00,85,0,0,62.07
,38692,2026-03-19T19:01:20+00:00,85,0,0,62.07
,38693,2026-03-19T19:01:20+00:00,89,0,0,62.07
,38694,2026-03-19T19:01:20+00:00,89,0,0,62.07
,38695,2026-03-19T19:01:20+00:00,89,0,0,62.07
,38696,2026-03-19T19:01:20+00:00,89,0,0,76.36
,38697,2026-03-19T19:01:20+00:00,89,0,0,62.07
,38698,2026-03-19T19:01:20+00:00,89,0,0,62.07
,38699,2026-03-19T19:01:20+00:00,91,0,0,76.36
,38700,2026-03-19T19:01:20+00:00,95,0,0,62.07
,38701,2026-03-19T19:01:20+00:00,95,0,0,62.07
,38702,2026-03-19T19:01:20+00:00,95,0,1,37.59
,38703,2026-03-19T19:01:20+00:00,95,0,0,45.32
,38704,2026-03-19T19:01:20+00:00,99,0,0,62.07
,38705,2026-03-19T19:01:20+00:00,99,0,0,62.07
,38706,2026-03-19T19:01:20+00:00,99,0,0,62.07
,38707,2026-03-19T19:01:20+00:00,99,0,0,62.07
,38708,2026-03-19T19:01:20+00:00,99,0,0,62.07
,38709,2026-03-19T19:01:20+00:00,105,0,0,87.22
,38710,2026-03-19T19:01:20+00:00,107,0,0,57.31
,38711,2026-03-19T19:01:20+00:00,109,0,0,62.07
,38712,2026-03-19T19:01:20+00:00,109,0,0,62.07
,38713,2026-03-19T19:01:20+00:00,109,0,0,62.07
,38714,2026-03-19T19:01:20+00:00,109,0,0,62.07
,38715,2026-03-19T19:01:20+00:00,112,0,0,62.07
,38716,2026-03-19T19:01:20+00:00,115,0,0,62.07
,38717,2026-03-19T19:01:20+00:00,119,0,0,62.07
,38718,2026-03-19T19:01:20+00:00,119,0,0,62.07
,38719,2026-03-19T19:01:20+00:00,125,0,0,32.96
,38720,2026-03-19T19:01:20+00:00,125,0,0,62.07
,38721,2026-03-19T19:01:20+00:00,129,0,0,62.07
,38722,2026-03-19T19:01:20+00:00,129,0,0,62.07
,38723,2026-03-19T19:01:20+00:00,129,0,0,62.07
,38724,2026-03-19T19:01:20+00:00,129,0,0,62.07
,38725,2026-03-19T19:01:20+00:00,129,0,0,62.07
,38726,2026-03-19T19:01:20+00:00,129,0,0,62.07
,38727,2026-03-19T19:01:20+00:00,129,0,0,62.07
,38728,2026-03-19T19:01:20+00:00,135,0,0,45.32
,42986,2026-03-19T19:01:20+00:00,9,0,0,75.73
,38729,2026-03-19T19:01:20+00:00,135,0,0,62.07
,38730,2026-03-19T19:01:20+00:00,139,0,0,62.07
,38731,2026-03-19T19:01:20+00:00,139,0,0,62.07
,38732,2026-03-19T19:01:20+00:00,139,0,0,78.98
,38733,2026-03-19T19:01:20+00:00,139,0,0,62.07
,38734,2026-03-19T19:01:20+00:00,139,0,0,62.07
,38735,2026-03-19T19:01:20+00:00,139,0,0,62.07
,38736,2026-03-19T19:01:20+00:00,139,0,0,62.07
,38737,2026-03-19T19:01:20+00:00,139,0,1,37.59
,38738,2026-03-19T19:01:20+00:00,139,0,0,62.07
,38739,2026-03-19T19:01:20+00:00,139,0,0,62.07
,38740,2026-03-19T19:01:20+00:00,149,0,0,62.07
,38741,2026-03-19T19:01:20+00:00,149,0,0,62.07
,38742,2026-03-19T19:01:20+00:00,149,0,0,62.07
,38743,2026-03-19T19:01:20+00:00,149,0,0,62.07
,38744,2026-03-19T19:01:20+00:00,149,0,0,62.07
,38745,2026-03-19T19:01:20+00:00,149,0,0,62.07
,38746,2026-03-19T19:01:20+00:00,159,0,0,62.07
,38747,2026-03-19T19:01:20+00:00,159,0,0,62.07
,38748,2026-03-19T19:01:20+00:00,159,0,0,62.07
,38749,2026-03-19T19:01:20+00:00,159,0,0,62.07
,38750,2026-03-19T19:01:20+00:00,159,0,0,62.07
,38751,2026-03-19T19:01:20+00:00,159,0,0,62.07
,38752,2026-03-19T19:01:20+00:00,175,0,0,62.07
,38753,2026-03-19T19:01:20+00:00,179,0,0,62.07
,38754,2026-03-19T19:01:20+00:00,179,0,0,62.07
,38755,2026-03-19T19:01:20+00:00,179,0,0,62.07
,38756,2026-03-19T19:01:20+00:00,179,0,0,62.07
,38757,2026-03-19T19:01:20+00:00,189,0,0,62.07
,38758,2026-03-19T19:01:20+00:00,189,0,0,62.07
,38759,2026-03-19T19:01:20+00:00,199,0,0,62.07
,38760,2026-03-19T19:01:20+00:00,199,0,0,62.07
,38761,2026-03-19T19:01:20+00:00,199,0,0,62.07
,38762,2026-03-19T19:01:20+00:00,205,0,0,62.07
,38763,2026-03-19T19:01:20+00:00,215,0,0,62.07
,38764,2026-03-19T19:01:20+00:00,219,0,0,62.07
,38765,2026-03-19T19:01:20+00:00,219,0,0,62.07
,38766,2026-03-19T19:01:20+00:00,219,0,0,62.07
,38767,2026-03-19T19:01:20+00:00,219,0,0,62.07
,38768,2026-03-19T19:01:20+00:00,229,0,0,37.59
,38770,2026-03-19T19:01:20+00:00,259,0,0,62.07
,38771,2026-03-19T19:01:20+00:00,259,0,0,37.59
,38772,2026-03-19T19:01:20+00:00,259,0,0,37.59
,38773,2026-03-19T19:01:20+00:00,259,0,0,62.07
,38774,2026-03-19T19:01:20+00:00,289,0,0,62.07
,38775,2026-03-19T19:01:20+00:00,319,0,0,62.07
,38776,2026-03-19T19:01:20+00:00,329,0,1,37.59
,38777,2026-03-19T19:01:20+00:00,389,0,0,62.07
,38778,2026-03-19T19:01:20+00:00,425,0,0,62.07
,38779,2026-03-19T19:01:20+00:00,2,0,0,71.87
,38780,2026-03-19T19:01:20+00:00,2,0,0,71.87
,38781,2026-03-19T19:01:20+00:00,2,0,0,57.31
,38782,2026-03-19T19:01:20+00:00,3,0,0,71.87
,38783,2026-03-19T19:01:20+00:00,3,0,0,37.59
,38784,2026-03-19T19:01:20+00:00,3,0,0,37.59
,38785,2026-03-19T19:01:20+00:00,3,0,0,71.87
,38786,2026-03-19T19:01:20+00:00,3,0,0,71.87
,38787,2026-03-19T19:01:20+00:00,3,0,1,37.59
,38788,2026-03-19T19:01:20+00:00,3,0,0,46.39
,38789,2026-03-19T19:01:20+00:00,3,0,1,37.59
,38790,2026-03-19T19:01:20+00:00,4,0,0,57.31
,38791,2026-03-19T19:01:20+00:00,4,0,0,37.59
,38792,2026-03-19T19:01:20+00:00,4,0,0,71.87
,38793,2026-03-19T19:01:20+00:00,4,0,0,37.59
,38794,2026-03-19T19:01:20+00:00,4,0,0,71.87
,38795,2026-03-19T19:01:20+00:00,4,0,0,71.87
,38796,2026-03-19T19:01:20+00:00,4,0,0,71.87
,38797,2026-03-19T19:01:20+00:00,4,0,0,71.87
,38798,2026-03-19T19:01:20+00:00,4,0,0,71.87
,38799,2026-03-19T19:01:20+00:00,4,0,0,71.87
,38800,2026-03-19T19:01:20+00:00,4,0,0,71.87
,38801,2026-03-19T19:01:20+00:00,4,0,0,37.59
,38802,2026-03-19T19:01:20+00:00,5,0,0,71.87
,38803,2026-03-19T19:01:20+00:00,5,0,0,71.87
,38804,2026-03-19T19:01:20+00:00,5,0,0,57.31
,38805,2026-03-19T19:01:20+00:00,5,0,0,71.87
,38806,2026-03-19T19:01:20+00:00,5,0,0,57.31
,38807,2026-03-19T19:01:20+00:00,5,0,0,57.31
,38808,2026-03-19T19:01:20+00:00,5,0,0,71.87
,38809,2026-03-19T19:01:20+00:00,5,0,0,71.87
,38810,2026-03-19T19:01:20+00:00,5,0,0,71.87
,38811,2026-03-19T19:01:20+00:00,5,0,0,57.31
,38812,2026-03-19T19:01:20+00:00,5,0,0,71.87
,38813,2026-03-19T19:01:20+00:00,6,0,0,82.94
,38814,2026-03-19T19:01:20+00:00,6,0,0,37.59
,38815,2026-03-19T19:01:20+00:00,6,0,0,71.87
,38816,2026-03-19T19:01:20+00:00,6,0,0,71.87
,38817,2026-03-19T19:01:20+00:00,6,0,0,37.59
,38818,2026-03-19T19:01:20+00:00,6,0,0,71.87
,38819,2026-03-19T19:01:20+00:00,6,0,0,71.87
,38820,2026-03-19T19:01:20+00:00,6,0,0,71.87
,38821,2026-03-19T19:01:20+00:00,6,0,0,57.31
,38822,2026-03-19T19:01:20+00:00,6,0,0,71.87
,38823,2026-03-19T19:01:20+00:00,6,0,0,71.87
,38824,2026-03-19T19:01:20+00:00,7,0,0,82.94
,38825,2026-03-19T19:01:20+00:00,7,0,0,71.87
,38826,2026-03-19T19:01:20+00:00,7,0,0,57.31
,38827,2026-03-19T19:01:20+00:00,7,0,0,57.31
,38828,2026-03-19T19:01:20+00:00,7,0,0,71.87
,38829,2026-03-19T19:01:20+00:00,7,0,0,57.31
,38830,2026-03-19T19:01:20+00:00,7,0,0,57.31
,38831,2026-03-19T19:01:20+00:00,8,0,0,71.87
,38832,2026-03-19T19:01:20+00:00,8,0,0,71.87
,38833,2026-03-19T19:01:20+00:00,9,0,0,60.77
,38834,2026-03-19T19:01:20+00:00,9,0,0,57.31
,38835,2026-03-19T19:01:20+00:00,9,0,0,71.87
,38836,2026-03-19T19:01:20+00:00,9,0,0,71.87
,38837,2026-03-19T19:01:20+00:00,10,0,0,82.94
,38838,2026-03-19T19:01:20+00:00,10,0,0,57.31
,38839,2026-03-19T19:01:20+00:00,10,0,0,71.87
,38840,2026-03-19T19:01:20+00:00,11,0,0,57.31
,38841,2026-03-19T19:01:20+00:00,11,0,0,71.87
,38842,2026-03-19T19:01:20+00:00,11,0,0,71.87
,38843,2026-03-19T19:01:20+00:00,11,0,0,71.87
,38844,2026-03-19T19:01:20+00:00,11,0,0,57.31
,38845,2026-03-19T19:01:20+00:00,11,0,0,71.87
,38846,2026-03-19T19:01:20+00:00,11,0,0,71.87
,38847,2026-03-19T19:01:20+00:00,12,0,0,62.07
,38848,2026-03-19T19:01:20+00:00,12,0,0,62.07
,38849,2026-03-19T19:01:20+00:00,12,0,0,71.87
,38850,2026-03-19T19:01:20+00:00,12,0,0,57.31
,38851,2026-03-19T19:01:20+00:00,379,0,1,37.59
,38852,2026-03-19T19:01:20+00:00,12,0,0,71.87
,38856,2026-03-19T19:01:20+00:00,12,0,0,71.87
,38857,2026-03-19T19:01:20+00:00,12,0,0,71.87
,38858,2026-03-19T19:01:20+00:00,12,0,0,71.87
,38859,2026-03-19T19:01:21+00:00,13,0,0,71.87
,38860,2026-03-19T19:01:21+00:00,13,0,0,71.87
,38861,2026-03-19T19:01:21+00:00,13,0,0,71.87
,38862,2026-03-19T19:01:21+00:00,13,0,0,57.31
,38863,2026-03-19T19:01:21+00:00,13,0,0,57.31
,38864,2026-03-19T19:01:21+00:00,13,0,0,82.94
,38865,2026-03-19T19:01:21+00:00,13,0,0,71.87
,38866,2026-03-19T19:01:21+00:00,14,0,0,71.87
,38867,2026-03-19T19:01:21+00:00,14,0,0,57.31
,38868,2026-03-19T19:01:21+00:00,14,0,0,57.31
,38869,2026-03-19T19:01:21+00:00,15,0,0,57.31
,38870,2026-03-19T19:01:21+00:00,15,0,0,82.94
,38871,2026-03-19T19:01:21+00:00,15,0,0,61.95
,38872,2026-03-19T19:01:21+00:00,16,0,0,71.87
,38873,2026-03-19T19:01:21+00:00,16,0,0,57.31
,38874,2026-03-19T19:01:21+00:00,16,0,0,57.31
,38875,2026-03-19T19:01:21+00:00,16,0,0,71.87
,38876,2026-03-19T19:01:21+00:00,16,0,0,57.31
,38877,2026-03-19T19:01:21+00:00,17,0,0,71.87
,38878,2026-03-19T19:01:21+00:00,18,0,0,62.07
,38879,2026-03-19T19:01:21+00:00,18,0,0,37.59
,38880,2026-03-19T19:01:21+00:00,18,0,0,71.87
,38881,2026-03-19T19:01:21+00:00,18,0,0,71.87
,38882,2026-03-19T19:01:21+00:00,18,0,0,71.87
,38883,2026-03-19T19:01:21+00:00,19,0,0,62.07
,38884,2026-03-19T19:01:21+00:00,19,0,0,62.07
,38885,2026-03-19T19:01:21+00:00,19,0,0,62.07
,38886,2026-03-19T19:01:21+00:00,19,0,0,62.07
,38887,2026-03-19T19:01:21+00:00,19,0,0,62.07
,38888,2026-03-19T19:01:21+00:00,19,0,0,62.07
,38889,2026-03-19T19:01:21+00:00,19,0,0,62.07
,38890,2026-03-19T19:01:21+00:00,19,0,0,82.94
,38891,2026-03-19T19:01:21+00:00,19,0,0,82.94
,38892,2026-03-19T19:01:21+00:00,19,0,0,82.94
,38893,2026-03-19T19:01:21+00:00,19,0,0,57.31
,38894,2026-03-19T19:01:21+00:00,19,0,0,57.31
,38895,2026-03-19T19:01:21+00:00,19,0,0,57.31
,42987,2026-03-19T19:01:21+00:00,9,0,0,61.25
,38896,2026-03-19T19:01:21+00:00,19,0,0,57.31
,38897,2026-03-19T19:01:21+00:00,20,0,0,71.87
,38898,2026-03-19T19:01:21+00:00,21,0,0,57.31
,38899,2026-03-19T19:01:21+00:00,21,0,0,71.87
,38900,2026-03-19T19:01:21+00:00,22,0,0,57.31
,38901,2026-03-19T19:01:21+00:00,22,0,0,71.87
,38902,2026-03-19T19:01:21+00:00,22,0,0,71.87
,38903,2026-03-19T19:01:21+00:00,22,0,0,71.87
,38904,2026-03-19T19:01:21+00:00,22,0,0,71.87
,38905,2026-03-19T19:01:21+00:00,24,0,0,62.07
,38906,2026-03-19T19:01:21+00:00,24,0,0,57.31
,38907,2026-03-19T19:01:21+00:00,25,0,0,62.07
,38908,2026-03-19T19:01:21+00:00,25,0,0,62.07
,38909,2026-03-19T19:01:21+00:00,25,0,0,82.94
,38910,2026-03-19T19:01:21+00:00,25,0,0,62.07
,38911,2026-03-19T19:01:21+00:00,25,0,0,62.07
,38912,2026-03-19T19:01:21+00:00,25,0,0,62.07
,38913,2026-03-19T19:01:21+00:00,25,0,0,62.07
,38914,2026-03-19T19:01:21+00:00,25,0,0,62.07
,38915,2026-03-19T19:01:21+00:00,25,0,0,62.07
,38916,2026-03-19T19:01:21+00:00,25,0,0,62.07
,38917,2026-03-19T19:01:21+00:00,25,0,0,62.07
,38918,2026-03-19T19:01:21+00:00,25,0,0,62.07
,38919,2026-03-19T19:01:21+00:00,25,0,0,62.07
,38920,2026-03-19T19:01:21+00:00,25,0,0,62.07
,38921,2026-03-19T19:01:21+00:00,25,0,0,62.07
,38922,2026-03-19T19:01:21+00:00,25,0,0,62.07
,38923,2026-03-19T19:01:21+00:00,25,0,0,57.31
,38924,2026-03-19T19:01:21+00:00,25,0,0,57.31
,38925,2026-03-19T19:01:21+00:00,26,0,0,76.36
,38926,2026-03-19T19:01:21+00:00,26,0,0,57.31
,38927,2026-03-19T19:01:21+00:00,26,0,0,57.31
,38928,2026-03-19T19:01:21+00:00,27,0,0,57.31
,38929,2026-03-19T19:01:21+00:00,27,0,0,71.87
,38930,2026-03-19T19:01:21+00:00,28,0,0,62.07
,38931,2026-03-19T19:01:21+00:00,28,0,0,62.07
,38932,2026-03-19T19:01:21+00:00,28,0,0,57.31
,38933,2026-03-19T19:01:21+00:00,28,0,0,71.87
,38934,2026-03-19T19:01:21+00:00,28,0,0,71.87
,38935,2026-03-19T19:01:21+00:00,29,0,0,62.07
,38936,2026-03-19T19:01:21+00:00,29,0,0,62.07
,38937,2026-03-19T19:01:21+00:00,29,0,0,62.07
,38938,2026-03-19T19:01:21+00:00,29,0,0,62.07
,38939,2026-03-19T19:01:21+00:00,29,0,0,62.07
,38940,2026-03-19T19:01:21+00:00,29,0,0,62.07
,38941,2026-03-19T19:01:21+00:00,29,0,0,62.07
,38942,2026-03-19T19:01:21+00:00,29,0,0,62.07
,38943,2026-03-19T19:01:21+00:00,29,0,0,45.32
,38944,2026-03-19T19:01:21+00:00,29,0,0,62.07
,38945,2026-03-19T19:01:21+00:00,29,0,0,62.07
,38946,2026-03-19T19:01:21+00:00,29,0,0,76.36
,38947,2026-03-19T19:01:21+00:00,29,0,0,62.07
,38948,2026-03-19T19:01:21+00:00,29,0,0,62.07
,38949,2026-03-19T19:01:21+00:00,29,0,0,62.07
,38950,2026-03-19T19:01:21+00:00,29,0,0,62.07
,38951,2026-03-19T19:01:21+00:00,29,0,0,62.07
,38952,2026-03-19T19:01:21+00:00,31,0,0,37.59
,38953,2026-03-19T19:01:21+00:00,32,0,0,45.32
,38954,2026-03-19T19:01:21+00:00,32,0,0,62.07
,38955,2026-03-19T19:01:21+00:00,32,0,0,62.07
,38956,2026-03-19T19:01:21+00:00,32,0,0,62.07
,38957,2026-03-19T19:01:21+00:00,32,0,0,62.07
,38958,2026-03-19T19:01:21+00:00,32,0,0,62.07
,38959,2026-03-19T19:01:21+00:00,32,0,0,62.07
,38960,2026-03-19T19:01:21+00:00,32,0,0,45.32
,38961,2026-03-19T19:01:21+00:00,32,0,0,62.07
,38962,2026-03-19T19:01:21+00:00,34,0,0,62.07
,38963,2026-03-19T19:01:21+00:00,35,0,0,62.07
,38964,2026-03-19T19:01:21+00:00,35,0,0,62.07
,38965,2026-03-19T19:01:21+00:00,35,0,0,62.07
,38966,2026-03-19T19:01:21+00:00,35,0,0,62.07
,38967,2026-03-19T19:01:21+00:00,35,0,0,62.07
,38968,2026-03-19T19:01:21+00:00,35,0,0,45.32
,38969,2026-03-19T19:01:21+00:00,35,0,0,62.07
,38970,2026-03-19T19:01:21+00:00,35,0,0,62.07
,38971,2026-03-19T19:01:21+00:00,35,0,0,62.07
,38972,2026-03-19T19:01:21+00:00,35,0,0,62.07
,38973,2026-03-19T19:01:21+00:00,35,0,0,62.07
,38974,2026-03-19T19:01:21+00:00,36,0,0,62.07
,38975,2026-03-19T19:01:21+00:00,36,0,0,62.07
,38976,2026-03-19T19:01:21+00:00,36,0,0,62.07
,38977,2026-03-19T19:01:21+00:00,37,0,0,62.07
,38978,2026-03-19T19:01:21+00:00,37,0,0,62.07
,38979,2026-03-19T19:01:21+00:00,37,0,0,62.07
,38980,2026-03-19T19:01:21+00:00,39,0,0,62.07
,38981,2026-03-19T19:01:21+00:00,39,0,0,62.07
,38982,2026-03-19T19:01:21+00:00,39,0,0,62.07
,38983,2026-03-19T19:01:21+00:00,39,0,0,62.07
,38984,2026-03-19T19:01:21+00:00,39,0,0,62.07
,38985,2026-03-19T19:01:21+00:00,39,0,0,62.07
,38986,2026-03-19T19:01:21+00:00,39,0,0,71.87
,38987,2026-03-19T19:01:21+00:00,39,0,0,62.07
,38988,2026-03-19T19:01:21+00:00,39,0,0,37.59
,38989,2026-03-19T19:01:21+00:00,39,0,0,71.87
,38990,2026-03-19T19:01:21+00:00,39,0,0,71.87
,38991,2026-03-19T19:01:21+00:00,39,0,0,37.59
,38992,2026-03-19T19:01:21+00:00,42,0,1,72.6
,38993,2026-03-19T19:01:21+00:00,42,0,0,62.07
,38994,2026-03-19T19:01:21+00:00,43,0,0,62.07
,38995,2026-03-19T19:01:21+00:00,43,0,0,62.07
,38996,2026-03-19T19:01:21+00:00,45,0,0,62.07
,38997,2026-03-19T19:01:21+00:00,45,0,0,62.07
,38998,2026-03-19T19:01:21+00:00,45,0,0,62.07
,38999,2026-03-19T19:01:21+00:00,45,0,0,62.07
,39000,2026-03-19T19:01:21+00:00,45,0,0,62.07
,39001,2026-03-19T19:01:21+00:00,45,0,0,62.07
,39002,2026-03-19T19:01:21+00:00,45,0,0,62.07
,39003,2026-03-19T19:01:21+00:00,45,0,0,62.07
,39004,2026-03-19T19:01:21+00:00,45,0,0,62.07
,39005,2026-03-19T19:01:21+00:00,45,0,0,62.07
,39006,2026-03-19T19:01:21+00:00,47,0,0,62.07
,39007,2026-03-19T19:01:21+00:00,47,0,0,62.07
,39008,2026-03-19T19:01:21+00:00,47,0,0,62.07
,39009,2026-03-19T19:01:21+00:00,47,0,0,62.07
,39010,2026-03-19T19:01:21+00:00,47,0,0,62.07
,39011,2026-03-19T19:01:21+00:00,48,0,0,76.36
,39012,2026-03-19T19:01:21+00:00,48,0,0,57.31
,39013,2026-03-19T19:01:21+00:00,49,0,0,62.07
,39014,2026-03-19T19:01:21+00:00,49,0,0,62.07
,39015,2026-03-19T19:01:21+00:00,49,0,0,62.07
,39094,2026-03-19T19:01:21+00:00,135,0,0,62.07
,39016,2026-03-19T19:01:21+00:00,49,0,0,62.07
,39017,2026-03-19T19:01:21+00:00,49,0,0,62.07
,39018,2026-03-19T19:01:21+00:00,49,0,0,62.07
,39019,2026-03-19T19:01:21+00:00,49,0,0,62.07
,39020,2026-03-19T19:01:21+00:00,49,0,0,62.07
,39021,2026-03-19T19:01:21+00:00,49,0,0,71.87
,39022,2026-03-19T19:01:21+00:00,51,0,0,62.07
,39023,2026-03-19T19:01:21+00:00,53,0,0,62.07
,39024,2026-03-19T19:01:21+00:00,53,0,0,62.07
,39025,2026-03-19T19:01:21+00:00,55,0,0,62.07
,39026,2026-03-19T19:01:21+00:00,55,0,0,62.07
,39027,2026-03-19T19:01:21+00:00,55,0,0,62.07
,39028,2026-03-19T19:01:21+00:00,55,0,0,62.07
,39029,2026-03-19T19:01:21+00:00,55,0,1,71.87
,39030,2026-03-19T19:01:21+00:00,55,0,0,62.07
,39031,2026-03-19T19:01:21+00:00,55,0,0,62.07
,39032,2026-03-19T19:01:21+00:00,55,0,0,82.94
,39033,2026-03-19T19:01:21+00:00,55,0,0,62.07
,39034,2026-03-19T19:01:21+00:00,56,0,0,45.32
,39035,2026-03-19T19:01:21+00:00,59,0,0,76.36
,39036,2026-03-19T19:01:21+00:00,59,0,0,76.36
,39037,2026-03-19T19:01:21+00:00,59,0,0,62.07
,39038,2026-03-19T19:01:21+00:00,59,0,0,62.07
,39039,2026-03-19T19:01:21+00:00,59,0,0,62.07
,39040,2026-03-19T19:01:21+00:00,59,0,0,62.07
,39041,2026-03-19T19:01:21+00:00,59,0,0,62.07
,39042,2026-03-19T19:01:21+00:00,59,0,0,76.36
,39043,2026-03-19T19:01:21+00:00,63,0,0,62.07
,39044,2026-03-19T19:01:21+00:00,65,0,0,62.07
,39045,2026-03-19T19:01:21+00:00,65,0,0,62.07
,39046,2026-03-19T19:01:21+00:00,65,0,0,62.07
,39047,2026-03-19T19:01:21+00:00,65,0,0,62.07
,39048,2026-03-19T19:01:21+00:00,65,0,0,62.07
,39049,2026-03-19T19:01:21+00:00,65,0,0,62.07
,39050,2026-03-19T19:01:21+00:00,69,0,0,62.07
,39051,2026-03-19T19:01:21+00:00,69,0,0,62.07
,39052,2026-03-19T19:01:21+00:00,69,0,0,62.07
,39053,2026-03-19T19:01:21+00:00,69,0,0,62.07
,39054,2026-03-19T19:01:21+00:00,69,0,0,62.07
,39055,2026-03-19T19:01:21+00:00,69,0,0,62.07
,39056,2026-03-19T19:01:21+00:00,69,0,0,62.07
,39057,2026-03-19T19:01:21+00:00,74,0,0,62.07
,39058,2026-03-19T19:01:21+00:00,75,0,0,62.07
,39059,2026-03-19T19:01:21+00:00,75,0,0,62.07
,39060,2026-03-19T19:01:21+00:00,75,0,0,62.07
,39061,2026-03-19T19:01:21+00:00,79,0,0,62.07
,39062,2026-03-19T19:01:21+00:00,79,0,0,62.07
,39063,2026-03-19T19:01:21+00:00,79,0,0,62.07
,39064,2026-03-19T19:01:21+00:00,79,0,0,62.07
,39065,2026-03-19T19:01:21+00:00,79,0,0,62.07
,39066,2026-03-19T19:01:21+00:00,79,0,0,62.07
,39067,2026-03-19T19:01:21+00:00,84,0,0,62.07
,39068,2026-03-19T19:01:21+00:00,84,0,0,62.07
,39069,2026-03-19T19:01:21+00:00,85,0,0,76.36
,39070,2026-03-19T19:01:21+00:00,85,0,0,62.07
,39071,2026-03-19T19:01:21+00:00,85,0,0,62.07
,39072,2026-03-19T19:01:21+00:00,85,0,0,45.32
,39073,2026-03-19T19:01:21+00:00,85,0,0,62.07
,39074,2026-03-19T19:01:21+00:00,89,0,0,62.07
,39075,2026-03-19T19:01:21+00:00,89,0,0,62.07
,39076,2026-03-19T19:01:21+00:00,89,0,0,62.07
,39077,2026-03-19T19:01:21+00:00,99,0,0,62.07
,39078,2026-03-19T19:01:21+00:00,99,0,0,66.39
,39079,2026-03-19T19:01:21+00:00,99,0,0,62.07
,39080,2026-03-19T19:01:21+00:00,99,0,0,62.07
,39081,2026-03-19T19:01:21+00:00,109,0,0,62.07
,39082,2026-03-19T19:01:21+00:00,109,0,0,62.07
,39083,2026-03-19T19:01:21+00:00,115,0,0,62.07
,39084,2026-03-19T19:01:21+00:00,115,0,0,62.07
,39085,2026-03-19T19:01:21+00:00,119,0,0,76.36
,39086,2026-03-19T19:01:21+00:00,119,0,1,37.59
,39087,2026-03-19T19:01:21+00:00,119,0,0,76.36
,39088,2026-03-19T19:01:21+00:00,129,0,0,62.07
,39089,2026-03-19T19:01:21+00:00,129,0,0,62.07
,39090,2026-03-19T19:01:21+00:00,129,0,0,76.36
,39091,2026-03-19T19:01:21+00:00,129,0,0,76.36
,39092,2026-03-19T19:01:21+00:00,135,0,0,62.07
,39093,2026-03-19T19:01:21+00:00,135,0,0,76.36
,39095,2026-03-19T19:01:21+00:00,139,0,0,62.07
,39096,2026-03-19T19:01:21+00:00,139,0,0,76.36
,39097,2026-03-19T19:01:21+00:00,149,0,0,62.07
,39098,2026-03-19T19:01:21+00:00,155,0,0,62.07
,39099,2026-03-19T19:01:21+00:00,159,0,0,62.07
,39100,2026-03-19T19:01:21+00:00,159,0,0,62.07
,39101,2026-03-19T19:01:21+00:00,169,0,0,62.07
,39102,2026-03-19T19:01:21+00:00,169,0,0,62.07
,39103,2026-03-19T19:01:21+00:00,189,0,0,81.81
,39104,2026-03-19T19:01:21+00:00,199,0,0,78.98
,39105,2026-03-19T19:01:21+00:00,199,0,0,78.98
,39106,2026-03-19T19:01:21+00:00,199,0,0,62.07
,39107,2026-03-19T19:01:21+00:00,199,0,0,62.07
,39108,2026-03-19T19:01:21+00:00,205,0,1,37.59
,39109,2026-03-19T19:01:21+00:00,205,0,0,62.07
,39110,2026-03-19T19:01:21+00:00,215,0,0,62.07
,39111,2026-03-19T19:01:21+00:00,229,0,0,66.39
,39112,2026-03-19T19:01:21+00:00,229,0,1,37.59
,39113,2026-03-19T19:01:21+00:00,229,0,0,66.39
,39114,2026-03-19T19:01:21+00:00,249,0,0,62.07
,39115,2026-03-19T19:01:21+00:00,269,0,0,37.59
,39116,2026-03-19T19:01:21+00:00,289,0,0,62.07
,39117,2026-03-19T19:01:21+00:00,299,0,0,62.07
,39118,2026-03-19T19:01:21+00:00,309,0,0,62.07
,39119,2026-03-19T19:01:21+00:00,319,0,0,62.07
,39120,2026-03-19T19:01:21+00:00,339,0,0,62.07
,39121,2026-03-19T19:01:21+00:00,359,0,0,66.39
,39122,2026-03-19T19:01:21+00:00,359,0,0,46.88
,39123,2026-03-19T19:01:21+00:00,369,0,1,37.59
,39124,2026-03-19T19:01:21+00:00,399,0,0,62.07
,39125,2026-03-19T19:01:21+00:00,399,0,0,37.59
,39126,2026-03-19T19:01:21+00:00,419,0,0,62.07
,39127,2026-03-19T19:01:21+00:00,419,0,0,62.07
,39128,2026-03-19T19:01:21+00:00,429,0,0,62.07
,39129,2026-03-19T19:01:21+00:00,449,0,0,62.07
,39130,2026-03-19T19:01:21+00:00,7,0,0,37.59
,39131,2026-03-19T19:01:21+00:00,8,0,0,37.59
,39132,2026-03-19T19:01:21+00:00,8,0,0,71.87
,42988,2026-03-19T19:01:21+00:00,1,0,0,61.25
,39133,2026-03-19T19:01:21+00:00,9,0,0,71.87
,39134,2026-03-19T19:01:21+00:00,9,0,0,37.59
,39135,2026-03-19T19:01:21+00:00,9,0,0,71.87
,39136,2026-03-19T19:01:21+00:00,12,0,1,37.59
,39137,2026-03-19T19:01:21+00:00,13,0,0,57.31
,39138,2026-03-19T19:01:21+00:00,13,0,0,57.31
,39139,2026-03-19T19:01:21+00:00,15,0,0,57.31
,39140,2026-03-19T19:01:21+00:00,16,0,0,71.87
,39141,2026-03-19T19:01:21+00:00,19,0,0,76.36
,39142,2026-03-19T19:01:21+00:00,19,0,0,62.07
,39143,2026-03-19T19:01:21+00:00,19,0,1,37.59
,39144,2026-03-19T19:01:21+00:00,19,0,0,71.87
,39145,2026-03-19T19:01:21+00:00,23,0,0,62.07
,39146,2026-03-19T19:01:21+00:00,25,0,0,62.07
,39147,2026-03-19T19:01:21+00:00,25,0,0,62.07
,39148,2026-03-19T19:01:21+00:00,25,0,0,57.31
,39149,2026-03-19T19:01:21+00:00,25,0,0,71.87
,39150,2026-03-19T19:01:21+00:00,29,0,0,62.07
,39151,2026-03-19T19:01:21+00:00,29,0,0,62.07
,39152,2026-03-19T19:01:21+00:00,29,0,0,62.07
,39153,2026-03-19T19:01:21+00:00,33,0,0,62.07
,39154,2026-03-19T19:01:21+00:00,33,0,0,62.07
,39155,2026-03-19T19:01:21+00:00,35,0,0,62.07
,39156,2026-03-19T19:01:21+00:00,37,0,0,62.07
,39157,2026-03-19T19:01:21+00:00,39,0,0,62.07
,39158,2026-03-19T19:01:21+00:00,39,0,0,62.07
,39159,2026-03-19T19:01:21+00:00,41,0,0,62.07
,39160,2026-03-19T19:01:21+00:00,42,0,0,57.31
,39161,2026-03-19T19:01:21+00:00,44,0,0,62.07
,39162,2026-03-19T19:01:21+00:00,45,0,0,37.59
,39163,2026-03-19T19:01:21+00:00,49,0,0,62.07
,39164,2026-03-19T19:01:21+00:00,49,0,0,62.07
,39165,2026-03-19T19:01:21+00:00,49,0,0,62.07
,39166,2026-03-19T19:01:21+00:00,49,0,0,82.94
,39167,2026-03-19T19:01:21+00:00,51,0,1,72.6
,39168,2026-03-19T19:01:21+00:00,52,0,0,71.87
,39169,2026-03-19T19:01:21+00:00,55,0,1,37.59
,39170,2026-03-19T19:01:21+00:00,55,0,0,82.94
,39171,2026-03-19T19:01:21+00:00,56,0,0,62.07
,39172,2026-03-19T19:01:21+00:00,56,0,0,62.07
,39173,2026-03-19T19:01:21+00:00,57,0,0,62.07
,39174,2026-03-19T19:01:21+00:00,59,0,0,82.94
,39175,2026-03-19T19:01:21+00:00,59,0,0,62.07
,39176,2026-03-19T19:01:21+00:00,65,0,0,76.36
,39177,2026-03-19T19:01:21+00:00,65,0,0,76.36
,39178,2026-03-19T19:01:21+00:00,65,0,0,62.07
,39179,2026-03-19T19:01:21+00:00,69,0,0,62.07
,39180,2026-03-19T19:01:21+00:00,69,0,0,62.07
,39181,2026-03-19T19:01:21+00:00,75,0,0,62.07
,39182,2026-03-19T19:01:21+00:00,75,0,0,76.36
,39183,2026-03-19T19:01:21+00:00,78,0,0,62.07
,39184,2026-03-19T19:01:21+00:00,79,0,0,76.36
,39185,2026-03-19T19:01:21+00:00,84,0,0,57.31
,39186,2026-03-19T19:01:21+00:00,85,0,0,45.32
,39187,2026-03-19T19:01:21+00:00,86,0,0,24.72
,39188,2026-03-19T19:01:21+00:00,89,0,0,62.07
,39189,2026-03-19T19:01:21+00:00,89,0,0,62.07
,39190,2026-03-19T19:01:21+00:00,89,0,0,62.07
,39191,2026-03-19T19:01:21+00:00,95,0,0,62.07
,39192,2026-03-19T19:01:21+00:00,99,0,1,72.6
,39193,2026-03-19T19:01:21+00:00,99,0,0,37.59
,39194,2026-03-19T19:01:21+00:00,99,0,0,37.59
,39195,2026-03-19T19:01:21+00:00,99,0,0,76.36
,39196,2026-03-19T19:01:21+00:00,99,0,0,62.07
,39197,2026-03-19T19:01:21+00:00,99,0,0,62.07
,39198,2026-03-19T19:01:21+00:00,99,0,0,62.07
,39199,2026-03-19T19:01:21+00:00,99,0,0,62.07
,39200,2026-03-19T19:01:21+00:00,107,0,0,37.59
,39201,2026-03-19T19:01:21+00:00,107,0,0,62.07
,39202,2026-03-19T19:01:21+00:00,109,0,0,62.07
,39203,2026-03-19T19:01:21+00:00,109,0,0,76.36
,39204,2026-03-19T19:01:21+00:00,109,0,0,62.07
,39205,2026-03-19T19:01:21+00:00,109,0,0,62.07
,39206,2026-03-19T19:01:21+00:00,109,0,0,62.07
,39207,2026-03-19T19:01:21+00:00,119,0,1,37.59
,39208,2026-03-19T19:01:21+00:00,119,0,0,76.36
,39209,2026-03-19T19:01:21+00:00,119,0,0,62.07
,39210,2026-03-19T19:01:21+00:00,119,0,0,57.31
,39211,2026-03-19T19:01:21+00:00,139,0,0,57.31
,39212,2026-03-19T19:01:21+00:00,139,0,0,76.36
,39213,2026-03-19T19:01:21+00:00,139,0,0,62.07
,39214,2026-03-19T19:01:21+00:00,145,0,0,62.07
,39215,2026-03-19T19:01:21+00:00,145,0,0,62.07
,39216,2026-03-19T19:01:21+00:00,159,0,1,37.59
,39217,2026-03-19T19:01:21+00:00,165,0,0,76.36
,39218,2026-03-19T19:01:21+00:00,165,0,0,62.07
,39219,2026-03-19T19:01:21+00:00,165,0,0,62.07
,39220,2026-03-19T19:01:21+00:00,179,0,0,62.07
,39221,2026-03-19T19:01:21+00:00,189,0,0,62.07
,39222,2026-03-19T19:01:21+00:00,195,0,0,62.07
,39223,2026-03-19T19:01:21+00:00,199,0,0,62.07
,39224,2026-03-19T19:01:21+00:00,199,0,0,62.07
,39225,2026-03-19T19:01:21+00:00,199,0,0,62.07
,39226,2026-03-19T19:01:21+00:00,209,0,0,62.07
,39227,2026-03-19T19:01:21+00:00,219,0,0,62.07
,39228,2026-03-19T19:01:21+00:00,229,0,1,37.59
,39229,2026-03-19T19:01:21+00:00,229,0,0,62.07
,39230,2026-03-19T19:01:21+00:00,239,0,0,62.07
,39231,2026-03-19T19:01:21+00:00,245,0,0,62.07
,39232,2026-03-19T19:01:21+00:00,247,0,0,62.07
,39233,2026-03-19T19:01:21+00:00,249,0,0,37.59
,39234,2026-03-19T19:01:21+00:00,269,0,0,62.07
,39235,2026-03-19T19:01:21+00:00,269,0,0,62.07
,39236,2026-03-19T19:01:21+00:00,279,0,0,71.87
,39237,2026-03-19T19:01:21+00:00,279,0,0,62.07
,39238,2026-03-19T19:01:21+00:00,279,0,0,37.59
,39239,2026-03-19T19:01:21+00:00,289,0,0,37.59
,39240,2026-03-19T19:01:21+00:00,295,0,1,72.6
,39241,2026-03-19T19:01:21+00:00,339,0,0,62.07
,39242,2026-03-19T19:01:21+00:00,359,0,0,62.07
,39243,2026-03-19T19:01:21+00:00,379,0,0,62.07
,39244,2026-03-19T19:01:21+00:00,399,0,0,62.07
,39245,2026-03-19T19:01:21+00:00,399,0,0,62.07
,39246,2026-03-19T19:01:21+00:00,399,0,0,62.07
,39247,2026-03-19T19:01:21+00:00,429,0,0,62.07
,39248,2026-03-19T19:01:21+00:00,489,0,0,62.07
,39249,2026-03-19T19:01:21+00:00,539,0,0,62.07
,39250,2026-03-19T19:01:21+00:00,599,0,0,62.07
,39251,2026-03-19T19:01:21+00:00,1159,0,0,76.36
,39252,2026-03-19T19:01:21+00:00,15,0,0,71.87
,39253,2026-03-19T19:01:21+00:00,23,0,0,62.07
,39254,2026-03-19T19:01:21+00:00,23,0,0,57.31
,39255,2026-03-19T19:01:21+00:00,24,0,0,82.94
,39256,2026-03-19T19:01:21+00:00,25,0,0,62.07
,39257,2026-03-19T19:01:21+00:00,25,0,0,57.31
,39258,2026-03-19T19:01:21+00:00,29,0,0,76.36
,39259,2026-03-19T19:01:21+00:00,39,0,0,62.07
,39260,2026-03-19T19:01:21+00:00,42,0,0,62.07
,39261,2026-03-19T19:01:21+00:00,45,0,0,62.07
,39262,2026-03-19T19:01:21+00:00,45,0,0,62.07
,39263,2026-03-19T19:01:21+00:00,45,0,0,62.07
,39264,2026-03-19T19:01:21+00:00,49,0,0,62.07
,39265,2026-03-19T19:01:21+00:00,49,0,0,45.32
,39266,2026-03-19T19:01:21+00:00,49,0,0,62.07
,39267,2026-03-19T19:01:21+00:00,59,0,0,52.49
,39268,2026-03-19T19:01:21+00:00,59,0,0,76.36
,39269,2026-03-19T19:01:21+00:00,59,0,0,62.07
,39270,2026-03-19T19:01:21+00:00,59,0,0,62.07
,39271,2026-03-19T19:01:21+00:00,59,0,0,62.07
,39272,2026-03-19T19:01:21+00:00,69,0,0,62.07
,39273,2026-03-19T19:01:21+00:00,69,0,0,76.36
,39274,2026-03-19T19:01:21+00:00,69,0,0,62.07
,39275,2026-03-19T19:01:21+00:00,69,0,0,62.07
,39276,2026-03-19T19:01:21+00:00,69,0,0,62.07
,39277,2026-03-19T19:01:21+00:00,73,0,0,62.07
,39278,2026-03-19T19:01:21+00:00,73,0,0,62.07
,39279,2026-03-19T19:01:21+00:00,74,0,0,71.87
,39280,2026-03-19T19:01:21+00:00,75,0,0,62.07
,39281,2026-03-19T19:01:21+00:00,75,0,0,62.07
,39282,2026-03-19T19:01:21+00:00,77,0,0,62.07
,39283,2026-03-19T19:01:21+00:00,79,0,0,62.07
,39284,2026-03-19T19:01:21+00:00,89,0,0,76.36
,39285,2026-03-19T19:01:21+00:00,89,0,0,45.32
,39286,2026-03-19T19:01:21+00:00,89,0,0,62.07
,39287,2026-03-19T19:01:21+00:00,89,0,0,62.07
,39288,2026-03-19T19:01:21+00:00,89,0,0,62.07
,39289,2026-03-19T19:01:21+00:00,89,0,0,62.07
,39290,2026-03-19T19:01:21+00:00,95,0,0,62.07
,39291,2026-03-19T19:01:21+00:00,105,0,0,62.07
,39292,2026-03-19T19:01:21+00:00,109,0,0,62.07
,39293,2026-03-19T19:01:21+00:00,115,0,0,62.07
,39294,2026-03-19T19:01:21+00:00,115,0,0,62.07
,39295,2026-03-19T19:01:21+00:00,119,0,0,37.59
,39296,2026-03-19T19:01:21+00:00,129,0,0,62.07
,39297,2026-03-19T19:01:21+00:00,135,0,0,62.07
,39298,2026-03-19T19:01:21+00:00,149,0,0,62.07
,39299,2026-03-19T19:01:21+00:00,166,0,0,32.17
,39300,2026-03-19T19:01:21+00:00,169,0,0,62.07
,39301,2026-03-19T19:01:21+00:00,179,0,0,37.59
,39302,2026-03-19T19:01:21+00:00,179,0,0,45.32
,39303,2026-03-19T19:01:21+00:00,189,0,0,62.07
,39304,2026-03-19T19:01:21+00:00,189,0,0,62.07
,39305,2026-03-19T19:01:21+00:00,199,0,0,37.59
,39306,2026-03-19T19:01:21+00:00,255,0,0,62.07
,39307,2026-03-19T19:01:21+00:00,289,0,0,62.07
,39308,2026-03-19T19:01:21+00:00,0,0,0,71.87
,39309,2026-03-19T19:01:21+00:00,2,0,0,71.87
,39310,2026-03-19T19:01:21+00:00,9,0,0,71.87
,39311,2026-03-19T19:01:21+00:00,25,0,0,82.94
,39312,2026-03-19T19:01:21+00:00,27,0,0,62.07
,39313,2026-03-19T19:01:21+00:00,29,0,0,62.07
,39314,2026-03-19T19:01:21+00:00,29,0,0,62.07
,39315,2026-03-19T19:01:21+00:00,29,0,0,62.07
,39316,2026-03-19T19:01:21+00:00,29,0,0,62.07
,39317,2026-03-19T19:01:21+00:00,29,0,0,62.07
,39318,2026-03-19T19:01:21+00:00,29,0,0,62.07
,39319,2026-03-19T19:01:21+00:00,29,0,0,62.07
,39320,2026-03-19T19:01:21+00:00,29,0,0,62.07
,39321,2026-03-19T19:01:21+00:00,29,0,0,62.07
,39322,2026-03-19T19:01:21+00:00,35,0,0,62.07
,39323,2026-03-19T19:01:21+00:00,38,0,0,62.07
,39324,2026-03-19T19:01:21+00:00,38,0,0,71.87
,39325,2026-03-19T19:01:21+00:00,38,0,0,57.31
,39326,2026-03-19T19:01:21+00:00,39,0,0,62.07
,39327,2026-03-19T19:01:21+00:00,39,0,0,62.07
,39328,2026-03-19T19:01:21+00:00,47,0,0,62.07
,39329,2026-03-19T19:01:21+00:00,49,0,0,62.07
,39330,2026-03-19T19:01:21+00:00,49,0,0,62.07
,39331,2026-03-19T19:01:21+00:00,49,0,0,62.07
,39332,2026-03-19T19:01:21+00:00,49,0,0,37.59
,39333,2026-03-19T19:01:21+00:00,49,0,0,62.07
,39334,2026-03-19T19:01:21+00:00,49,0,0,62.07
,39335,2026-03-19T19:01:21+00:00,49,0,0,62.07
,39336,2026-03-19T19:01:21+00:00,49,0,0,37.59
,39337,2026-03-19T19:01:21+00:00,59,0,0,62.07
,39338,2026-03-19T19:01:21+00:00,59,0,0,62.07
,39339,2026-03-19T19:01:21+00:00,59,0,0,62.07
,39340,2026-03-19T19:01:21+00:00,59,0,0,62.07
,39341,2026-03-19T19:01:21+00:00,62,0,0,62.07
,39342,2026-03-19T19:01:21+00:00,65,0,0,62.07
,39343,2026-03-19T19:01:21+00:00,68,0,0,62.07
,39344,2026-03-19T19:01:21+00:00,69,0,0,62.07
,39345,2026-03-19T19:01:21+00:00,69,0,0,62.07
,39346,2026-03-19T19:01:21+00:00,79,0,0,62.07
,39347,2026-03-19T19:01:21+00:00,79,0,0,62.07
,39348,2026-03-19T19:01:21+00:00,89,0,0,76.36
,39349,2026-03-19T19:01:21+00:00,98,0,0,62.07
,39350,2026-03-19T19:01:21+00:00,99,0,0,62.07
,39351,2026-03-19T19:01:21+00:00,99,0,0,62.07
,39352,2026-03-19T19:01:21+00:00,109,0,0,62.07
,39353,2026-03-19T19:01:21+00:00,115,0,0,62.07
,39354,2026-03-19T19:01:21+00:00,145,0,0,76.36
,39355,2026-03-19T19:01:21+00:00,179,0,0,76.36
,39356,2026-03-19T19:01:21+00:00,199,0,0,62.07
,39357,2026-03-19T19:01:21+00:00,17,0,0,71.87
,39358,2026-03-19T19:01:21+00:00,24,0,0,82.94
,39359,2026-03-19T19:01:21+00:00,29,0,0,62.07
,39360,2026-03-19T19:01:21+00:00,34,0,0,62.07
,39361,2026-03-19T19:01:21+00:00,35,0,0,62.07
,39362,2026-03-19T19:01:21+00:00,36,0,0,62.07
,39363,2026-03-19T19:01:21+00:00,39,0,0,62.07
,39364,2026-03-19T19:01:21+00:00,44,0,0,57.31
,39365,2026-03-19T19:01:21+00:00,49,0,0,62.07
,39366,2026-03-19T19:01:21+00:00,49,0,0,62.07
,39367,2026-03-19T19:01:21+00:00,49,0,0,62.07
,39368,2026-03-19T19:01:21+00:00,52,0,0,62.07
,39369,2026-03-19T19:01:21+00:00,52,0,0,62.07
,39370,2026-03-19T19:01:21+00:00,52,0,0,62.07
,39371,2026-03-19T19:01:21+00:00,59,0,0,82.94
,39372,2026-03-19T19:01:21+00:00,65,0,0,82.94
,39373,2026-03-19T19:01:21+00:00,71,0,0,62.07
,39374,2026-03-19T19:01:21+00:00,79,0,0,62.07
,39375,2026-03-19T19:01:21+00:00,80,0,0,62.07
,39376,2026-03-19T19:01:21+00:00,94,0,0,62.07
,39377,2026-03-19T19:01:21+00:00,98,0,0,62.07
,39378,2026-03-19T19:01:21+00:00,109,0,0,62.07
,39379,2026-03-19T19:01:21+00:00,119,0,0,62.07
,39380,2026-03-19T19:01:21+00:00,135,0,0,37.59
,39381,2026-03-19T19:01:21+00:00,147,0,1,71.87
,39382,2026-03-19T19:01:21+00:00,79,0,0,82.94
,39383,2026-03-19T19:01:21+00:00,89,0,0,52.49
,39384,2026-03-19T19:01:21+00:00,99,0,0,62.07
,39385,2026-03-19T19:01:21+00:00,102,0,0,62.07
,39386,2026-03-19T19:01:21+00:00,119,0,0,37.59
,39387,2026-03-19T19:01:21+00:00,149,0,0,37.59
,39388,2026-03-19T19:01:21+00:00,159,0,0,62.07
,39389,2026-03-19T19:01:21+00:00,165,0,0,62.07
,39390,2026-03-19T19:01:21+00:00,175,0,0,62.07
,39391,2026-03-19T19:01:21+00:00,199,0,0,62.07
,39392,2026-03-19T19:01:21+00:00,229,0,0,62.07
,39393,2026-03-19T19:01:21+00:00,249,0,0,62.07
,39394,2026-03-19T19:01:21+00:00,252,0,0,37.59
,39395,2026-03-19T19:01:21+00:00,299,0,0,37.59
,39396,2026-03-19T19:01:21+00:00,299,0,0,62.07
,39397,2026-03-19T19:01:21+00:00,365,0,0,62.07
,39398,2026-03-19T19:01:21+00:00,369,0,0,62.07
,39399,2026-03-19T19:01:21+00:00,379,0,0,62.07
,39400,2026-03-19T19:01:21+00:00,509,0,0,62.07
,39401,2026-03-19T19:01:21+00:00,509,0,0,78.98
,39402,2026-03-19T19:01:21+00:00,589,0,0,62.07
,39403,2026-03-19T19:01:21+00:00,45,0,0,62.07
,39404,2026-03-19T19:01:21+00:00,65,0,0,62.07
,39405,2026-03-19T19:01:21+00:00,79,0,0,62.07
,39406,2026-03-19T19:01:21+00:00,85,0,0,62.07
,39407,2026-03-19T19:01:21+00:00,89,0,0,62.07
,39408,2026-03-19T19:01:21+00:00,99,0,0,62.07
,39409,2026-03-19T19:01:21+00:00,99,0,0,62.07
,39410,2026-03-19T19:01:21+00:00,99,0,0,62.07
,39411,2026-03-19T19:01:21+00:00,99,0,0,62.07
,39412,2026-03-19T19:01:21+00:00,115,0,0,62.07
,39413,2026-03-19T19:01:21+00:00,115,0,0,62.07
,39414,2026-03-19T19:01:21+00:00,115,0,0,62.07
,39415,2026-03-19T19:01:21+00:00,119,0,0,62.07
,39416,2026-03-19T19:01:21+00:00,125,0,0,62.07
,39417,2026-03-19T19:01:21+00:00,129,0,0,62.07
,39418,2026-03-19T19:01:21+00:00,129,0,0,37.59
,39419,2026-03-19T19:01:21+00:00,145,0,0,62.07
,39420,2026-03-19T19:01:21+00:00,149,0,0,62.07
,39421,2026-03-19T19:01:21+00:00,159,0,0,37.59
,39422,2026-03-19T19:01:21+00:00,159,0,0,62.07
,39423,2026-03-19T19:01:21+00:00,159,0,0,62.07
,39424,2026-03-19T19:01:21+00:00,165,0,0,62.07
,39425,2026-03-19T19:01:21+00:00,175,0,0,62.07
,39426,2026-03-19T19:01:21+00:00,185,0,0,62.07
,39427,2026-03-19T19:01:21+00:00,199,0,0,87.22
,39428,2026-03-19T19:01:21+00:00,229,0,0,62.07
,39429,2026-03-19T19:01:21+00:00,229,0,0,62.07
,39430,2026-03-19T19:01:21+00:00,229,0,0,62.07
,39431,2026-03-19T19:01:21+00:00,249,0,0,62.07
,39432,2026-03-19T19:01:21+00:00,249,0,0,62.07
,39433,2026-03-19T19:01:21+00:00,259,0,0,62.07
,39434,2026-03-19T19:01:21+00:00,259,0,0,62.07
,39435,2026-03-19T19:01:21+00:00,269,0,0,32.17
,39436,2026-03-19T19:01:21+00:00,285,0,0,62.07
,39437,2026-03-19T19:01:21+00:00,289,0,0,62.07
,39438,2026-03-19T19:01:21+00:00,299,0,0,62.07
,39439,2026-03-19T19:01:21+00:00,349,0,0,62.07
,39440,2026-03-19T19:01:21+00:00,359,0,0,62.07
,39441,2026-03-19T19:01:21+00:00,409,0,0,37.59
,39442,2026-03-19T19:01:21+00:00,439,0,0,77.56
,39443,2026-03-19T19:01:21+00:00,589,0,0,62.07
,39444,2026-03-19T19:01:21+00:00,689,0,0,62.07
,39445,2026-03-19T19:01:21+00:00,699,0,0,62.07
,39446,2026-03-19T19:01:21+00:00,79,0,0,62.07
,39447,2026-03-19T19:01:21+00:00,85,0,0,62.07
,39448,2026-03-19T19:01:21+00:00,89,0,0,62.07
,39449,2026-03-19T19:01:21+00:00,179,0,0,62.07
,39450,2026-03-19T19:01:21+00:00,189,0,0,62.07
,39451,2026-03-19T19:01:21+00:00,235,0,0,62.07
,39452,2026-03-19T19:01:21+00:00,389,0,0,62.07
,39453,2026-03-19T19:01:21+00:00,499,0,0,32.96
,39454,2026-03-19T19:01:21+00:00,579,0,0,32.17
,39455,2026-03-19T19:01:21+00:00,689,0,0,32.17
,39456,2026-03-19T19:01:21+00:00,999,0,0,49.04
,39457,2026-03-19T19:01:21+00:00,2059,0,0,62.07
,39458,2026-03-19T19:01:21+00:00,2549,0,0,62.07
,39459,2026-03-19T19:01:21+00:00,2999,0,0,62.07
,39460,2026-03-19T19:01:21+00:00,5399,0,0,69.69
,39461,2026-03-19T19:01:21+00:00,5699,0,0,62.07
,39462,2026-03-19T19:01:21+00:00,5699,0,0,62.07
,39463,2026-03-19T19:01:21+00:00,5900,0,0,46.39
,39464,2026-03-19T19:01:21+00:00,6299,0,0,69.04
,39465,2026-03-19T19:01:21+00:00,6959,0,0,62.07
,39466,2026-03-19T19:01:21+00:00,16199,0,0,62.07
,39467,2026-03-19T19:01:21+00:00,16849,0,0,62.07
,39468,2026-03-19T19:01:21+00:00,17689,0,0,70.35
,39469,2026-03-19T19:01:21+00:00,10,0,0,71.87
,39470,2026-03-19T19:01:21+00:00,165,0,0,62.07
,39471,2026-03-19T19:01:21+00:00,199,0,0,48.34
,39472,2026-03-19T19:01:21+00:00,239,0,0,62.07
,39473,2026-03-19T19:01:21+00:00,239,0,0,45.32
,39474,2026-03-19T19:01:21+00:00,259,0,0,45.32
,39475,2026-03-19T19:01:21+00:00,269,0,0,62.07
,39476,2026-03-19T19:01:21+00:00,279,0,0,45.32
,39477,2026-03-19T19:01:21+00:00,289,0,0,62.07
,39478,2026-03-19T19:01:21+00:00,289,0,0,45.32
,39479,2026-03-19T19:01:21+00:00,299,0,0,62.07
,39480,2026-03-19T19:01:21+00:00,339,0,0,45.32
,39481,2026-03-19T19:01:21+00:00,359,0,0,45.32
,39482,2026-03-19T19:01:21+00:00,369,0,0,76.36
,39483,2026-03-19T19:01:21+00:00,479,0,0,45.32
,39484,2026-03-19T19:01:21+00:00,499,0,0,45.32
,39485,2026-03-19T19:01:21+00:00,499,0,0,62.07
,39486,2026-03-19T19:01:21+00:00,499,0,0,45.32
,39487,2026-03-19T19:01:21+00:00,519,0,0,45.32
,39488,2026-03-19T19:01:21+00:00,579,0,0,45.32
,39489,2026-03-19T19:01:21+00:00,589,0,0,45.32
,39490,2026-03-19T19:01:21+00:00,599,0,0,76.36
,39491,2026-03-19T19:01:21+00:00,609,0,0,62.07
,39492,2026-03-19T19:01:21+00:00,639,0,0,52.49
,39493,2026-03-19T19:01:21+00:00,649,0,0,45.32
,39494,2026-03-19T19:01:21+00:00,669,0,0,62.07
,39495,2026-03-19T19:01:21+00:00,689,0,0,76.36
,39496,2026-03-19T19:01:21+00:00,689,0,0,45.32
,39497,2026-03-19T19:01:21+00:00,719,0,0,76.36
,39498,2026-03-19T19:01:21+00:00,765,0,0,68.99
,39499,2026-03-19T19:01:21+00:00,799,0,0,52.49
,39500,2026-03-19T19:01:21+00:00,835,0,0,45.32
,39501,2026-03-19T19:01:21+00:00,899,0,0,87.22
,39502,2026-03-19T19:01:21+00:00,959,0,0,62.07
,39503,2026-03-19T19:01:21+00:00,999,0,0,62.07
,39504,2026-03-19T19:01:21+00:00,1029,0,0,62.07
,39505,2026-03-19T19:01:21+00:00,1099,0,0,45.32
,39506,2026-03-19T19:01:21+00:00,1169,0,0,76.36
,39507,2026-03-19T19:01:21+00:00,1199,0,0,45.32
,39508,2026-03-19T19:01:21+00:00,1199,0,0,62.07
,39509,2026-03-19T19:01:21+00:00,1199,0,0,76.36
,39510,2026-03-19T19:01:21+00:00,1299,0,0,76.36
,39511,2026-03-19T19:01:21+00:00,1389,0,0,62.07
,39512,2026-03-19T19:01:21+00:00,1399,0,0,62.07
,39513,2026-03-19T19:01:21+00:00,1639,0,0,71.87
,39514,2026-03-19T19:01:21+00:00,1799,0,0,71.87
,39515,2026-03-19T19:01:21+00:00,2399,0,0,37.59
,39516,2026-03-19T19:01:21+00:00,169,0,0,62.07
,39517,2026-03-19T19:01:21+00:00,179,0,0,45.32
,39518,2026-03-19T19:01:21+00:00,189,0,0,37.59
,39519,2026-03-19T19:01:21+00:00,699,0,0,71.87
,39520,2026-03-19T19:01:21+00:00,769,0,0,52.49
,39521,2026-03-19T19:01:21+00:00,799,0,0,57.31
,39522,2026-03-19T19:01:21+00:00,909,0,0,57.31
,39523,2026-03-19T19:01:21+00:00,949,0,0,71.87
,39524,2026-03-19T19:01:21+00:00,949,0,0,71.87
,39525,2026-03-19T19:01:21+00:00,969,0,0,71.87
,39526,2026-03-19T19:01:21+00:00,999,0,0,71.87
,39527,2026-03-19T19:01:21+00:00,1129,0,0,62.07
,39528,2026-03-19T19:01:21+00:00,1139,0,0,62.07
,39529,2026-03-19T19:01:21+00:00,1199,0,0,45.32
,39530,2026-03-19T19:01:21+00:00,1199,0,0,45.32
,39531,2026-03-19T19:01:21+00:00,1199,0,0,62.07
,39532,2026-03-19T19:01:21+00:00,1249,0,0,45.32
,39533,2026-03-19T19:01:21+00:00,1319,0,0,71.87
,39534,2026-03-19T19:01:21+00:00,1399,0,0,45.32
,39535,2026-03-19T19:01:21+00:00,1499,0,0,66.39
,39536,2026-03-19T19:01:21+00:00,1659,0,0,62.07
,39537,2026-03-19T19:01:21+00:00,1899,0,0,57.31
,39538,2026-03-19T19:01:21+00:00,2299,0,0,82.94
,39539,2026-03-19T19:01:21+00:00,2329,0,0,71.87
,39540,2026-03-19T19:01:21+00:00,2489,0,0,45.32
,39541,2026-03-19T19:01:21+00:00,3699,0,0,62.07
,39542,2026-03-19T19:01:21+00:00,3799,0,0,37.59
,39543,2026-03-19T19:01:21+00:00,4499,0,0,37.59
,39544,2026-03-19T19:01:21+00:00,4899,0,0,62.07
,39545,2026-03-19T19:01:21+00:00,4899,0,0,62.07
,39546,2026-03-19T19:01:21+00:00,5069,0,0,62.07
,39547,2026-03-19T19:01:21+00:00,15999,0,0,37.59
,39548,2026-03-19T19:01:21+00:00,27,0,0,62.07
,39549,2026-03-19T19:01:21+00:00,27,0,0,62.07
,39550,2026-03-19T19:01:21+00:00,39,0,0,62.07
,39551,2026-03-19T19:01:21+00:00,59,0,0,37.59
,39552,2026-03-19T19:01:21+00:00,59,0,0,62.07
,39553,2026-03-19T19:01:21+00:00,59,0,0,62.07
,39554,2026-03-19T19:01:21+00:00,69,0,0,71.87
,39555,2026-03-19T19:01:21+00:00,139,0,0,62.07
,39556,2026-03-19T19:01:21+00:00,139,0,0,62.07
,39557,2026-03-19T19:01:21+00:00,219,0,0,62.07
,39558,2026-03-19T19:01:21+00:00,219,0,0,62.07
,39559,2026-03-19T19:01:21+00:00,699,0,0,62.07
,39560,2026-03-19T19:01:21+00:00,189,0,0,62.07
,39561,2026-03-19T19:01:21+00:00,195,0,0,37.59
,39562,2026-03-19T19:01:21+00:00,199,0,0,74.21
,39563,2026-03-19T19:01:21+00:00,199,0,0,20.54
,39564,2026-03-19T19:01:21+00:00,209,0,0,62.07
,39565,2026-03-19T19:01:21+00:00,219,0,0,45.32
,39566,2026-03-19T19:01:21+00:00,229,0,0,45.32
,39567,2026-03-19T19:01:21+00:00,269,0,0,71.87
,39568,2026-03-19T19:01:21+00:00,279,0,0,76.36
,39569,2026-03-19T19:01:21+00:00,279,0,0,76.36
,39570,2026-03-19T19:01:21+00:00,299,0,0,82.94
,39571,2026-03-19T19:01:21+00:00,329,0,0,62.07
,39572,2026-03-19T19:01:21+00:00,329,0,0,62.07
,39573,2026-03-19T19:01:21+00:00,329,0,0,45.32
,39574,2026-03-19T19:01:21+00:00,339,0,0,62.07
,39575,2026-03-19T19:01:21+00:00,369,0,0,45.32
,39576,2026-03-19T19:01:21+00:00,379,0,0,45.32
,39577,2026-03-19T19:01:21+00:00,399,0,0,45.32
,39578,2026-03-19T19:01:21+00:00,399,0,0,45.32
,39579,2026-03-19T19:01:21+00:00,439,0,0,45.32
,39580,2026-03-19T19:01:21+00:00,439,0,0,62.07
,39581,2026-03-19T19:01:21+00:00,469,0,0,71.87
,39582,2026-03-19T19:01:21+00:00,479,0,0,62.07
,39583,2026-03-19T19:01:21+00:00,489,0,0,62.07
,39584,2026-03-19T19:01:21+00:00,529,0,0,62.07
,39585,2026-03-19T19:01:21+00:00,559,0,0,45.32
,39586,2026-03-19T19:01:21+00:00,575,0,0,62.07
,39587,2026-03-19T19:01:21+00:00,679,0,0,76.36
,39588,2026-03-19T19:01:21+00:00,689,0,0,62.07
,39589,2026-03-19T19:01:21+00:00,699,0,0,62.07
,39590,2026-03-19T19:01:21+00:00,699,0,0,76.36
,39591,2026-03-19T19:01:21+00:00,719,0,0,62.07
,39592,2026-03-19T19:01:21+00:00,729,0,0,62.07
,39593,2026-03-19T19:01:21+00:00,749,0,0,62.07
,39594,2026-03-19T19:01:21+00:00,779,0,0,45.32
,39595,2026-03-19T19:01:21+00:00,789,0,0,37.59
,39596,2026-03-19T19:01:21+00:00,799,0,0,62.07
,39597,2026-03-19T19:01:21+00:00,809,0,0,76.36
,39598,2026-03-19T19:01:21+00:00,829,0,0,62.07
,39599,2026-03-19T19:01:21+00:00,895,0,0,62.07
,39600,2026-03-19T19:01:21+00:00,899,0,0,62.07
,39601,2026-03-19T19:01:21+00:00,899,0,0,62.07
,39602,2026-03-19T19:01:21+00:00,969,0,0,62.07
,39603,2026-03-19T19:01:21+00:00,1139,0,0,62.07
,39604,2026-03-19T19:01:21+00:00,1189,0,0,62.07
,39605,2026-03-19T19:01:21+00:00,1199,0,0,62.07
,39606,2026-03-19T19:01:21+00:00,1299,0,0,71.87
,39607,2026-03-19T19:01:21+00:00,1429,0,0,62.07
,39608,2026-03-19T19:01:21+00:00,1599,0,0,62.07
,39609,2026-03-19T19:01:21+00:00,2599,0,0,62.07
,39610,2026-03-19T19:01:21+00:00,39,0,0,71.87
,39611,2026-03-19T19:01:21+00:00,59,0,0,62.07
,39612,2026-03-19T19:01:21+00:00,75,0,0,76.36
,39613,2026-03-19T19:01:21+00:00,99,0,0,45.32
,39614,2026-03-19T19:01:21+00:00,120,0,0,45.32
,39615,2026-03-19T19:01:21+00:00,139,0,0,62.07
,39616,2026-03-19T19:01:21+00:00,145,0,0,45.32
,39617,2026-03-19T19:01:21+00:00,159,0,0,76.11
,39618,2026-03-19T19:01:21+00:00,165,0,0,45.32
,39619,2026-03-19T19:01:21+00:00,173,0,0,62.07
,39620,2026-03-19T19:01:21+00:00,185,0,0,53.55
,39621,2026-03-19T19:01:21+00:00,189,0,0,37.59
,39622,2026-03-19T19:01:21+00:00,189,0,0,45.32
,39623,2026-03-19T19:01:21+00:00,199,0,0,76.36
,39624,2026-03-19T19:01:21+00:00,199,0,0,77.56
,39625,2026-03-19T19:01:21+00:00,209,0,0,62.07
,39626,2026-03-19T19:01:21+00:00,219,0,0,76.36
,39627,2026-03-19T19:01:21+00:00,239,0,0,62.07
,39628,2026-03-19T19:01:21+00:00,269,0,0,62.07
,39629,2026-03-19T19:01:21+00:00,269,0,0,62.07
,39630,2026-03-19T19:01:21+00:00,289,0,0,76.36
,39631,2026-03-19T19:01:21+00:00,289,0,0,62.07
,39632,2026-03-19T19:01:21+00:00,289,0,0,62.07
,39633,2026-03-19T19:01:21+00:00,289,0,0,62.07
,39634,2026-03-19T19:01:21+00:00,299,0,0,77.56
,39635,2026-03-19T19:01:21+00:00,299,0,0,62.07
,39636,2026-03-19T19:01:21+00:00,319,0,0,62.07
,39637,2026-03-19T19:01:21+00:00,319,0,0,62.07
,39638,2026-03-19T19:01:21+00:00,319,0,0,45.32
,39639,2026-03-19T19:01:21+00:00,319,0,0,62.07
,39640,2026-03-19T19:01:21+00:00,333,0,0,45.32
,39641,2026-03-19T19:01:21+00:00,339,0,0,62.07
,39642,2026-03-19T19:01:21+00:00,339,0,0,45.32
,39643,2026-03-19T19:01:21+00:00,339,0,0,62.07
,39644,2026-03-19T19:01:21+00:00,339,0,0,76.36
,39645,2026-03-19T19:01:21+00:00,369,0,0,62.07
,39646,2026-03-19T19:01:21+00:00,379,0,0,62.07
,39647,2026-03-19T19:01:21+00:00,379,0,0,62.07
,39648,2026-03-19T19:01:21+00:00,389,0,0,62.07
,39649,2026-03-19T19:01:21+00:00,389,0,0,62.07
,39650,2026-03-19T19:01:21+00:00,399,0,0,62.07
,39651,2026-03-19T19:01:21+00:00,399,0,0,62.07
,39652,2026-03-19T19:01:21+00:00,409,0,0,62.07
,39653,2026-03-19T19:01:21+00:00,419,0,0,62.07
,39654,2026-03-19T19:01:21+00:00,419,0,0,62.07
,39655,2026-03-19T19:01:21+00:00,419,0,0,62.07
,39656,2026-03-19T19:01:21+00:00,459,0,0,62.07
,39657,2026-03-19T19:01:21+00:00,489,0,0,62.07
,39658,2026-03-19T19:01:21+00:00,499,0,0,62.07
,39659,2026-03-19T19:01:21+00:00,535,0,1,24.72
,39660,2026-03-19T19:01:21+00:00,629,0,0,62.07
,39661,2026-03-19T19:01:21+00:00,649,0,0,62.07
,39662,2026-03-19T19:01:21+00:00,649,0,0,62.07
,39663,2026-03-19T19:01:21+00:00,659,0,0,45.32
,39664,2026-03-19T19:01:21+00:00,669,0,0,62.07
,39665,2026-03-19T19:01:21+00:00,699,0,0,62.07
,39666,2026-03-19T19:01:21+00:00,699,0,0,62.07
,39667,2026-03-19T19:01:21+00:00,789,0,0,62.07
,39668,2026-03-19T19:01:21+00:00,849,0,0,62.07
,39669,2026-03-19T19:01:21+00:00,890,0,0,62.07
,39670,2026-03-19T19:01:21+00:00,959,0,0,62.07
,39671,2026-03-19T19:01:21+00:00,1099,0,0,68.97
,39672,2026-03-19T19:01:21+00:00,1499,0,0,68.05
,39673,2026-03-19T19:01:21+00:00,1499,0,0,62.07
,39674,2026-03-19T19:01:21+00:00,28,0,1,71.87
,39675,2026-03-19T19:01:21+00:00,31,0,1,71.87
,39676,2026-03-19T19:01:21+00:00,79,0,1,37.59
,39677,2026-03-19T19:01:21+00:00,109,0,1,71.87
,39678,2026-03-19T19:01:21+00:00,129,0,1,71.87
,39679,2026-03-19T19:01:21+00:00,139,0,1,72.6
,39680,2026-03-19T19:01:21+00:00,140,0,1,71.87
,39681,2026-03-19T19:01:21+00:00,149,0,1,71.87
,39682,2026-03-19T19:01:21+00:00,155,0,1,58.2
,39683,2026-03-19T19:01:21+00:00,159,0,1,24.72
,39684,2026-03-19T19:01:21+00:00,169,0,1,71.87
,39685,2026-03-19T19:01:21+00:00,219,0,1,72.6
,39686,2026-03-19T19:01:21+00:00,269,0,1,37.59
,39687,2026-03-19T19:01:21+00:00,315,0,1,71.87
,39688,2026-03-19T19:01:21+00:00,319,0,1,71.87
,39689,2026-03-19T19:01:21+00:00,369,0,1,72.6
,39690,2026-03-19T19:01:21+00:00,389,0,1,71.87
,39691,2026-03-19T19:01:21+00:00,569,0,1,71.87
,39692,2026-03-19T19:01:21+00:00,599,0,1,37.59
,39693,2026-03-19T19:01:21+00:00,599,0,1,82.94
,39694,2026-03-19T19:01:21+00:00,679,0,1,71.87
,39695,2026-03-19T19:01:21+00:00,699,0,1,82.94
,39696,2026-03-19T19:01:21+00:00,799,0,1,72.6
,39697,2026-03-19T19:01:21+00:00,1099,0,1,72.6
,39698,2026-03-19T19:01:21+00:00,26,0,0,82.94
,39699,2026-03-19T19:01:21+00:00,26,0,0,71.87
,39700,2026-03-19T19:01:21+00:00,26,0,0,52.49
,39701,2026-03-19T19:01:21+00:00,27,0,0,76.36
,39702,2026-03-19T19:01:21+00:00,27,0,0,82.94
,39703,2026-03-19T19:01:21+00:00,27,0,0,71.87
,39704,2026-03-19T19:01:21+00:00,28,0,0,24.72
,39705,2026-03-19T19:01:21+00:00,28,0,0,71.87
,39706,2026-03-19T19:01:21+00:00,28,0,0,57.31
,39707,2026-03-19T19:01:21+00:00,28,0,0,57.31
,39708,2026-03-19T19:01:21+00:00,28,0,0,57.31
,39709,2026-03-19T19:01:21+00:00,28,0,0,57.31
,39710,2026-03-19T19:01:21+00:00,28,0,0,37.59
,39711,2026-03-19T19:01:21+00:00,28,0,0,57.31
,39712,2026-03-19T19:01:21+00:00,28,0,0,57.31
,39713,2026-03-19T19:01:21+00:00,29,0,0,37.59
,39714,2026-03-19T19:01:21+00:00,29,0,0,71.87
,39715,2026-03-19T19:01:21+00:00,29,0,0,57.31
,39716,2026-03-19T19:01:21+00:00,35,0,0,82.94
,39717,2026-03-19T19:01:21+00:00,45,0,0,62.07
,39718,2026-03-19T19:01:21+00:00,59,0,0,62.07
,39719,2026-03-19T19:01:21+00:00,65,0,0,62.07
,39720,2026-03-19T19:01:21+00:00,69,0,0,62.07
,39721,2026-03-19T19:01:21+00:00,69,0,0,37.59
,39722,2026-03-19T19:01:21+00:00,85,0,0,62.07
,39723,2026-03-19T19:01:21+00:00,85,0,0,62.07
,39724,2026-03-19T19:01:21+00:00,89,0,0,62.07
,39725,2026-03-19T19:01:21+00:00,99,0,0,62.07
,39726,2026-03-19T19:01:21+00:00,99,0,0,62.07
,39727,2026-03-19T19:01:21+00:00,119,0,0,37.59
,39728,2026-03-19T19:01:21+00:00,175,0,0,37.59
,39729,2026-03-19T19:01:21+00:00,189,0,0,62.07
,39730,2026-03-19T19:01:21+00:00,199,0,0,62.07
,39731,2026-03-19T19:01:21+00:00,199,0,0,62.07
,39732,2026-03-19T19:01:21+00:00,199,0,0,62.07
,39733,2026-03-19T19:01:21+00:00,199,0,0,62.07
,39734,2026-03-19T19:01:21+00:00,209,0,0,71.87
,39735,2026-03-19T19:01:21+00:00,215,0,0,37.59
,39736,2026-03-19T19:01:21+00:00,219,0,0,62.07
,39737,2026-03-19T19:01:21+00:00,229,0,0,62.07
,39738,2026-03-19T19:01:21+00:00,389,0,0,62.07
,39739,2026-03-19T19:01:21+00:00,419,0,0,62.07
,39740,2026-03-19T19:01:21+00:00,699,0,0,62.07
,39741,2026-03-19T19:01:21+00:00,69,0,0,71.87
,39742,2026-03-19T19:01:21+00:00,70,0,0,57.31
,39743,2026-03-19T19:01:21+00:00,59,0,0,77.56
,39744,2026-03-19T19:01:21+00:00,115,0,0,62.07
,39745,2026-03-19T19:01:21+00:00,119,0,0,62.07
,39746,2026-03-19T19:01:21+00:00,119,0,0,62.07
,39747,2026-03-19T19:01:21+00:00,129,0,0,62.07
,39748,2026-03-19T19:01:21+00:00,135,0,0,62.07
,39749,2026-03-19T19:01:21+00:00,135,0,0,62.07
,39750,2026-03-19T19:01:21+00:00,135,0,0,62.07
,39751,2026-03-19T19:01:21+00:00,159,0,0,62.07
,39752,2026-03-19T19:01:21+00:00,169,0,0,62.07
,39753,2026-03-19T19:01:21+00:00,169,0,0,62.07
,39754,2026-03-19T19:01:21+00:00,189,0,0,62.07
,39755,2026-03-19T19:01:21+00:00,195,0,0,62.07
,39756,2026-03-19T19:01:21+00:00,349,0,0,62.07
,39757,2026-03-19T19:01:21+00:00,5,0,0,71.87
,39758,2026-03-19T19:01:21+00:00,37,0,0,71.87
,39759,2026-03-19T19:01:21+00:00,37,0,0,71.87
,39760,2026-03-19T19:01:21+00:00,39,0,0,62.07
,39761,2026-03-19T19:01:21+00:00,49,0,0,62.07
,39762,2026-03-19T19:01:21+00:00,55,0,0,62.07
,39763,2026-03-19T19:01:21+00:00,59,0,0,37.59
,39764,2026-03-19T19:01:21+00:00,59,0,0,62.07
,39765,2026-03-19T19:01:21+00:00,69,0,0,62.07
,39766,2026-03-19T19:01:21+00:00,99,0,0,62.07
,39767,2026-03-19T19:01:21+00:00,99,0,0,62.07
,39768,2026-03-19T19:01:21+00:00,105,0,0,62.07
,39769,2026-03-19T19:01:21+00:00,109,0,0,62.07
,39770,2026-03-19T19:01:21+00:00,109,0,0,62.07
,39771,2026-03-19T19:01:21+00:00,115,0,0,62.07
,39772,2026-03-19T19:01:21+00:00,119,0,0,62.07
,39773,2026-03-19T19:01:21+00:00,119,0,0,62.07
,39774,2026-03-19T19:01:21+00:00,119,0,0,62.07
,39775,2026-03-19T19:01:21+00:00,125,0,0,62.07
,39776,2026-03-19T19:01:21+00:00,125,0,0,62.07
,39777,2026-03-19T19:01:21+00:00,129,0,0,62.07
,39885,2026-03-19T19:01:21+00:00,79,0,0,37.59
,39778,2026-03-19T19:01:21+00:00,139,0,0,62.07
,39779,2026-03-19T19:01:21+00:00,139,0,0,62.07
,39780,2026-03-19T19:01:21+00:00,145,0,0,62.07
,39781,2026-03-19T19:01:21+00:00,149,0,0,62.07
,39782,2026-03-19T19:01:21+00:00,149,0,0,62.07
,39783,2026-03-19T19:01:21+00:00,159,0,0,62.07
,39784,2026-03-19T19:01:21+00:00,165,0,0,62.07
,39785,2026-03-19T19:01:21+00:00,169,0,0,62.07
,39786,2026-03-19T19:01:21+00:00,169,0,0,62.07
,39787,2026-03-19T19:01:21+00:00,169,0,0,62.07
,39788,2026-03-19T19:01:21+00:00,169,0,0,62.07
,39789,2026-03-19T19:01:21+00:00,179,0,0,71.87
,39790,2026-03-19T19:01:21+00:00,179,0,0,62.07
,39791,2026-03-19T19:01:21+00:00,179,0,0,71.87
,39792,2026-03-19T19:01:21+00:00,189,0,0,62.07
,39793,2026-03-19T19:01:21+00:00,189,0,0,62.07
,39794,2026-03-19T19:01:21+00:00,199,0,0,62.07
,39795,2026-03-19T19:01:21+00:00,199,0,0,62.07
,39796,2026-03-19T19:01:21+00:00,199,0,0,62.07
,39797,2026-03-19T19:01:21+00:00,209,0,0,37.59
,39798,2026-03-19T19:01:21+00:00,209,0,0,62.07
,39799,2026-03-19T19:01:21+00:00,210,0,0,62.07
,39800,2026-03-19T19:01:21+00:00,219,0,0,71.87
,39801,2026-03-19T19:01:21+00:00,219,0,0,71.87
,39802,2026-03-19T19:01:21+00:00,219,0,0,62.07
,39803,2026-03-19T19:01:21+00:00,219,0,0,76.36
,39804,2026-03-19T19:01:21+00:00,229,0,0,62.07
,39805,2026-03-19T19:01:21+00:00,229,0,0,62.07
,39806,2026-03-19T19:01:21+00:00,229,0,0,62.07
,39807,2026-03-19T19:01:21+00:00,229,0,0,72.99
,39808,2026-03-19T19:01:21+00:00,229,0,0,62.07
,39809,2026-03-19T19:01:21+00:00,239,0,0,37.59
,39810,2026-03-19T19:01:21+00:00,239,0,0,71.87
,39811,2026-03-19T19:01:21+00:00,249,0,0,71.87
,39812,2026-03-19T19:01:21+00:00,279,0,0,62.07
,39813,2026-03-19T19:01:21+00:00,285,0,0,62.07
,39814,2026-03-19T19:01:21+00:00,289,0,0,62.07
,39815,2026-03-19T19:01:21+00:00,289,0,0,62.07
,39816,2026-03-19T19:01:21+00:00,299,0,0,62.07
,39817,2026-03-19T19:01:21+00:00,299,0,0,82.94
,39818,2026-03-19T19:01:21+00:00,299,0,0,76.36
,39819,2026-03-19T19:01:21+00:00,299,0,0,76.36
,39820,2026-03-19T19:01:21+00:00,299,0,0,83.88
,39821,2026-03-19T19:01:21+00:00,299,0,0,62.07
,39822,2026-03-19T19:01:21+00:00,299,0,0,71.87
,39823,2026-03-19T19:01:21+00:00,319,0,0,62.07
,39824,2026-03-19T19:01:21+00:00,349,0,0,62.07
,39825,2026-03-19T19:01:21+00:00,349,0,0,62.07
,39826,2026-03-19T19:01:21+00:00,369,0,0,62.07
,39827,2026-03-19T19:01:21+00:00,379,0,0,62.07
,39828,2026-03-19T19:01:21+00:00,389,0,0,82.94
,39829,2026-03-19T19:01:21+00:00,399,0,0,82.28
,39830,2026-03-19T19:01:21+00:00,399,0,0,62.07
,39831,2026-03-19T19:01:21+00:00,399,0,0,76.36
,39832,2026-03-19T19:01:21+00:00,399,0,0,62.07
,39833,2026-03-19T19:01:21+00:00,429,0,0,62.07
,39834,2026-03-19T19:01:21+00:00,449,0,0,63.66
,39835,2026-03-19T19:01:21+00:00,489,0,0,62.07
,39836,2026-03-19T19:01:21+00:00,499,0,0,37.59
,39837,2026-03-19T19:01:21+00:00,499,0,0,62.07
,39838,2026-03-19T19:01:21+00:00,499,0,0,62.07
,39839,2026-03-19T19:01:21+00:00,559,0,0,62.07
,39840,2026-03-19T19:01:21+00:00,589,0,0,62.07
,39841,2026-03-19T19:01:21+00:00,619,0,0,62.07
,39842,2026-03-19T19:01:21+00:00,629,0,0,62.07
,39843,2026-03-19T19:01:21+00:00,699,0,0,62.07
,39844,2026-03-19T19:01:21+00:00,699,0,0,62.07
,39845,2026-03-19T19:01:21+00:00,35,0,0,62.07
,39846,2026-03-19T19:01:21+00:00,45,0,0,62.07
,39847,2026-03-19T19:01:21+00:00,59,0,0,62.07
,39848,2026-03-19T19:01:21+00:00,69,0,0,45.32
,39849,2026-03-19T19:01:21+00:00,98,0,0,45.32
,39850,2026-03-19T19:01:21+00:00,99,0,0,62.07
,39851,2026-03-19T19:01:21+00:00,109,0,0,62.07
,39852,2026-03-19T19:01:21+00:00,115,0,0,62.07
,39853,2026-03-19T19:01:21+00:00,119,0,0,62.07
,39854,2026-03-19T19:01:21+00:00,119,0,0,62.07
,39855,2026-03-19T19:01:21+00:00,119,0,0,62.07
,39856,2026-03-19T19:01:21+00:00,145,0,0,62.07
,39857,2026-03-19T19:01:21+00:00,149,0,0,62.07
,39858,2026-03-19T19:01:21+00:00,159,0,0,62.07
,39859,2026-03-19T19:01:21+00:00,0,0,0,71.87
,39860,2026-03-19T19:01:21+00:00,0,0,0,71.87
,39861,2026-03-19T19:01:21+00:00,2,0,0,37.59
,39862,2026-03-19T19:01:21+00:00,4,0,0,37.59
,39863,2026-03-19T19:01:21+00:00,5,0,0,71.87
,39864,2026-03-19T19:01:21+00:00,8,0,0,71.87
,39865,2026-03-19T19:01:21+00:00,9,0,0,71.87
,39866,2026-03-19T19:01:21+00:00,9,0,0,71.87
,39867,2026-03-19T19:01:21+00:00,9,0,0,71.87
,39868,2026-03-19T19:01:21+00:00,9,0,0,71.87
,39869,2026-03-19T19:01:21+00:00,9,0,0,71.87
,39870,2026-03-19T19:01:21+00:00,10,0,0,62.07
,39871,2026-03-19T19:01:21+00:00,12,0,0,62.07
,39872,2026-03-19T19:01:21+00:00,19,0,0,62.07
,39873,2026-03-19T19:01:21+00:00,19,0,0,62.07
,39874,2026-03-19T19:01:21+00:00,19,0,0,71.87
,39875,2026-03-19T19:01:21+00:00,19,0,0,71.87
,39876,2026-03-19T19:01:21+00:00,24,0,0,71.87
,39877,2026-03-19T19:01:21+00:00,25,0,0,62.07
,39878,2026-03-19T19:01:21+00:00,27,0,0,78.16
,39879,2026-03-19T19:01:21+00:00,35,0,0,62.07
,39880,2026-03-19T19:01:21+00:00,44,0,0,62.07
,39881,2026-03-19T19:01:21+00:00,59,0,0,71.87
,39882,2026-03-19T19:01:21+00:00,65,0,0,62.07
,39883,2026-03-19T19:01:21+00:00,65,0,0,62.07
,39884,2026-03-19T19:01:21+00:00,69,0,0,62.07
,43039,2026-03-19T19:01:21+00:00,12,0,0,61.25
,39886,2026-03-19T19:01:21+00:00,79,0,0,62.07
,39887,2026-03-19T19:01:21+00:00,95,0,0,62.07
,39888,2026-03-19T19:01:21+00:00,95,0,0,62.07
,39889,2026-03-19T19:01:21+00:00,99,0,0,62.07
,39890,2026-03-19T19:01:21+00:00,99,0,0,37.59
,39891,2026-03-19T19:01:21+00:00,105,0,0,62.07
,39892,2026-03-19T19:01:21+00:00,115,0,0,62.07
,39893,2026-03-19T19:01:21+00:00,125,0,0,62.07
,39894,2026-03-19T19:01:21+00:00,139,0,0,71.87
,39895,2026-03-19T19:01:21+00:00,149,0,0,71.87
,39896,2026-03-19T19:01:21+00:00,179,0,0,62.07
,39897,2026-03-19T19:01:21+00:00,179,0,0,62.07
,39898,2026-03-19T19:01:21+00:00,199,0,0,62.07
,39899,2026-03-19T19:01:21+00:00,239,0,0,62.07
,39900,2026-03-19T19:01:21+00:00,239,0,0,62.07
,39901,2026-03-19T19:01:21+00:00,269,0,0,62.07
,39902,2026-03-19T19:01:21+00:00,478,0,0,71.87
,39903,2026-03-19T19:01:21+00:00,4289,0,0,62.07
,39904,2026-03-19T19:01:21+00:00,4389,0,0,71.87
,39905,2026-03-19T19:01:21+00:00,4649,0,0,45.32
,39906,2026-03-19T19:01:21+00:00,5069,0,0,62.07
,39907,2026-03-19T19:01:21+00:00,5449,0,0,62.07
,39908,2026-03-19T19:01:21+00:00,7019,0,0,62.07
,39909,2026-03-19T19:01:21+00:00,7099,0,0,45.32
,39910,2026-03-19T19:01:21+00:00,7319,0,0,62.07
,39911,2026-03-19T19:01:21+00:00,7709,0,0,62.07
,39912,2026-03-19T19:01:21+00:00,8499,0,0,76.36
,39913,2026-03-19T19:01:21+00:00,8819,0,0,62.07
,39914,2026-03-19T19:01:21+00:00,9099,0,0,62.07
,39915,2026-03-19T19:01:21+00:00,9159,0,0,62.07
,39916,2026-03-19T19:01:21+00:00,9799,0,0,62.07
,39917,2026-03-19T19:01:21+00:00,9945,0,0,45.32
,39918,2026-03-19T19:01:21+00:00,10829,0,0,62.07
,39919,2026-03-19T19:01:21+00:00,11119,0,0,62.07
,39920,2026-03-19T19:01:21+00:00,12949,0,0,62.07
,39921,2026-03-19T19:01:21+00:00,14125,0,0,62.07
,39922,2026-03-19T19:01:21+00:00,14458,0,0,62.07
,43040,2026-03-19T19:01:21+00:00,15,0,0,61.25
,39923,2026-03-19T19:01:21+00:00,14595,0,0,62.07
,39924,2026-03-19T19:01:21+00:00,15069,0,0,62.07
,39925,2026-03-19T19:01:21+00:00,15069,0,0,62.07
,39926,2026-03-19T19:01:21+00:00,15299,0,0,62.07
,39927,2026-03-19T19:01:21+00:00,15729,0,0,62.07
,39928,2026-03-19T19:01:21+00:00,16245,0,0,62.07
,39929,2026-03-19T19:01:21+00:00,16999,0,0,62.07
,39930,2026-03-19T19:01:21+00:00,18245,0,0,62.07
,39931,2026-03-19T19:01:21+00:00,18577,0,0,62.07
,39932,2026-03-19T19:01:21+00:00,21895,0,0,62.07
,39933,2026-03-19T19:01:21+00:00,22399,0,0,62.07
,39934,2026-03-19T19:01:21+00:00,22955,0,0,62.07
,39935,2026-03-19T19:01:21+00:00,23279,0,0,62.07
,39936,2026-03-19T19:01:21+00:00,23775,0,0,62.07
,39937,2026-03-19T19:01:21+00:00,24955,0,0,62.07
,39938,2026-03-19T19:01:21+00:00,31,0,0,37.59
,39939,2026-03-19T19:01:21+00:00,39,0,0,62.07
,39940,2026-03-19T19:01:21+00:00,68,0,0,37.59
,39941,2026-03-19T19:01:21+00:00,89,0,0,62.07
,39942,2026-03-19T19:01:21+00:00,129,0,0,62.07
,39943,2026-03-19T19:01:21+00:00,199,0,0,62.07
,39944,2026-03-19T19:01:21+00:00,475,0,0,62.07
,39945,2026-03-19T19:01:21+00:00,749,0,0,62.07
,39946,2026-03-19T19:01:21+00:00,1129,0,0,62.07
,39947,2026-03-19T19:01:21+00:00,349,0,1,71.87
,39948,2026-03-19T19:01:21+00:00,459,0,1,71.87
,39949,2026-03-19T19:01:21+00:00,639,0,1,37.59
,39950,2026-03-19T19:01:21+00:00,699,0,1,37.59
,39951,2026-03-19T19:01:21+00:00,1049,0,1,57.31
,39952,2026-03-19T19:01:21+00:00,3799,0,1,71.87
,39953,2026-03-19T19:01:21+00:00,159,0,0,62.07
,39954,2026-03-19T19:01:21+00:00,160,0,0,62.07
,39955,2026-03-19T19:01:21+00:00,169,0,0,62.07
,39956,2026-03-19T19:01:21+00:00,169,0,0,62.07
,39957,2026-03-19T19:01:21+00:00,179,0,0,62.07
,39958,2026-03-19T19:01:21+00:00,179,0,0,62.07
,39959,2026-03-19T19:01:21+00:00,185,0,0,62.07
,39960,2026-03-19T19:01:21+00:00,189,0,0,62.07
,39961,2026-03-19T19:01:21+00:00,195,0,0,62.07
,39962,2026-03-19T19:01:21+00:00,209,0,0,62.07
,39963,2026-03-19T19:01:21+00:00,209,0,0,62.07
,39964,2026-03-19T19:01:21+00:00,229,0,0,45.32
,39965,2026-03-19T19:01:21+00:00,235,0,0,45.32
,39966,2026-03-19T19:01:21+00:00,239,0,0,62.07
,39967,2026-03-19T19:01:21+00:00,239,0,0,37.59
,39968,2026-03-19T19:01:21+00:00,259,0,0,62.07
,39969,2026-03-19T19:01:21+00:00,270,0,0,62.07
,39970,2026-03-19T19:01:21+00:00,279,0,0,62.07
,39971,2026-03-19T19:01:21+00:00,279,0,0,57.31
,39972,2026-03-19T19:01:21+00:00,280,0,0,62.07
,39973,2026-03-19T19:01:21+00:00,295,0,0,24.72
,39974,2026-03-19T19:01:21+00:00,299,0,0,37.59
,39975,2026-03-19T19:01:21+00:00,329,0,0,37.59
,39976,2026-03-19T19:01:21+00:00,329,0,0,62.07
,39977,2026-03-19T19:01:21+00:00,359,0,0,62.07
,39978,2026-03-19T19:01:21+00:00,399,0,0,62.07
,39979,2026-03-19T19:01:21+00:00,419,0,0,57.31
,39980,2026-03-19T19:01:21+00:00,459,0,0,62.07
,39981,2026-03-19T19:01:21+00:00,479,0,0,62.07
,39982,2026-03-19T19:01:21+00:00,479,0,0,62.07
,39983,2026-03-19T19:01:21+00:00,509,0,0,62.07
,39984,2026-03-19T19:01:21+00:00,559,0,0,76.36
,39985,2026-03-19T19:01:21+00:00,569,0,0,45.32
,39986,2026-03-19T19:01:21+00:00,569,0,0,62.07
,39987,2026-03-19T19:01:21+00:00,599,0,0,62.07
,39988,2026-03-19T19:01:21+00:00,599,0,0,62.07
,39989,2026-03-19T19:01:21+00:00,599,0,0,37.59
,39990,2026-03-19T19:01:21+00:00,649,0,0,62.07
,39991,2026-03-19T19:01:21+00:00,699,0,0,62.07
,39992,2026-03-19T19:01:21+00:00,699,0,0,62.07
,39993,2026-03-19T19:01:21+00:00,699,0,0,62.07
,39994,2026-03-19T19:01:21+00:00,819,0,0,62.07
,39995,2026-03-19T19:01:21+00:00,819,0,0,62.07
,39996,2026-03-19T19:01:21+00:00,1095,0,0,62.07
,39997,2026-03-19T19:01:21+00:00,1169,0,0,62.07
,39998,2026-03-19T19:01:21+00:00,1183,0,0,45.32
,39999,2026-03-19T19:01:21+00:00,1199,0,0,62.07
,40000,2026-03-19T19:01:21+00:00,1269,0,0,45.32
,40001,2026-03-19T19:01:21+00:00,1399,0,0,62.07
,40002,2026-03-19T19:01:21+00:00,1699,0,0,62.07
,40003,2026-03-19T19:01:21+00:00,239,0,0,62.07
,40004,2026-03-19T19:01:21+00:00,239,0,0,76.36
,40005,2026-03-19T19:01:21+00:00,249,0,0,45.32
,40006,2026-03-19T19:01:21+00:00,259,0,0,62.07
,40007,2026-03-19T19:01:21+00:00,369,0,0,62.07
,40008,2026-03-19T19:01:21+00:00,369,0,0,37.59
,40009,2026-03-19T19:01:21+00:00,369,0,0,62.07
,40010,2026-03-19T19:01:21+00:00,369,0,0,62.07
,40011,2026-03-19T19:01:21+00:00,369,0,0,62.07
,40012,2026-03-19T19:01:21+00:00,399,0,0,76.36
,40013,2026-03-19T19:01:21+00:00,399,0,0,45.32
,40014,2026-03-19T19:01:21+00:00,399,0,0,62.07
,40015,2026-03-19T19:01:21+00:00,399,0,0,62.07
,40016,2026-03-19T19:01:21+00:00,399,0,0,62.07
,40017,2026-03-19T19:01:21+00:00,399,0,0,62.07
,40018,2026-03-19T19:01:21+00:00,629,0,0,45.32
,40019,2026-03-19T19:01:21+00:00,669,0,0,24.72
,40020,2026-03-19T19:01:21+00:00,709,0,0,62.07
,40021,2026-03-19T19:01:21+00:00,729,0,0,62.07
,40022,2026-03-19T19:01:21+00:00,899,0,0,37.59
,40023,2026-03-19T19:01:21+00:00,1009,0,0,62.07
,40024,2026-03-19T19:01:21+00:00,1149,0,0,62.07
,40025,2026-03-19T19:01:21+00:00,1319,0,0,62.07
,40026,2026-03-19T19:01:21+00:00,1539,0,0,37.59
,40027,2026-03-19T19:01:21+00:00,2599,0,0,62.07
,40028,2026-03-19T19:01:21+00:00,7,0,0,52.49
,40029,2026-03-19T19:01:21+00:00,8,0,0,57.31
,40030,2026-03-19T19:01:21+00:00,9,0,0,45.32
,40031,2026-03-19T19:01:21+00:00,9,0,0,57.31
,40032,2026-03-19T19:01:21+00:00,10,0,0,57.31
,40033,2026-03-19T19:01:21+00:00,11,0,0,24.72
,40034,2026-03-19T19:01:21+00:00,11,0,0,57.31
,40035,2026-03-19T19:01:21+00:00,12,0,0,57.31
,40036,2026-03-19T19:01:21+00:00,12,0,0,82.94
,40037,2026-03-19T19:01:21+00:00,12,0,0,71.87
,40038,2026-03-19T19:01:21+00:00,12,0,0,71.87
,40039,2026-03-19T19:01:21+00:00,13,0,0,62.07
,40040,2026-03-19T19:01:21+00:00,13,0,0,71.87
,40041,2026-03-19T19:01:21+00:00,13,0,0,71.87
,40042,2026-03-19T19:01:21+00:00,13,0,0,71.87
,40043,2026-03-19T19:01:21+00:00,13,0,0,71.87
,40044,2026-03-19T19:01:21+00:00,13,0,0,57.31
,40045,2026-03-19T19:01:21+00:00,13,0,0,82.94
,40046,2026-03-19T19:01:21+00:00,13,0,0,57.31
,40047,2026-03-19T19:01:21+00:00,13,0,0,57.31
,40048,2026-03-19T19:01:21+00:00,13,0,0,57.31
,40049,2026-03-19T19:01:21+00:00,14,0,0,57.31
,40050,2026-03-19T19:01:21+00:00,14,0,0,37.59
,40051,2026-03-19T19:01:21+00:00,14,0,0,37.59
,40052,2026-03-19T19:01:21+00:00,14,0,0,71.87
,40053,2026-03-19T19:01:21+00:00,14,0,0,52.49
,40054,2026-03-19T19:01:21+00:00,14,0,0,57.31
,40055,2026-03-19T19:01:21+00:00,15,0,0,71.87
,40056,2026-03-19T19:01:21+00:00,15,0,0,71.87
,40057,2026-03-19T19:01:21+00:00,15,0,0,57.31
,40058,2026-03-19T19:01:21+00:00,15,0,1,52.49
,40059,2026-03-19T19:01:21+00:00,16,0,0,57.31
,40060,2026-03-19T19:01:21+00:00,16,0,0,57.31
,40061,2026-03-19T19:01:21+00:00,16,0,0,71.87
,40062,2026-03-19T19:01:21+00:00,16,0,0,57.31
,40063,2026-03-19T19:01:21+00:00,17,0,0,82.94
,40064,2026-03-19T19:01:21+00:00,17,0,0,71.87
,40065,2026-03-19T19:01:21+00:00,18,0,0,45.32
,40066,2026-03-19T19:01:21+00:00,19,0,0,45.32
,40067,2026-03-19T19:01:21+00:00,19,0,0,57.31
,40068,2026-03-19T19:01:21+00:00,19,0,0,71.87
,40069,2026-03-19T19:01:21+00:00,19,0,0,64.12
,40070,2026-03-19T19:01:21+00:00,19,0,0,57.31
,40071,2026-03-19T19:01:21+00:00,19,0,0,57.31
,40072,2026-03-19T19:01:21+00:00,22,0,0,37.59
,40073,2026-03-19T19:01:21+00:00,22,0,0,76.36
,40074,2026-03-19T19:01:21+00:00,25,0,0,71.87
,40075,2026-03-19T19:01:21+00:00,26,0,0,71.87
,40076,2026-03-19T19:01:21+00:00,27,0,0,57.31
,40077,2026-03-19T19:01:21+00:00,29,0,0,62.07
,40078,2026-03-19T19:01:21+00:00,31,0,0,62.07
,40079,2026-03-19T19:01:21+00:00,33,0,0,62.07
,40080,2026-03-19T19:01:21+00:00,33,0,0,71.87
,40081,2026-03-19T19:01:21+00:00,36,0,0,62.07
,40082,2026-03-19T19:01:21+00:00,38,0,0,62.07
,40083,2026-03-19T19:01:21+00:00,44,0,0,62.07
,40084,2026-03-19T19:01:21+00:00,44,0,0,57.31
,40085,2026-03-19T19:01:21+00:00,45,0,0,62.07
,40086,2026-03-19T19:01:21+00:00,49,0,0,62.07
,40087,2026-03-19T19:01:21+00:00,55,0,0,37.59
,40088,2026-03-19T19:01:21+00:00,59,0,0,37.59
,40089,2026-03-19T19:01:21+00:00,65,0,0,76.36
,40090,2026-03-19T19:01:21+00:00,70,0,0,45.32
,40091,2026-03-19T19:01:21+00:00,73,0,0,57.31
,40092,2026-03-19T19:01:21+00:00,95,0,0,37.59
,40093,2026-03-19T19:01:21+00:00,99,0,0,62.07
,40094,2026-03-19T19:01:21+00:00,99,0,0,62.07
,40095,2026-03-19T19:01:21+00:00,105,0,0,62.07
,40096,2026-03-19T19:01:21+00:00,109,0,0,76.36
,40097,2026-03-19T19:01:21+00:00,119,0,0,62.07
,40098,2026-03-19T19:01:21+00:00,123,0,0,45.32
,40099,2026-03-19T19:01:21+00:00,169,0,1,37.59
,40100,2026-03-19T19:01:21+00:00,199,0,0,62.07
,40101,2026-03-19T19:01:21+00:00,199,0,0,76.36
,40102,2026-03-19T19:01:21+00:00,209,0,0,62.07
,40103,2026-03-19T19:01:21+00:00,259,0,0,37.59
,40104,2026-03-19T19:01:21+00:00,489,0,0,62.07
,40105,2026-03-19T19:01:21+00:00,7,0,0,52.49
,40106,2026-03-19T19:01:21+00:00,8,0,0,52.49
,40107,2026-03-19T19:01:21+00:00,16,0,0,57.31
,40108,2026-03-19T19:01:21+00:00,16,0,0,57.31
,43041,2026-03-19T19:01:21+00:00,15,0,0,61.25
,40109,2026-03-19T19:01:21+00:00,19,0,0,24.72
,40110,2026-03-19T19:01:21+00:00,30,0,0,37.59
,40111,2026-03-19T19:01:21+00:00,31,0,0,62.07
,40112,2026-03-19T19:01:21+00:00,34,0,0,57.31
,40113,2026-03-19T19:01:21+00:00,37,0,0,37.59
,40114,2026-03-19T19:01:21+00:00,39,0,0,71.87
,40115,2026-03-19T19:01:21+00:00,69,0,0,62.07
,40116,2026-03-19T19:01:21+00:00,73,0,0,37.59
,40117,2026-03-19T19:01:21+00:00,89,0,0,62.07
,40118,2026-03-19T19:01:21+00:00,95,0,0,71.87
,40119,2026-03-19T19:01:21+00:00,129,0,0,45.32
,40120,2026-03-19T19:01:21+00:00,222,0,0,37.59
,40121,2026-03-19T19:01:21+00:00,399,0,0,62.07
,40122,2026-03-19T19:01:21+00:00,959,0,0,62.07
,40123,2026-03-19T19:01:21+00:00,28,0,0,37.59
,40124,2026-03-19T19:01:21+00:00,30,0,0,37.59
,40125,2026-03-19T19:01:21+00:00,31,0,0,37.59
,40126,2026-03-19T19:01:21+00:00,8,0,0,86.78
,40127,2026-03-19T19:01:21+00:00,10,0,0,82.94
,40128,2026-03-19T19:01:21+00:00,11,0,0,82.94
,40129,2026-03-19T19:01:21+00:00,13,0,0,57.31
,40130,2026-03-19T19:01:21+00:00,23,0,0,52.49
,40131,2026-03-19T19:01:21+00:00,29,0,0,62.07
,40132,2026-03-19T19:01:21+00:00,35,0,0,62.07
,40133,2026-03-19T19:01:21+00:00,35,0,0,62.07
,40134,2026-03-19T19:01:21+00:00,37,0,0,45.32
,40135,2026-03-19T19:01:21+00:00,37,0,0,62.07
,40136,2026-03-19T19:01:21+00:00,39,0,0,62.07
,40137,2026-03-19T19:01:21+00:00,39,0,0,62.07
,40138,2026-03-19T19:01:21+00:00,44,0,0,57.31
,40139,2026-03-19T19:01:21+00:00,55,0,0,37.59
,40140,2026-03-19T19:01:21+00:00,55,0,0,76.36
,40141,2026-03-19T19:01:21+00:00,55,0,0,45.32
,40142,2026-03-19T19:01:21+00:00,69,0,0,62.07
,40143,2026-03-19T19:01:21+00:00,79,0,0,62.07
,40144,2026-03-19T19:01:21+00:00,85,0,0,62.07
,40145,2026-03-19T19:01:21+00:00,85,0,0,62.07
,40146,2026-03-19T19:01:21+00:00,89,0,0,62.07
,40147,2026-03-19T19:01:21+00:00,99,0,0,62.07
,40148,2026-03-19T19:01:21+00:00,99,0,0,37.59
,40149,2026-03-19T19:01:21+00:00,99,0,0,62.07
,40150,2026-03-19T19:01:21+00:00,109,0,0,45.32
,40151,2026-03-19T19:01:21+00:00,32,0,0,71.87
,40152,2026-03-19T19:01:21+00:00,32,0,0,71.87
,40153,2026-03-19T19:01:21+00:00,32,0,0,71.87
,40154,2026-03-19T19:01:21+00:00,32,0,0,71.87
,40155,2026-03-19T19:01:21+00:00,32,0,0,71.87
,40156,2026-03-19T19:01:21+00:00,35,0,0,76.36
,40157,2026-03-19T19:01:21+00:00,35,0,0,76.36
,40158,2026-03-19T19:01:21+00:00,35,0,0,76.36
,40159,2026-03-19T19:01:21+00:00,35,0,0,76.36
,40160,2026-03-19T19:01:21+00:00,35,0,0,47.43
,40161,2026-03-19T19:01:21+00:00,35,0,0,76.36
,40162,2026-03-19T19:01:21+00:00,37,0,0,76.36
,40163,2026-03-19T19:01:21+00:00,37,0,0,62.07
,40164,2026-03-19T19:01:21+00:00,37,0,0,47.43
,40165,2026-03-19T19:01:21+00:00,38,0,0,62.07
,40166,2026-03-19T19:01:21+00:00,38,0,0,62.07
,40167,2026-03-19T19:01:21+00:00,38,0,0,62.07
,40168,2026-03-19T19:01:21+00:00,38,0,0,62.07
,40169,2026-03-19T19:01:21+00:00,38,0,0,62.07
,40170,2026-03-19T19:01:21+00:00,38,0,0,62.07
,40171,2026-03-19T19:01:21+00:00,39,0,0,62.07
,40172,2026-03-19T19:01:21+00:00,39,0,0,76.36
,40173,2026-03-19T19:01:21+00:00,39,0,0,62.07
,40174,2026-03-19T19:01:21+00:00,39,0,0,32.17
,40175,2026-03-19T19:01:21+00:00,39,0,0,62.07
,40176,2026-03-19T19:01:21+00:00,39,0,0,62.07
,40177,2026-03-19T19:01:21+00:00,39,0,0,62.07
,40178,2026-03-19T19:01:21+00:00,39,0,0,62.07
,40179,2026-03-19T19:01:21+00:00,39,0,0,62.07
,40180,2026-03-19T19:01:21+00:00,39,0,0,62.07
,40181,2026-03-19T19:01:21+00:00,39,0,0,62.07
,40182,2026-03-19T19:01:21+00:00,39,0,0,62.07
,40183,2026-03-19T19:01:21+00:00,39,0,0,76.36
,40184,2026-03-19T19:01:21+00:00,39,0,0,62.07
,40185,2026-03-19T19:01:21+00:00,39,0,0,62.07
,40186,2026-03-19T19:01:21+00:00,42,0,0,62.07
,40187,2026-03-19T19:01:21+00:00,43,0,0,71.87
,40188,2026-03-19T19:01:21+00:00,43,0,0,71.87
,40189,2026-03-19T19:01:21+00:00,43,0,0,71.87
,40190,2026-03-19T19:01:21+00:00,44,0,0,71.87
,40191,2026-03-19T19:01:21+00:00,45,0,0,32.17
,40192,2026-03-19T19:01:21+00:00,45,0,0,62.07
,40193,2026-03-19T19:01:21+00:00,45,0,0,62.07
,40194,2026-03-19T19:01:21+00:00,45,0,0,62.07
,40195,2026-03-19T19:01:21+00:00,45,0,0,76.36
,40196,2026-03-19T19:01:21+00:00,45,0,0,62.07
,40197,2026-03-19T19:01:21+00:00,46,0,0,32.17
,40198,2026-03-19T19:01:21+00:00,48,0,0,62.07
,40199,2026-03-19T19:01:21+00:00,48,0,0,62.07
,40200,2026-03-19T19:01:21+00:00,48,0,0,62.07
,40201,2026-03-19T19:01:21+00:00,49,0,0,62.07
,40202,2026-03-19T19:01:21+00:00,49,0,0,62.07
,40203,2026-03-19T19:01:21+00:00,49,0,0,62.07
,40204,2026-03-19T19:01:21+00:00,49,0,0,32.17
,40205,2026-03-19T19:01:21+00:00,49,0,0,62.07
,40206,2026-03-19T19:01:21+00:00,49,0,0,62.07
,40207,2026-03-19T19:01:21+00:00,49,0,0,62.07
,40208,2026-03-19T19:01:21+00:00,49,0,0,62.07
,40209,2026-03-19T19:01:21+00:00,49,0,0,62.07
,40210,2026-03-19T19:01:21+00:00,51,0,0,62.07
,40211,2026-03-19T19:01:21+00:00,51,0,0,62.07
,40212,2026-03-19T19:01:21+00:00,51,0,0,62.07
,40213,2026-03-19T19:01:21+00:00,52,0,0,62.07
,40214,2026-03-19T19:01:21+00:00,52,0,0,62.07
,40215,2026-03-19T19:01:21+00:00,52,0,0,62.07
,40216,2026-03-19T19:01:21+00:00,52,0,0,62.07
,40217,2026-03-19T19:01:21+00:00,52,0,0,62.07
,40218,2026-03-19T19:01:21+00:00,52,0,0,62.07
,40219,2026-03-19T19:01:21+00:00,55,0,0,76.36
,40220,2026-03-19T19:01:21+00:00,55,0,0,62.07
,40221,2026-03-19T19:01:21+00:00,55,0,0,62.07
,40222,2026-03-19T19:01:21+00:00,55,0,0,62.07
,40223,2026-03-19T19:01:21+00:00,55,0,0,62.07
,40224,2026-03-19T19:01:21+00:00,55,0,0,62.07
,40225,2026-03-19T19:01:21+00:00,55,0,0,62.07
,40226,2026-03-19T19:01:21+00:00,55,0,0,62.07
,40227,2026-03-19T19:01:21+00:00,59,0,1,47.43
,40228,2026-03-19T19:01:21+00:00,59,0,0,32.17
,40229,2026-03-19T19:01:21+00:00,59,0,0,32.17
,40230,2026-03-19T19:01:21+00:00,59,0,1,32.17
,40231,2026-03-19T19:01:21+00:00,59,0,0,32.17
,40232,2026-03-19T19:01:21+00:00,59,0,0,62.07
,40233,2026-03-19T19:01:21+00:00,59,0,1,32.17
,40234,2026-03-19T19:01:21+00:00,59,0,0,57.31
,40235,2026-03-19T19:01:21+00:00,69,0,0,71.87
,40236,2026-03-19T19:01:21+00:00,69,0,1,32.17
,40237,2026-03-19T19:01:21+00:00,69,0,1,71.87
,40238,2026-03-19T19:01:21+00:00,69,0,0,57.31
,40239,2026-03-19T19:01:21+00:00,79,0,1,32.17
,40240,2026-03-19T19:01:21+00:00,85,0,0,47.43
,40241,2026-03-19T19:01:21+00:00,85,0,0,62.07
,40242,2026-03-19T19:01:21+00:00,85,0,0,32.17
,40243,2026-03-19T19:01:21+00:00,159,0,0,62.07
,40244,2026-03-19T19:01:21+00:00,159,0,0,62.07
,40245,2026-03-19T19:01:21+00:00,179,0,0,62.07
,40246,2026-03-19T19:01:21+00:00,179,0,0,62.07
,40247,2026-03-19T19:01:21+00:00,179,0,0,62.07
,40248,2026-03-19T19:01:21+00:00,199,0,0,32.17
,40249,2026-03-19T19:01:21+00:00,199,0,0,62.07
,40250,2026-03-19T19:01:21+00:00,199,0,0,62.07
,40251,2026-03-19T19:01:21+00:00,209,0,0,62.07
,40252,2026-03-19T19:01:21+00:00,209,0,0,62.07
,40253,2026-03-19T19:01:21+00:00,209,0,0,62.07
,40254,2026-03-19T19:01:21+00:00,219,0,0,32.17
,40255,2026-03-19T19:01:21+00:00,219,0,0,62.07
,40256,2026-03-19T19:01:21+00:00,219,0,0,71.87
,40257,2026-03-19T19:01:21+00:00,229,0,0,77.56
,40258,2026-03-19T19:01:21+00:00,229,0,0,62.07
,40259,2026-03-19T19:01:21+00:00,239,0,0,62.07
,40260,2026-03-19T19:01:21+00:00,249,0,0,72.5
,40261,2026-03-19T19:01:21+00:00,249,0,0,47.43
,40262,2026-03-19T19:01:21+00:00,249,0,0,47.43
,40263,2026-03-19T19:01:21+00:00,249,0,0,47.43
,40264,2026-03-19T19:01:21+00:00,249,0,0,47.43
,40265,2026-03-19T19:01:21+00:00,249,0,0,72.5
,40266,2026-03-19T19:01:21+00:00,249,0,0,77.08
,40267,2026-03-19T19:01:21+00:00,249,0,0,62.07
,40268,2026-03-19T19:01:21+00:00,249,0,0,62.07
,40269,2026-03-19T19:01:21+00:00,249,0,0,75.48
,40270,2026-03-19T19:01:21+00:00,259,0,0,62.07
,40271,2026-03-19T19:01:21+00:00,259,0,0,62.07
,40272,2026-03-19T19:01:21+00:00,265,0,0,62.07
,40273,2026-03-19T19:01:21+00:00,265,0,0,32.17
,40274,2026-03-19T19:01:21+00:00,265,0,0,47.43
,40275,2026-03-19T19:01:21+00:00,269,0,0,32.17
,40276,2026-03-19T19:01:21+00:00,269,0,0,62.07
,40277,2026-03-19T19:01:21+00:00,269,0,0,62.07
,40278,2026-03-19T19:01:21+00:00,269,0,0,62.07
,40279,2026-03-19T19:01:21+00:00,269,0,0,62.07
,40280,2026-03-19T19:01:21+00:00,269,0,0,32.17
,40281,2026-03-19T19:01:21+00:00,279,0,0,32.17
,40282,2026-03-19T19:01:21+00:00,289,0,0,32.17
,40283,2026-03-19T19:01:21+00:00,289,0,0,62.07
,40284,2026-03-19T19:01:21+00:00,289,0,0,62.07
,40285,2026-03-19T19:01:21+00:00,289,0,0,62.07
,40286,2026-03-19T19:01:21+00:00,299,0,0,62.07
,40287,2026-03-19T19:01:21+00:00,299,0,0,62.07
,40288,2026-03-19T19:01:21+00:00,299,0,0,62.07
,40289,2026-03-19T19:01:21+00:00,299,0,0,62.07
,40290,2026-03-19T19:01:21+00:00,319,0,0,32.17
,40291,2026-03-19T19:01:21+00:00,319,0,0,62.07
,40292,2026-03-19T19:01:21+00:00,319,0,0,32.17
,40293,2026-03-19T19:01:21+00:00,319,0,0,62.07
,40294,2026-03-19T19:01:21+00:00,319,0,0,32.17
,40295,2026-03-19T19:01:21+00:00,319,0,0,62.07
,40296,2026-03-19T19:01:21+00:00,319,0,0,62.07
,40297,2026-03-19T19:01:21+00:00,319,0,0,32.17
,40298,2026-03-19T19:01:21+00:00,325,0,0,62.07
,40299,2026-03-19T19:01:21+00:00,329,0,0,62.07
,43233,2026-03-19T19:01:21+00:00,39,0,0,61.25
,40300,2026-03-19T19:01:21+00:00,329,0,0,62.07
,40301,2026-03-19T19:01:21+00:00,339,0,0,57.31
,40302,2026-03-19T19:01:21+00:00,339,0,0,71.87
,40303,2026-03-19T19:01:21+00:00,339,0,0,62.07
,40304,2026-03-19T19:01:21+00:00,339,0,0,57.31
,40305,2026-03-19T19:01:21+00:00,339,0,0,57.31
,40306,2026-03-19T19:01:21+00:00,339,0,0,62.07
,40307,2026-03-19T19:01:21+00:00,349,0,0,62.07
,40308,2026-03-19T19:01:21+00:00,349,0,0,62.07
,40309,2026-03-19T19:01:21+00:00,349,0,0,70.77
,40310,2026-03-19T19:01:21+00:00,349,0,0,70.77
,40311,2026-03-19T19:01:21+00:00,349,0,0,70.77
,40312,2026-03-19T19:01:21+00:00,349,0,0,70.77
,40313,2026-03-19T19:01:21+00:00,349,0,0,70.77
,40314,2026-03-19T19:01:21+00:00,359,0,0,32.17
,40315,2026-03-19T19:01:21+00:00,359,0,0,62.07
,40316,2026-03-19T19:01:21+00:00,359,0,0,62.07
,40317,2026-03-19T19:01:21+00:00,359,0,0,32.17
,40318,2026-03-19T19:01:21+00:00,359,0,0,62.07
,40319,2026-03-19T19:01:21+00:00,369,0,0,62.07
,40320,2026-03-19T19:01:21+00:00,369,0,0,62.07
,40321,2026-03-19T19:01:21+00:00,379,0,0,62.07
,40322,2026-03-19T19:01:21+00:00,379,0,0,62.07
,40323,2026-03-19T19:01:21+00:00,379,0,0,62.07
,40324,2026-03-19T19:01:21+00:00,379,0,0,62.07
,40325,2026-03-19T19:01:21+00:00,379,0,0,62.07
,40326,2026-03-19T19:01:21+00:00,389,0,0,62.07
,40327,2026-03-19T19:01:21+00:00,389,0,0,62.07
,40328,2026-03-19T19:01:21+00:00,389,0,0,62.07
,40329,2026-03-19T19:01:21+00:00,389,0,0,47.99
,40330,2026-03-19T19:01:21+00:00,389,0,0,62.07
,40331,2026-03-19T19:01:21+00:00,389,0,0,62.07
,40332,2026-03-19T19:01:21+00:00,389,0,0,62.07
,40333,2026-03-19T19:01:21+00:00,399,0,0,72.21
,40334,2026-03-19T19:01:21+00:00,399,0,0,32.17
,40335,2026-03-19T19:01:21+00:00,399,0,0,32.17
,40336,2026-03-19T19:01:21+00:00,399,0,0,62.07
,40337,2026-03-19T19:01:21+00:00,399,0,0,40.07
,43234,2026-03-19T19:01:21+00:00,39,0,0,61.25
,40338,2026-03-19T19:01:21+00:00,399,0,0,62.07
,40339,2026-03-19T19:01:21+00:00,399,0,0,62.07
,40340,2026-03-19T19:01:21+00:00,399,0,0,47.43
,40341,2026-03-19T19:01:21+00:00,399,0,0,72.21
,40342,2026-03-19T19:01:21+00:00,399,0,0,72.21
,40343,2026-03-19T19:01:21+00:00,419,0,0,62.07
,40344,2026-03-19T19:01:21+00:00,419,0,0,62.07
,40345,2026-03-19T19:01:21+00:00,419,0,0,62.07
,40346,2026-03-19T19:01:21+00:00,419,0,0,62.07
,40347,2026-03-19T19:01:21+00:00,419,0,0,62.07
,40348,2026-03-19T19:01:21+00:00,419,0,0,62.07
,40349,2026-03-19T19:01:21+00:00,419,0,0,62.07
,40350,2026-03-19T19:01:21+00:00,419,0,0,62.07
,40351,2026-03-19T19:01:21+00:00,419,0,0,62.07
,40352,2026-03-19T19:01:21+00:00,429,0,0,62.07
,40353,2026-03-19T19:01:21+00:00,429,0,0,62.07
,40354,2026-03-19T19:01:21+00:00,429,0,0,62.07
,40355,2026-03-19T19:01:21+00:00,429,0,0,62.07
,40356,2026-03-19T19:01:21+00:00,429,0,0,62.07
,40357,2026-03-19T19:01:21+00:00,429,0,0,62.07
,40358,2026-03-19T19:01:21+00:00,429,0,0,62.07
,40359,2026-03-19T19:01:21+00:00,449,0,0,62.07
,40360,2026-03-19T19:01:21+00:00,449,0,0,62.07
,40361,2026-03-19T19:01:21+00:00,449,0,0,62.07
,40362,2026-03-19T19:01:21+00:00,459,0,0,62.07
,40363,2026-03-19T19:01:21+00:00,459,0,0,62.07
,40364,2026-03-19T19:01:21+00:00,469,0,0,62.07
,40365,2026-03-19T19:01:21+00:00,469,0,0,62.07
,40366,2026-03-19T19:01:21+00:00,469,0,0,62.07
,40367,2026-03-19T19:01:21+00:00,479,0,0,71.87
,40368,2026-03-19T19:01:21+00:00,479,0,0,62.07
,40369,2026-03-19T19:01:21+00:00,479,0,0,71.87
,40370,2026-03-19T19:01:21+00:00,479,0,0,62.07
,40371,2026-03-19T19:01:21+00:00,479,0,0,62.07
,40372,2026-03-19T19:01:21+00:00,479,0,0,62.07
,40373,2026-03-19T19:01:21+00:00,499,0,0,62.07
,40374,2026-03-19T19:01:21+00:00,499,0,0,76.36
,40375,2026-03-19T19:01:21+00:00,499,0,0,62.07
,40376,2026-03-19T19:01:21+00:00,499,0,0,71.91
,40377,2026-03-19T19:01:21+00:00,499,0,0,71.91
,40378,2026-03-19T19:01:21+00:00,499,0,0,76.36
,40379,2026-03-19T19:01:21+00:00,499,0,0,76.36
,40380,2026-03-19T19:01:21+00:00,499,0,0,62.07
,40381,2026-03-19T19:01:21+00:00,499,0,0,62.07
,40382,2026-03-19T19:01:21+00:00,499,0,0,62.07
,40383,2026-03-19T19:01:21+00:00,499,0,0,62.07
,40384,2026-03-19T19:01:21+00:00,499,0,0,62.07
,40385,2026-03-19T19:01:21+00:00,499,0,0,62.07
,40386,2026-03-19T19:01:21+00:00,499,0,0,32.17
,40387,2026-03-19T19:01:21+00:00,499,0,0,62.07
,40388,2026-03-19T19:01:21+00:00,499,0,0,69.3
,40389,2026-03-19T19:01:21+00:00,499,0,0,69.3
,40390,2026-03-19T19:01:21+00:00,499,0,0,62.07
,40391,2026-03-19T19:01:21+00:00,499,0,0,62.07
,40392,2026-03-19T19:01:21+00:00,529,0,0,62.07
,40393,2026-03-19T19:01:21+00:00,529,0,0,62.07
,40394,2026-03-19T19:01:21+00:00,539,0,0,62.07
,40395,2026-03-19T19:01:21+00:00,549,0,0,62.07
,40396,2026-03-19T19:01:21+00:00,549,0,0,62.07
,40397,2026-03-19T19:01:21+00:00,549,0,0,62.07
,40398,2026-03-19T19:01:21+00:00,549,0,0,62.07
,40399,2026-03-19T19:01:21+00:00,549,0,0,62.07
,40400,2026-03-19T19:01:21+00:00,549,0,0,62.07
,40401,2026-03-19T19:01:21+00:00,549,0,0,62.07
,40402,2026-03-19T19:01:21+00:00,559,0,0,62.07
,40403,2026-03-19T19:01:21+00:00,559,0,0,62.07
,40404,2026-03-19T19:01:21+00:00,559,0,0,62.07
,40405,2026-03-19T19:01:21+00:00,559,0,0,62.07
,40406,2026-03-19T19:01:21+00:00,559,0,0,62.07
,40407,2026-03-19T19:01:21+00:00,579,0,0,62.07
,40408,2026-03-19T19:01:21+00:00,579,0,0,62.07
,40409,2026-03-19T19:01:21+00:00,579,0,0,62.07
,40410,2026-03-19T19:01:21+00:00,579,0,0,62.07
,40411,2026-03-19T19:01:21+00:00,599,0,0,62.07
,40412,2026-03-19T19:01:21+00:00,599,0,0,62.07
,40413,2026-03-19T19:01:21+00:00,599,0,0,45.32
,40414,2026-03-19T19:01:21+00:00,599,0,0,62.07
,40415,2026-03-19T19:01:21+00:00,599,0,0,45.32
,40416,2026-03-19T19:01:21+00:00,599,0,0,62.07
,40417,2026-03-19T19:01:21+00:00,599,0,0,73.83
,40418,2026-03-19T19:01:21+00:00,599,0,0,62.07
,40419,2026-03-19T19:01:21+00:00,599,0,0,62.07
,40420,2026-03-19T19:01:21+00:00,599,0,0,62.07
,40421,2026-03-19T19:01:21+00:00,599,0,0,62.07
,40422,2026-03-19T19:01:21+00:00,599,0,0,62.07
,40423,2026-03-19T19:01:21+00:00,629,0,0,62.07
,40424,2026-03-19T19:01:21+00:00,629,0,0,62.07
,40425,2026-03-19T19:01:21+00:00,639,0,0,62.07
,40426,2026-03-19T19:01:21+00:00,639,0,0,62.07
,40427,2026-03-19T19:01:21+00:00,639,0,0,62.07
,40428,2026-03-19T19:01:21+00:00,649,0,0,62.07
,40429,2026-03-19T19:01:21+00:00,649,0,0,76.36
,40430,2026-03-19T19:01:21+00:00,649,0,0,62.07
,40431,2026-03-19T19:01:21+00:00,649,0,0,62.07
,40432,2026-03-19T19:01:21+00:00,649,0,0,62.07
,40433,2026-03-19T19:01:21+00:00,649,0,0,62.07
,40434,2026-03-19T19:01:21+00:00,669,0,0,62.07
,40435,2026-03-19T19:01:21+00:00,669,0,0,62.07
,40436,2026-03-19T19:01:21+00:00,669,0,0,62.07
,40437,2026-03-19T19:01:21+00:00,689,0,0,62.07
,40438,2026-03-19T19:01:21+00:00,689,0,0,62.07
,40439,2026-03-19T19:01:21+00:00,689,0,0,62.07
,40440,2026-03-19T19:01:21+00:00,699,0,0,68.24
,40441,2026-03-19T19:01:21+00:00,699,0,0,68.24
,40442,2026-03-19T19:01:21+00:00,699,0,0,62.07
,40443,2026-03-19T19:01:21+00:00,699,0,0,70.76
,40444,2026-03-19T19:01:21+00:00,699,0,0,62.07
,40445,2026-03-19T19:01:21+00:00,699,0,0,62.07
,40446,2026-03-19T19:01:21+00:00,699,0,0,62.07
,40447,2026-03-19T19:01:21+00:00,699,0,0,62.07
,40448,2026-03-19T19:01:21+00:00,699,0,0,62.07
,40449,2026-03-19T19:01:21+00:00,699,0,0,62.07
,40450,2026-03-19T19:01:21+00:00,699,0,0,77.56
,40451,2026-03-19T19:01:21+00:00,699,0,0,77.56
,40452,2026-03-19T19:01:21+00:00,719,0,0,62.07
,40453,2026-03-19T19:01:21+00:00,719,0,0,45.32
,40454,2026-03-19T19:01:21+00:00,719,0,0,62.07
,40455,2026-03-19T19:01:21+00:00,749,0,0,62.07
,40456,2026-03-19T19:01:21+00:00,749,0,0,76.36
,40457,2026-03-19T19:01:21+00:00,749,0,0,72.49
,40458,2026-03-19T19:01:21+00:00,759,0,0,82.12
,40459,2026-03-19T19:01:21+00:00,759,0,0,69.94
,40460,2026-03-19T19:01:21+00:00,779,0,0,81.41
,40461,2026-03-19T19:01:21+00:00,779,0,0,32.17
,40462,2026-03-19T19:01:21+00:00,779,0,0,62.07
,40463,2026-03-19T19:01:21+00:00,779,0,0,62.07
,40464,2026-03-19T19:01:21+00:00,779,0,0,68.93
,40465,2026-03-19T19:01:21+00:00,779,0,0,68.93
,40466,2026-03-19T19:01:21+00:00,779,0,0,76.36
,40467,2026-03-19T19:01:21+00:00,789,0,0,62.07
,40468,2026-03-19T19:01:21+00:00,789,0,0,62.07
,40469,2026-03-19T19:01:21+00:00,789,0,0,62.07
,40470,2026-03-19T19:01:21+00:00,799,0,0,62.07
,40471,2026-03-19T19:01:21+00:00,799,0,0,62.07
,40472,2026-03-19T19:01:21+00:00,799,0,0,62.07
,40473,2026-03-19T19:01:21+00:00,799,0,0,62.07
,40474,2026-03-19T19:01:21+00:00,799,0,0,62.07
,40475,2026-03-19T19:01:21+00:00,799,0,0,45.32
,40476,2026-03-19T19:01:21+00:00,799,0,0,62.07
,40477,2026-03-19T19:01:21+00:00,799,0,0,62.07
,40478,2026-03-19T19:01:21+00:00,799,0,0,62.07
,40479,2026-03-19T19:01:21+00:00,799,0,0,62.07
,40480,2026-03-19T19:01:21+00:00,799,0,0,62.07
,40481,2026-03-19T19:01:21+00:00,799,0,0,62.07
,40482,2026-03-19T19:01:21+00:00,799,0,0,62.07
,40483,2026-03-19T19:01:21+00:00,899,0,0,62.07
,40484,2026-03-19T19:01:21+00:00,899,0,0,62.07
,40485,2026-03-19T19:01:21+00:00,899,0,0,62.07
,40486,2026-03-19T19:01:21+00:00,899,0,0,62.07
,40487,2026-03-19T19:01:21+00:00,899,0,0,45.32
,43235,2026-03-19T19:01:21+00:00,35,0,0,61.25
,40488,2026-03-19T19:01:21+00:00,899,0,0,62.07
,40489,2026-03-19T19:01:21+00:00,919,0,0,70.71
,40490,2026-03-19T19:01:21+00:00,939,0,0,62.07
,40491,2026-03-19T19:01:21+00:00,939,0,0,62.07
,40492,2026-03-19T19:01:21+00:00,939,0,0,62.07
,40493,2026-03-19T19:01:21+00:00,949,0,0,70.21
,40494,2026-03-19T19:01:21+00:00,949,0,0,62.07
,40495,2026-03-19T19:01:21+00:00,959,0,0,62.07
,40496,2026-03-19T19:01:21+00:00,959,0,0,62.07
,40497,2026-03-19T19:01:21+00:00,959,0,0,62.07
,40498,2026-03-19T19:01:21+00:00,959,0,0,62.07
,40499,2026-03-19T19:01:21+00:00,959,0,0,62.07
,40500,2026-03-19T19:01:21+00:00,969,0,0,76.36
,40501,2026-03-19T19:01:21+00:00,969,0,0,62.07
,40502,2026-03-19T19:01:21+00:00,969,0,0,62.07
,40503,2026-03-19T19:01:21+00:00,979,0,0,62.07
,40504,2026-03-19T19:01:21+00:00,979,0,0,62.07
,40505,2026-03-19T19:01:21+00:00,979,0,0,62.07
,40506,2026-03-19T19:01:21+00:00,989,0,0,62.07
,40507,2026-03-19T19:01:21+00:00,989,0,0,62.07
,40508,2026-03-19T19:01:21+00:00,989,0,0,62.07
,40509,2026-03-19T19:01:21+00:00,999,0,0,62.07
,40510,2026-03-19T19:01:21+00:00,999,0,0,62.07
,40511,2026-03-19T19:01:21+00:00,1069,0,0,62.07
,40512,2026-03-19T19:01:21+00:00,1069,0,0,32.17
,40513,2026-03-19T19:01:21+00:00,1069,0,0,62.07
,40514,2026-03-19T19:01:21+00:00,1079,0,0,76.36
,40515,2026-03-19T19:01:21+00:00,1079,0,0,32.17
,40516,2026-03-19T19:01:21+00:00,1079,0,0,47.43
,40517,2026-03-19T19:01:21+00:00,1199,0,0,71.51
,40518,2026-03-19T19:01:21+00:00,1199,0,0,71.51
,40519,2026-03-19T19:01:21+00:00,1199,0,0,41.54
,40520,2026-03-19T19:01:21+00:00,1199,0,0,71.51
,40521,2026-03-19T19:01:21+00:00,1199,0,0,62.07
,40522,2026-03-19T19:01:21+00:00,1199,0,0,62.07
,40523,2026-03-19T19:01:21+00:00,1199,0,0,62.07
,40524,2026-03-19T19:01:21+00:00,1199,0,0,62.07
,40525,2026-03-19T19:01:21+00:00,1259,0,0,32.17
,40526,2026-03-19T19:01:21+00:00,1259,0,0,62.07
,40527,2026-03-19T19:01:21+00:00,1269,0,0,62.07
,40528,2026-03-19T19:01:21+00:00,1269,0,0,62.07
,40529,2026-03-19T19:01:21+00:00,1299,0,0,62.07
,40530,2026-03-19T19:01:21+00:00,1299,0,0,62.07
,40531,2026-03-19T19:01:21+00:00,1299,0,0,62.07
,40532,2026-03-19T19:01:21+00:00,1319,0,0,32.17
,40533,2026-03-19T19:01:21+00:00,1319,0,0,32.17
,40534,2026-03-19T19:01:21+00:00,1319,0,0,32.17
,40535,2026-03-19T19:01:21+00:00,1359,0,0,32.17
,40536,2026-03-19T19:01:21+00:00,1359,0,0,62.07
,40537,2026-03-19T19:01:21+00:00,1359,0,0,62.07
,40538,2026-03-19T19:01:21+00:00,1499,0,0,62.07
,40539,2026-03-19T19:01:21+00:00,1499,0,0,32.17
,40540,2026-03-19T19:01:21+00:00,1549,0,0,62.07
,40541,2026-03-19T19:01:21+00:00,1549,0,0,62.07
,40542,2026-03-19T19:01:21+00:00,1549,0,0,62.07
,40543,2026-03-19T19:01:21+00:00,1549,0,0,62.07
,40544,2026-03-19T19:01:21+00:00,1599,0,0,62.07
,40545,2026-03-19T19:01:21+00:00,1599,0,0,62.07
,40546,2026-03-19T19:01:21+00:00,1649,0,0,62.07
,40547,2026-03-19T19:01:21+00:00,1649,0,0,68.97
,40548,2026-03-19T19:01:21+00:00,1649,0,0,68.97
,40549,2026-03-19T19:01:21+00:00,1649,0,0,32.17
,40550,2026-03-19T19:01:21+00:00,1649,0,0,32.17
,40551,2026-03-19T19:01:21+00:00,1699,0,0,67.74
,40552,2026-03-19T19:01:21+00:00,1699,0,0,67.74
,40553,2026-03-19T19:01:21+00:00,1699,0,0,71.8
,40554,2026-03-19T19:01:21+00:00,1699,0,0,67.74
,40555,2026-03-19T19:01:21+00:00,1749,0,0,62.07
,40556,2026-03-19T19:01:21+00:00,1749,0,0,62.07
,40557,2026-03-19T19:01:21+00:00,1899,0,0,62.07
,40558,2026-03-19T19:01:21+00:00,1899,0,0,32.17
,40559,2026-03-19T19:01:21+00:00,1899,0,0,62.07
,40560,2026-03-19T19:01:21+00:00,1899,0,0,62.07
,40561,2026-03-19T19:01:21+00:00,1899,0,0,32.17
,40562,2026-03-19T19:01:21+00:00,1899,0,0,62.07
,40563,2026-03-19T19:01:21+00:00,1999,0,0,32.17
,40564,2026-03-19T19:01:21+00:00,1999,0,0,32.17
,40565,2026-03-19T19:01:21+00:00,2049,0,0,43.29
,40566,2026-03-19T19:01:21+00:00,2099,0,0,62.07
,40567,2026-03-19T19:01:21+00:00,2099,0,0,62.07
,40568,2026-03-19T19:01:21+00:00,2199,0,0,62.07
,40569,2026-03-19T19:01:21+00:00,2349,0,0,79.43
,40570,2026-03-19T19:01:21+00:00,2349,0,0,79.43
,40571,2026-03-19T19:01:21+00:00,2349,0,0,66.17
,40572,2026-03-19T19:01:21+00:00,2349,0,0,51.65
,40573,2026-03-19T19:01:21+00:00,2399,0,0,62.07
,40574,2026-03-19T19:01:21+00:00,2399,0,0,62.07
,40575,2026-03-19T19:01:21+00:00,2899,0,0,77.56
,40576,2026-03-19T19:01:21+00:00,3499,0,0,62.18
,40577,2026-03-19T19:01:21+00:00,3499,0,1,39.66
,40578,2026-03-19T19:01:21+00:00,3499,0,1,41.7
,40579,2026-03-19T19:01:21+00:00,3499,0,1,41.7
,40580,2026-03-19T19:01:21+00:00,3499,0,1,40.71
,40581,2026-03-19T19:01:21+00:00,3499,0,0,66.39
,40582,2026-03-19T19:01:21+00:00,3999,0,0,40.96
,40583,2026-03-19T19:01:21+00:00,3999,0,0,40.96
,40584,2026-03-19T19:01:21+00:00,3999,0,0,40.96
,40585,2026-03-19T19:01:21+00:00,4199,0,0,68.23
,40586,2026-03-19T19:01:21+00:00,4199,0,0,52.11
,40587,2026-03-19T19:01:21+00:00,4499,0,0,67.16
,40588,2026-03-19T19:01:21+00:00,4499,0,0,83.65
,40589,2026-03-19T19:01:21+00:00,4949,0,0,72.82
,40590,2026-03-19T19:01:21+00:00,4949,0,0,72.82
,40591,2026-03-19T19:01:21+00:00,4949,0,0,72.82
,40592,2026-03-19T19:01:21+00:00,4949,0,0,72.82
,40593,2026-03-19T19:01:21+00:00,4999,0,0,62.07
,40594,2026-03-19T19:01:21+00:00,4999,0,0,62.07
,40595,2026-03-19T19:01:21+00:00,4999,0,0,62.07
,40596,2026-03-19T19:01:21+00:00,4999,0,0,62.07
,40597,2026-03-19T19:01:21+00:00,5699,0,0,62.07
,43602,2026-03-19T19:01:21+00:00,229,0,0,61.25
,40598,2026-03-19T19:01:21+00:00,5699,0,0,62.07
,40599,2026-03-19T19:01:21+00:00,5699,0,0,62.07
,40600,2026-03-19T19:01:21+00:00,6199,0,0,81.99
,40601,2026-03-19T19:01:21+00:00,6199,0,0,84.05
,40602,2026-03-19T19:01:21+00:00,6299,0,0,62.07
,40603,2026-03-19T19:01:21+00:00,6299,0,0,62.07
,40604,2026-03-19T19:01:21+00:00,6299,0,0,62.07
,40605,2026-03-19T19:01:21+00:00,6299,0,0,62.07
,40606,2026-03-19T19:01:21+00:00,6299,0,0,62.07
,40607,2026-03-19T19:01:21+00:00,6299,0,0,62.07
,40608,2026-03-19T19:01:21+00:00,6399,0,0,62.07
,40609,2026-03-19T19:01:21+00:00,6399,0,0,76.36
,40610,2026-03-19T19:01:21+00:00,6499,0,0,82.93
,40611,2026-03-19T19:01:21+00:00,6899,0,0,62.07
,40612,2026-03-19T19:01:21+00:00,6899,0,0,62.07
,40613,2026-03-19T19:01:21+00:00,6899,0,0,62.07
,40614,2026-03-19T19:01:21+00:00,7699,0,1,32.17
,40615,2026-03-19T19:01:21+00:00,7699,0,0,32.17
,40616,2026-03-19T19:01:21+00:00,7699,0,0,62.07
,40617,2026-03-19T19:01:21+00:00,7999,0,0,62.07
,40618,2026-03-19T19:01:21+00:00,8899,0,0,62.07
,40619,2026-03-19T19:01:21+00:00,8899,0,0,62.07
,40620,2026-03-19T19:01:21+00:00,19,0,0,62.07
,40621,2026-03-19T19:01:21+00:00,19,0,0,62.07
,40622,2026-03-19T19:01:21+00:00,22,0,0,62.07
,40623,2026-03-19T19:01:21+00:00,23,0,0,82.94
,40624,2026-03-19T19:01:21+00:00,23,0,0,71.87
,40625,2026-03-19T19:01:21+00:00,23,0,0,32.17
,40626,2026-03-19T19:01:21+00:00,23,0,0,57.31
,40627,2026-03-19T19:01:21+00:00,25,0,0,62.07
,40628,2026-03-19T19:01:21+00:00,25,0,0,62.07
,40629,2026-03-19T19:01:21+00:00,25,0,0,62.07
,40630,2026-03-19T19:01:21+00:00,25,0,0,62.07
,40631,2026-03-19T19:01:21+00:00,30,0,0,62.07
,40632,2026-03-19T19:01:21+00:00,30,0,0,62.07
,40633,2026-03-19T19:01:21+00:00,59,0,0,62.07
,40634,2026-03-19T19:01:21+00:00,69,0,0,62.07
,40635,2026-03-19T19:01:21+00:00,69,0,0,62.07
,40636,2026-03-19T19:01:21+00:00,69,0,0,62.07
,40637,2026-03-19T19:01:21+00:00,79,0,0,62.07
,40638,2026-03-19T19:01:21+00:00,79,0,0,76.36
,43603,2026-03-19T19:01:21+00:00,869,0,0,56.56
,40639,2026-03-19T19:01:21+00:00,79,0,0,62.07
,40640,2026-03-19T19:01:21+00:00,79,0,0,78.65
,40641,2026-03-19T19:01:21+00:00,79,0,0,78.65
,40642,2026-03-19T19:01:21+00:00,79,0,0,78.65
,40643,2026-03-19T19:01:21+00:00,89,0,0,49.04
,40644,2026-03-19T19:01:21+00:00,89,0,0,77.56
,40645,2026-03-19T19:01:21+00:00,89,0,0,77.56
,40646,2026-03-19T19:01:21+00:00,89,0,0,62.07
,40647,2026-03-19T19:01:21+00:00,99,0,0,62.07
,40648,2026-03-19T19:01:21+00:00,99,0,0,62.07
,40649,2026-03-19T19:01:21+00:00,99,0,0,62.07
,40650,2026-03-19T19:01:21+00:00,99,0,0,77.56
,40651,2026-03-19T19:01:21+00:00,99,0,0,62.07
,40652,2026-03-19T19:01:21+00:00,99,0,0,62.07
,40653,2026-03-19T19:01:21+00:00,99,0,0,62.07
,40654,2026-03-19T19:01:21+00:00,99,0,0,62.07
,40655,2026-03-19T19:01:21+00:00,99,0,0,62.07
,40656,2026-03-19T19:01:21+00:00,99,0,0,62.07
,40657,2026-03-19T19:01:21+00:00,99,0,0,62.07
,40658,2026-03-19T19:01:21+00:00,99,0,0,62.07
,40659,2026-03-19T19:01:21+00:00,99,0,0,77.56
,40660,2026-03-19T19:01:21+00:00,99,0,0,62.07
,40661,2026-03-19T19:01:21+00:00,99,0,0,62.07
,40662,2026-03-19T19:01:21+00:00,119,0,0,62.07
,40663,2026-03-19T19:01:21+00:00,119,0,0,62.07
,40664,2026-03-19T19:01:21+00:00,119,0,0,62.07
,40665,2026-03-19T19:01:21+00:00,119,0,0,62.07
,40666,2026-03-19T19:01:21+00:00,119,0,0,62.07
,40667,2026-03-19T19:01:21+00:00,119,0,0,76.36
,40668,2026-03-19T19:01:21+00:00,119,0,0,62.07
,40669,2026-03-19T19:01:21+00:00,119,0,0,62.07
,40670,2026-03-19T19:01:21+00:00,119,0,0,62.07
,40671,2026-03-19T19:01:21+00:00,119,0,0,62.07
,40672,2026-03-19T19:01:21+00:00,119,0,0,76.36
,40673,2026-03-19T19:01:21+00:00,125,0,0,62.07
,40674,2026-03-19T19:01:21+00:00,129,0,0,62.07
,40675,2026-03-19T19:01:21+00:00,129,0,0,62.07
,40676,2026-03-19T19:01:21+00:00,129,0,0,62.07
,40677,2026-03-19T19:01:21+00:00,129,0,0,62.07
,40678,2026-03-19T19:01:21+00:00,129,0,0,62.07
,40679,2026-03-19T19:01:21+00:00,129,0,0,62.07
,40680,2026-03-19T19:01:21+00:00,129,0,0,76.36
,40681,2026-03-19T19:01:21+00:00,129,0,0,76.36
,40682,2026-03-19T19:01:21+00:00,129,0,0,62.07
,40683,2026-03-19T19:01:21+00:00,129,0,0,62.07
,40684,2026-03-19T19:01:21+00:00,129,0,0,62.07
,40685,2026-03-19T19:01:21+00:00,129,0,0,62.07
,40686,2026-03-19T19:01:21+00:00,129,0,0,62.07
,40687,2026-03-19T19:01:21+00:00,135,0,0,62.07
,40688,2026-03-19T19:01:21+00:00,135,0,0,62.07
,40689,2026-03-19T19:01:21+00:00,139,0,0,62.07
,40690,2026-03-19T19:01:21+00:00,139,0,0,62.07
,40691,2026-03-19T19:01:21+00:00,139,0,0,62.07
,40692,2026-03-19T19:01:21+00:00,139,0,0,62.07
,40693,2026-03-19T19:01:21+00:00,139,0,0,62.07
,40694,2026-03-19T19:01:21+00:00,149,0,0,62.07
,40695,2026-03-19T19:01:21+00:00,149,0,0,62.07
,40696,2026-03-19T19:01:21+00:00,149,0,0,62.07
,40697,2026-03-19T19:01:21+00:00,149,0,0,62.07
,40698,2026-03-19T19:01:21+00:00,155,0,0,62.07
,40699,2026-03-19T19:01:21+00:00,159,0,0,76.36
,40700,2026-03-19T19:01:21+00:00,159,0,0,62.07
,40701,2026-03-19T19:01:21+00:00,159,0,0,62.07
,40702,2026-03-19T19:01:21+00:00,159,0,0,62.07
,40703,2026-03-19T19:01:21+00:00,159,0,0,62.07
,40704,2026-03-19T19:01:21+00:00,159,0,0,62.07
,40705,2026-03-19T19:01:21+00:00,165,0,0,62.07
,40706,2026-03-19T19:01:21+00:00,169,0,0,62.07
,40707,2026-03-19T19:01:21+00:00,169,0,0,62.07
,40708,2026-03-19T19:01:21+00:00,169,0,0,62.07
,40709,2026-03-19T19:01:21+00:00,169,0,0,62.07
,40710,2026-03-19T19:01:21+00:00,169,0,0,62.07
,40711,2026-03-19T19:01:21+00:00,169,0,0,62.07
,40712,2026-03-19T19:01:21+00:00,169,0,0,62.07
,40713,2026-03-19T19:01:21+00:00,169,0,0,62.07
,40714,2026-03-19T19:01:21+00:00,169,0,0,62.07
,40715,2026-03-19T19:01:21+00:00,169,0,0,62.07
,40716,2026-03-19T19:01:21+00:00,169,0,0,62.07
,40717,2026-03-19T19:01:21+00:00,169,0,0,62.07
,40718,2026-03-19T19:01:21+00:00,169,0,0,62.07
,40719,2026-03-19T19:01:21+00:00,169,0,0,62.07
,40720,2026-03-19T19:01:21+00:00,169,0,0,32.17
,40721,2026-03-19T19:01:21+00:00,169,0,0,62.07
,40722,2026-03-19T19:01:21+00:00,169,0,0,62.07
,40723,2026-03-19T19:01:21+00:00,179,0,0,62.07
,40724,2026-03-19T19:01:21+00:00,185,0,0,62.07
,40725,2026-03-19T19:01:21+00:00,189,0,0,62.07
,40726,2026-03-19T19:01:21+00:00,189,0,0,62.07
,40727,2026-03-19T19:01:21+00:00,189,0,0,62.07
,40728,2026-03-19T19:01:21+00:00,189,0,0,62.07
,40729,2026-03-19T19:01:21+00:00,189,0,0,47.43
,40730,2026-03-19T19:01:21+00:00,189,0,0,62.07
,40731,2026-03-19T19:01:21+00:00,189,0,0,32.17
,40732,2026-03-19T19:01:21+00:00,189,0,0,77.47
,40733,2026-03-19T19:01:21+00:00,195,0,0,62.07
,40734,2026-03-19T19:01:21+00:00,195,0,0,76.36
,40735,2026-03-19T19:01:21+00:00,195,0,0,76.36
,40736,2026-03-19T19:01:21+00:00,199,0,0,62.07
,40737,2026-03-19T19:01:21+00:00,199,0,0,62.07
,40738,2026-03-19T19:01:21+00:00,199,0,0,62.07
,40739,2026-03-19T19:01:21+00:00,199,0,0,62.07
,40740,2026-03-19T19:01:21+00:00,199,0,0,62.07
,40741,2026-03-19T19:01:21+00:00,199,0,0,84.79
,40742,2026-03-19T19:01:21+00:00,199,0,0,73.85
,40743,2026-03-19T19:01:21+00:00,199,0,0,73.85
,40744,2026-03-19T19:01:21+00:00,199,0,0,77.09
,40745,2026-03-19T19:01:21+00:00,199,0,0,77.09
,40746,2026-03-19T19:01:21+00:00,199,0,0,77.09
,40747,2026-03-19T19:01:21+00:00,199,0,0,76.36
,40748,2026-03-19T19:01:21+00:00,219,0,0,62.07
,40749,2026-03-19T19:01:21+00:00,219,0,0,62.07
,40750,2026-03-19T19:01:21+00:00,219,0,0,62.07
,40751,2026-03-19T19:01:21+00:00,225,0,0,62.07
,40752,2026-03-19T19:01:21+00:00,229,0,0,62.07
,40753,2026-03-19T19:01:21+00:00,229,0,0,76.36
,40754,2026-03-19T19:01:21+00:00,229,0,0,62.07
,40755,2026-03-19T19:01:21+00:00,229,0,0,62.07
,40756,2026-03-19T19:01:21+00:00,229,0,0,62.07
,40757,2026-03-19T19:01:21+00:00,229,0,0,62.07
,40758,2026-03-19T19:01:21+00:00,239,0,0,62.07
,40759,2026-03-19T19:01:21+00:00,239,0,0,62.07
,40760,2026-03-19T19:01:21+00:00,249,0,0,62.07
,40761,2026-03-19T19:01:21+00:00,249,0,1,71.87
,40762,2026-03-19T19:01:21+00:00,249,0,0,62.07
,40763,2026-03-19T19:01:21+00:00,249,0,0,62.07
,40764,2026-03-19T19:01:21+00:00,249,0,0,32.17
,40765,2026-03-19T19:01:21+00:00,255,0,0,62.07
,40766,2026-03-19T19:01:21+00:00,255,0,0,62.07
,40767,2026-03-19T19:01:21+00:00,255,0,0,62.07
,40768,2026-03-19T19:01:21+00:00,269,0,0,62.07
,40769,2026-03-19T19:01:21+00:00,269,0,0,62.07
,40770,2026-03-19T19:01:21+00:00,299,0,0,62.07
,40771,2026-03-19T19:01:21+00:00,299,0,0,62.07
,40772,2026-03-19T19:01:21+00:00,299,0,0,75.76
,40773,2026-03-19T19:01:21+00:00,299,0,0,62.07
,40774,2026-03-19T19:01:21+00:00,315,0,0,62.07
,40775,2026-03-19T19:01:21+00:00,329,0,0,62.07
,40776,2026-03-19T19:01:21+00:00,329,0,0,62.07
,40777,2026-03-19T19:01:21+00:00,369,0,0,62.07
,40778,2026-03-19T19:01:21+00:00,369,0,0,62.07
,40779,2026-03-19T19:01:21+00:00,379,0,0,62.07
,40780,2026-03-19T19:01:21+00:00,379,0,0,62.07
,40781,2026-03-19T19:01:21+00:00,379,0,0,62.07
,40782,2026-03-19T19:01:21+00:00,385,0,0,62.07
,40783,2026-03-19T19:01:21+00:00,395,0,0,62.07
,40784,2026-03-19T19:01:21+00:00,395,0,0,62.07
,40785,2026-03-19T19:01:21+00:00,395,0,0,62.07
,40786,2026-03-19T19:01:21+00:00,399,0,0,32.17
,40787,2026-03-19T19:01:21+00:00,399,0,0,62.07
,40788,2026-03-19T19:01:21+00:00,399,0,0,62.07
,40789,2026-03-19T19:01:21+00:00,399,0,0,62.07
,40790,2026-03-19T19:01:21+00:00,419,0,0,62.07
,40791,2026-03-19T19:01:21+00:00,419,0,0,62.07
,40792,2026-03-19T19:01:21+00:00,419,0,0,76.36
,40793,2026-03-19T19:01:21+00:00,439,0,0,76.36
,40794,2026-03-19T19:01:21+00:00,459,0,0,45.32
,40795,2026-03-19T19:01:21+00:00,469,0,1,71.87
,40796,2026-03-19T19:01:21+00:00,499,0,0,77.07
,40797,2026-03-19T19:01:21+00:00,499,0,0,30.69
,40798,2026-03-19T19:01:21+00:00,619,0,0,45.32
,40799,2026-03-19T19:01:21+00:00,649,0,0,62.07
,40800,2026-03-19T19:01:21+00:00,649,0,0,62.07
,40801,2026-03-19T19:01:21+00:00,649,0,0,62.07
,40802,2026-03-19T19:01:21+00:00,799,0,0,73.82
,40803,2026-03-19T19:01:21+00:00,919,0,0,70.71
,40804,2026-03-19T19:01:21+00:00,919,0,0,62.07
,40805,2026-03-19T19:01:21+00:00,955,0,0,69.24
,40806,2026-03-19T19:01:21+00:00,955,0,0,71.01
,40807,2026-03-19T19:01:21+00:00,955,0,0,71.01
,40808,2026-03-19T19:01:21+00:00,979,0,0,32.17
,40809,2026-03-19T19:01:21+00:00,1099,0,0,76.36
,40810,2026-03-19T19:01:21+00:00,1099,0,0,68.97
,40811,2026-03-19T19:01:21+00:00,1189,0,0,71.8
,40812,2026-03-19T19:01:21+00:00,1189,0,0,71.8
,40813,2026-03-19T19:01:21+00:00,1199,0,0,81.24
,40814,2026-03-19T19:01:21+00:00,1199,0,0,71.51
,40815,2026-03-19T19:01:21+00:00,1199,0,0,62.07
,40816,2026-03-19T19:01:21+00:00,1299,0,0,62.07
,40817,2026-03-19T19:01:21+00:00,1379,0,0,73.35
,40818,2026-03-19T19:01:21+00:00,1489,0,0,68.33
,40819,2026-03-19T19:01:21+00:00,1499,0,0,72.48
,40820,2026-03-19T19:01:21+00:00,1599,0,0,77.56
,40821,2026-03-19T19:01:21+00:00,1689,0,0,66.39
,40822,2026-03-19T19:01:21+00:00,1699,0,0,62.07
,40823,2026-03-19T19:01:21+00:00,1699,0,0,77.27
,40824,2026-03-19T19:01:21+00:00,1759,0,0,62.07
,40825,2026-03-19T19:01:21+00:00,1769,0,0,70.33
,40826,2026-03-19T19:01:21+00:00,1789,0,0,73.71
,40827,2026-03-19T19:01:21+00:00,1789,0,0,73.71
,40828,2026-03-19T19:01:21+00:00,1789,0,0,48.63
,40829,2026-03-19T19:01:21+00:00,1999,0,0,82.84
,40830,2026-03-19T19:01:21+00:00,2199,0,0,47.44
,40831,2026-03-19T19:01:21+00:00,3299,0,0,75.74
,40832,2026-03-19T19:01:21+00:00,3399,0,0,74.88
,40833,2026-03-19T19:01:21+00:00,4699,0,0,67.94
,40834,2026-03-19T19:01:21+00:00,4899,0,0,62.07
,40835,2026-03-19T19:01:21+00:00,5099,0,0,68.5
,40836,2026-03-19T19:01:21+00:00,1,0,0,62.07
,40837,2026-03-19T19:01:21+00:00,4,0,0,71.87
,40838,2026-03-19T19:01:21+00:00,4,0,0,71.87
,40839,2026-03-19T19:01:21+00:00,4,0,0,71.87
,40840,2026-03-19T19:01:21+00:00,4,0,0,71.87
,43604,2026-03-19T19:01:21+00:00,399,0,0,56.33
,40841,2026-03-19T19:01:21+00:00,5,0,0,71.87
,40842,2026-03-19T19:01:21+00:00,7,0,0,71.87
,40843,2026-03-19T19:01:21+00:00,7,0,0,71.87
,40844,2026-03-19T19:01:21+00:00,7,0,0,71.87
,40845,2026-03-19T19:01:21+00:00,7,0,0,71.87
,40846,2026-03-19T19:01:21+00:00,8,0,0,71.87
,40847,2026-03-19T19:01:21+00:00,8,0,0,71.87
,40848,2026-03-19T19:01:21+00:00,8,0,0,71.87
,40849,2026-03-19T19:01:21+00:00,9,0,0,71.87
,40850,2026-03-19T19:01:21+00:00,9,0,0,71.87
,40851,2026-03-19T19:01:21+00:00,9,0,0,71.87
,40852,2026-03-19T19:01:21+00:00,10,0,0,62.07
,40853,2026-03-19T19:01:21+00:00,12,0,0,71.87
,40854,2026-03-19T19:01:21+00:00,13,0,0,71.87
,40855,2026-03-19T19:01:21+00:00,13,0,0,71.87
,40856,2026-03-19T19:01:21+00:00,13,0,0,71.87
,40857,2026-03-19T19:01:21+00:00,13,0,0,71.87
,40858,2026-03-19T19:01:21+00:00,14,0,0,71.87
,40859,2026-03-19T19:01:21+00:00,14,0,0,71.87
,40860,2026-03-19T19:01:21+00:00,14,0,0,71.87
,40861,2026-03-19T19:01:21+00:00,14,0,0,71.87
,40862,2026-03-19T19:01:21+00:00,14,0,0,71.87
,40863,2026-03-19T19:01:21+00:00,15,0,0,71.87
,40864,2026-03-19T19:01:21+00:00,15,0,0,71.87
,40865,2026-03-19T19:01:21+00:00,15,0,0,71.87
,40866,2026-03-19T19:01:21+00:00,15,0,0,71.87
,40867,2026-03-19T19:01:21+00:00,16,0,0,71.87
,40868,2026-03-19T19:01:21+00:00,17,0,0,71.87
,40869,2026-03-19T19:01:21+00:00,17,0,0,71.87
,40870,2026-03-19T19:01:21+00:00,17,0,0,71.87
,40871,2026-03-19T19:01:21+00:00,17,0,0,71.87
,40872,2026-03-19T19:01:21+00:00,17,0,0,71.87
,40873,2026-03-19T19:01:21+00:00,19,0,0,62.07
,40874,2026-03-19T19:01:21+00:00,19,0,0,62.07
,40875,2026-03-19T19:01:21+00:00,19,0,0,71.87
,40876,2026-03-19T19:01:21+00:00,19,0,0,71.87
,40877,2026-03-19T19:01:21+00:00,19,0,0,71.87
,40878,2026-03-19T19:01:21+00:00,19,0,0,71.87
,40879,2026-03-19T19:01:21+00:00,19,0,0,71.87
,40880,2026-03-19T19:01:21+00:00,19,0,0,71.87
,40881,2026-03-19T19:01:21+00:00,24,0,0,71.87
,40882,2026-03-19T19:01:21+00:00,25,0,0,62.07
,40883,2026-03-19T19:01:21+00:00,25,0,0,62.07
,40884,2026-03-19T19:01:21+00:00,25,0,0,62.07
,40885,2026-03-19T19:01:21+00:00,25,0,0,62.07
,40886,2026-03-19T19:01:21+00:00,25,0,0,62.07
,40887,2026-03-19T19:01:21+00:00,39,0,0,62.07
,40888,2026-03-19T19:01:21+00:00,39,0,0,62.07
,40889,2026-03-19T19:01:21+00:00,39,0,0,62.07
,40890,2026-03-19T19:01:21+00:00,79,0,0,62.07
,40891,2026-03-19T19:01:21+00:00,1,0,0,62.07
,40892,2026-03-19T19:01:21+00:00,3,0,0,82.94
,40893,2026-03-19T19:01:21+00:00,3,0,0,82.94
,40894,2026-03-19T19:01:21+00:00,3,0,0,71.87
,40895,2026-03-19T19:01:21+00:00,3,0,0,82.94
,40896,2026-03-19T19:01:21+00:00,7,0,0,62.07
,40897,2026-03-19T19:01:21+00:00,19,0,0,62.07
,40898,2026-03-19T19:01:21+00:00,22,0,0,62.07
,40899,2026-03-19T19:01:21+00:00,22,0,0,62.07
,40900,2026-03-19T19:01:21+00:00,29,0,0,32.17
,40901,2026-03-19T19:01:21+00:00,35,0,0,62.07
,40902,2026-03-19T19:01:21+00:00,15,0,0,32.17
,40903,2026-03-19T19:01:21+00:00,16,0,0,71.87
,40904,2026-03-19T19:01:21+00:00,29,0,0,62.07
,40905,2026-03-19T19:01:21+00:00,35,0,0,62.07
,40906,2026-03-19T19:01:21+00:00,35,0,0,62.07
,40907,2026-03-19T19:01:21+00:00,37,0,0,71.87
,40908,2026-03-19T19:01:21+00:00,49,0,0,62.07
,40909,2026-03-19T19:01:21+00:00,49,0,0,32.17
,40910,2026-03-19T19:01:21+00:00,55,0,0,62.07
,40911,2026-03-19T19:01:21+00:00,55,0,0,62.07
,40912,2026-03-19T19:01:21+00:00,55,0,0,62.07
,40913,2026-03-19T19:01:21+00:00,59,0,0,62.07
,40914,2026-03-19T19:01:21+00:00,59,0,0,62.07
,40915,2026-03-19T19:01:21+00:00,59,0,0,62.07
,40916,2026-03-19T19:01:21+00:00,65,0,0,62.07
,40917,2026-03-19T19:01:21+00:00,65,0,0,62.07
,40918,2026-03-19T19:01:21+00:00,65,0,0,62.07
,40919,2026-03-19T19:01:21+00:00,65,0,0,62.07
,40920,2026-03-19T19:01:21+00:00,65,0,0,62.07
,40921,2026-03-19T19:01:21+00:00,65,0,0,62.07
,40922,2026-03-19T19:01:21+00:00,65,0,0,62.07
,40923,2026-03-19T19:01:21+00:00,65,0,0,62.07
,40924,2026-03-19T19:01:21+00:00,65,0,0,62.07
,40925,2026-03-19T19:01:21+00:00,69,0,0,62.07
,40926,2026-03-19T19:01:21+00:00,69,0,0,62.07
,40927,2026-03-19T19:01:21+00:00,69,0,0,62.07
,40928,2026-03-19T19:01:21+00:00,69,0,0,62.07
,40929,2026-03-19T19:01:21+00:00,69,0,0,62.07
,40930,2026-03-19T19:01:21+00:00,69,0,0,62.07
,40931,2026-03-19T19:01:21+00:00,69,0,0,62.07
,40932,2026-03-19T19:01:21+00:00,79,0,0,82.94
,40933,2026-03-19T19:01:21+00:00,79,0,0,62.07
,40934,2026-03-19T19:01:21+00:00,79,0,0,71.87
,40935,2026-03-19T19:01:21+00:00,79,0,0,62.07
,40936,2026-03-19T19:01:21+00:00,79,0,0,71.87
,40937,2026-03-19T19:01:21+00:00,89,0,0,62.07
,40938,2026-03-19T19:01:21+00:00,89,0,0,62.07
,40939,2026-03-19T19:01:21+00:00,89,0,0,62.07
,40940,2026-03-19T19:01:21+00:00,89,0,0,62.07
,40941,2026-03-19T19:01:21+00:00,89,0,0,62.07
,40942,2026-03-19T19:01:21+00:00,95,0,0,62.07
,40943,2026-03-19T19:01:21+00:00,99,0,0,32.17
,40944,2026-03-19T19:01:21+00:00,109,0,0,71.87
,40945,2026-03-19T19:01:21+00:00,109,0,0,32.17
,40946,2026-03-19T19:01:21+00:00,109,0,0,62.07
,40947,2026-03-19T19:01:21+00:00,109,0,0,62.07
,43695,2026-03-19T19:01:21+00:00,225,0,0,61.25
,40948,2026-03-19T19:01:21+00:00,109,0,0,62.07
,40949,2026-03-19T19:01:21+00:00,129,0,0,62.07
,40950,2026-03-19T19:01:21+00:00,129,0,0,62.07
,40951,2026-03-19T19:01:21+00:00,129,0,0,62.07
,40952,2026-03-19T19:01:21+00:00,169,0,0,71.87
,40953,2026-03-19T19:01:21+00:00,179,0,0,62.07
,40954,2026-03-19T19:01:21+00:00,199,0,0,62.07
,40955,2026-03-19T19:01:21+00:00,199,0,0,32.17
,40956,2026-03-19T19:01:21+00:00,229,0,0,62.07
,40957,2026-03-19T19:01:21+00:00,259,0,0,62.07
,40958,2026-03-19T19:01:21+00:00,259,0,0,76.36
,40959,2026-03-19T19:01:21+00:00,289,0,0,62.07
,40960,2026-03-19T19:01:21+00:00,349,0,0,62.07
,40961,2026-03-19T19:01:21+00:00,429,0,0,62.07
,40962,2026-03-19T19:01:21+00:00,449,0,0,62.07
,40963,2026-03-19T19:01:21+00:00,469,0,0,37.59
,40964,2026-03-19T19:01:21+00:00,1,0,0,71.87
,40965,2026-03-19T19:01:21+00:00,2,0,0,71.87
,40966,2026-03-19T19:01:21+00:00,2,0,0,71.87
,40967,2026-03-19T19:01:21+00:00,2,0,0,71.87
,40968,2026-03-19T19:01:21+00:00,2,0,0,71.87
,40969,2026-03-19T19:01:21+00:00,2,0,0,71.87
,40970,2026-03-19T19:01:21+00:00,3,0,0,82.94
,40971,2026-03-19T19:01:21+00:00,3,0,0,71.87
,40972,2026-03-19T19:01:21+00:00,3,0,0,71.87
,40973,2026-03-19T19:01:21+00:00,3,0,0,82.94
,40974,2026-03-19T19:01:21+00:00,3,0,0,71.87
,40975,2026-03-19T19:01:21+00:00,3,0,0,71.87
,40976,2026-03-19T19:01:21+00:00,3,0,0,71.87
,40977,2026-03-19T19:01:21+00:00,3,0,0,71.87
,40978,2026-03-19T19:01:21+00:00,3,0,0,71.87
,40979,2026-03-19T19:01:21+00:00,3,0,0,71.87
,40980,2026-03-19T19:01:21+00:00,3,0,0,71.87
,40981,2026-03-19T19:01:21+00:00,4,0,0,71.87
,40982,2026-03-19T19:01:21+00:00,4,0,0,71.87
,40983,2026-03-19T19:01:21+00:00,4,0,0,71.87
,41165,2026-03-19T19:01:21+00:00,839,0,0,62.07
,40984,2026-03-19T19:01:21+00:00,4,0,0,71.87
,40985,2026-03-19T19:01:21+00:00,5,0,0,71.87
,40986,2026-03-19T19:01:21+00:00,5,0,0,32.17
,40987,2026-03-19T19:01:21+00:00,5,0,0,71.87
,40988,2026-03-19T19:01:21+00:00,6,0,0,71.87
,40989,2026-03-19T19:01:21+00:00,6,0,0,71.87
,40990,2026-03-19T19:01:21+00:00,6,0,0,71.87
,40991,2026-03-19T19:01:21+00:00,6,0,0,71.87
,40992,2026-03-19T19:01:21+00:00,6,0,0,71.87
,40993,2026-03-19T19:01:21+00:00,7,0,0,71.87
,40994,2026-03-19T19:01:21+00:00,7,0,0,71.87
,40995,2026-03-19T19:01:21+00:00,7,0,0,71.87
,40996,2026-03-19T19:01:21+00:00,7,0,0,71.87
,40997,2026-03-19T19:01:21+00:00,7,0,0,71.87
,40998,2026-03-19T19:01:21+00:00,7,0,0,71.87
,40999,2026-03-19T19:01:21+00:00,7,0,0,82.94
,41000,2026-03-19T19:01:21+00:00,8,0,0,71.87
,41001,2026-03-19T19:01:21+00:00,8,0,0,57.31
,41002,2026-03-19T19:01:21+00:00,8,0,0,57.31
,41003,2026-03-19T19:01:21+00:00,8,0,0,71.87
,41004,2026-03-19T19:01:21+00:00,9,0,0,32.17
,41005,2026-03-19T19:01:21+00:00,9,0,0,71.87
,41006,2026-03-19T19:01:21+00:00,9,0,1,32.17
,41007,2026-03-19T19:01:21+00:00,10,0,1,73.24
,41008,2026-03-19T19:01:21+00:00,10,0,0,71.87
,41009,2026-03-19T19:01:21+00:00,10,0,0,71.87
,41010,2026-03-19T19:01:21+00:00,11,0,1,32.17
,41011,2026-03-19T19:01:21+00:00,11,0,0,71.87
,41012,2026-03-19T19:01:21+00:00,12,0,0,62.07
,41013,2026-03-19T19:01:21+00:00,12,0,0,71.87
,41014,2026-03-19T19:01:21+00:00,13,0,0,71.87
,41015,2026-03-19T19:01:21+00:00,13,0,0,71.87
,41016,2026-03-19T19:01:21+00:00,13,0,0,71.87
,41017,2026-03-19T19:01:21+00:00,13,0,0,82.94
,41018,2026-03-19T19:01:21+00:00,13,0,1,32.17
,41019,2026-03-19T19:01:21+00:00,14,0,0,71.87
,41020,2026-03-19T19:01:21+00:00,15,0,0,62.07
,41021,2026-03-19T19:01:21+00:00,15,0,0,62.07
,41022,2026-03-19T19:01:21+00:00,15,0,0,71.87
,41023,2026-03-19T19:01:21+00:00,16,0,0,82.94
,41024,2026-03-19T19:01:21+00:00,17,0,0,57.31
,41025,2026-03-19T19:01:21+00:00,17,0,0,71.87
,41026,2026-03-19T19:01:21+00:00,19,0,0,62.07
,41027,2026-03-19T19:01:21+00:00,19,0,0,62.07
,41028,2026-03-19T19:01:21+00:00,19,0,0,71.87
,41029,2026-03-19T19:01:21+00:00,19,0,0,71.87
,41030,2026-03-19T19:01:21+00:00,20,0,1,71.87
,41031,2026-03-19T19:01:21+00:00,22,0,0,71.87
,41032,2026-03-19T19:01:21+00:00,24,0,0,71.87
,41033,2026-03-19T19:01:21+00:00,25,0,0,62.07
,41034,2026-03-19T19:01:21+00:00,25,0,0,62.07
,41035,2026-03-19T19:01:21+00:00,27,0,0,71.87
,41036,2026-03-19T19:01:21+00:00,27,0,0,71.87
,41037,2026-03-19T19:01:21+00:00,27,0,0,71.87
,41038,2026-03-19T19:01:21+00:00,29,0,0,62.07
,41039,2026-03-19T19:01:21+00:00,29,0,0,62.07
,41040,2026-03-19T19:01:21+00:00,29,0,0,62.07
,41041,2026-03-19T19:01:21+00:00,29,0,0,62.07
,41042,2026-03-19T19:01:21+00:00,29,0,0,62.07
,41043,2026-03-19T19:01:21+00:00,39,0,0,62.07
,41044,2026-03-19T19:01:21+00:00,45,0,0,62.07
,41045,2026-03-19T19:01:21+00:00,45,0,0,62.07
,41046,2026-03-19T19:01:21+00:00,45,0,0,62.07
,41047,2026-03-19T19:01:21+00:00,49,0,0,62.07
,41048,2026-03-19T19:01:21+00:00,49,0,0,62.07
,41049,2026-03-19T19:01:21+00:00,49,0,0,62.07
,41050,2026-03-19T19:01:21+00:00,49,0,0,62.07
,41051,2026-03-19T19:01:21+00:00,55,0,0,62.07
,41052,2026-03-19T19:01:21+00:00,55,0,0,62.07
,41053,2026-03-19T19:01:21+00:00,59,0,0,62.07
,41054,2026-03-19T19:01:21+00:00,65,0,0,62.07
,41055,2026-03-19T19:01:21+00:00,69,0,0,62.07
,41056,2026-03-19T19:01:21+00:00,69,0,0,62.07
,41057,2026-03-19T19:01:21+00:00,69,0,0,62.07
,41058,2026-03-19T19:01:21+00:00,69,0,1,32.17
,41059,2026-03-19T19:01:21+00:00,75,0,0,62.07
,41060,2026-03-19T19:01:21+00:00,85,0,0,62.07
,41061,2026-03-19T19:01:21+00:00,85,0,0,62.07
,41062,2026-03-19T19:01:21+00:00,89,0,0,71.87
,41063,2026-03-19T19:01:21+00:00,89,0,1,47.43
,41064,2026-03-19T19:01:21+00:00,89,0,0,62.07
,41065,2026-03-19T19:01:21+00:00,95,0,0,62.07
,41066,2026-03-19T19:01:21+00:00,95,0,0,62.07
,41067,2026-03-19T19:01:21+00:00,95,0,0,71.87
,41068,2026-03-19T19:01:21+00:00,99,0,0,62.07
,41069,2026-03-19T19:01:21+00:00,99,0,1,32.17
,41070,2026-03-19T19:01:21+00:00,109,0,0,77.56
,41071,2026-03-19T19:01:21+00:00,119,0,0,62.07
,41072,2026-03-19T19:01:21+00:00,129,0,0,62.07
,41073,2026-03-19T19:01:21+00:00,129,0,0,62.07
,41074,2026-03-19T19:01:21+00:00,129,0,0,62.07
,41075,2026-03-19T19:01:21+00:00,135,0,0,62.07
,41076,2026-03-19T19:01:21+00:00,279,0,0,62.07
,41077,2026-03-19T19:01:21+00:00,339,0,0,62.07
,41078,2026-03-19T19:01:21+00:00,349,0,0,70.77
,41079,2026-03-19T19:01:21+00:00,459,0,0,62.07
,41080,2026-03-19T19:01:21+00:00,579,0,0,62.07
,41081,2026-03-19T19:01:21+00:00,2,0,0,71.87
,41082,2026-03-19T19:01:21+00:00,4,0,0,52.49
,41083,2026-03-19T19:01:21+00:00,4,0,0,71.87
,41084,2026-03-19T19:01:21+00:00,4,0,0,71.87
,41085,2026-03-19T19:01:21+00:00,5,0,0,32.17
,41086,2026-03-19T19:01:21+00:00,7,0,0,71.87
,41087,2026-03-19T19:01:21+00:00,7,0,0,71.87
,41088,2026-03-19T19:01:21+00:00,8,0,0,32.17
,41089,2026-03-19T19:01:21+00:00,8,0,0,71.87
,41090,2026-03-19T19:01:21+00:00,9,0,0,82.94
,41091,2026-03-19T19:01:21+00:00,11,0,0,47.43
,41092,2026-03-19T19:01:21+00:00,11,0,0,71.87
,41093,2026-03-19T19:01:21+00:00,12,0,0,62.07
,41094,2026-03-19T19:01:21+00:00,13,0,0,71.87
,41095,2026-03-19T19:01:21+00:00,15,0,0,62.07
,41096,2026-03-19T19:01:21+00:00,15,0,0,71.87
,41097,2026-03-19T19:01:21+00:00,15,0,0,71.87
,41098,2026-03-19T19:01:21+00:00,17,0,0,71.87
,41099,2026-03-19T19:01:21+00:00,18,0,0,71.87
,41100,2026-03-19T19:01:21+00:00,19,0,0,62.07
,41101,2026-03-19T19:01:21+00:00,19,0,0,62.07
,41102,2026-03-19T19:01:21+00:00,19,0,0,71.87
,41103,2026-03-19T19:01:21+00:00,19,0,0,71.87
,41104,2026-03-19T19:01:21+00:00,21,0,0,62.07
,41105,2026-03-19T19:01:21+00:00,25,0,0,62.07
,41106,2026-03-19T19:01:21+00:00,25,0,0,62.07
,41107,2026-03-19T19:01:21+00:00,25,0,0,62.07
,41108,2026-03-19T19:01:21+00:00,25,0,0,62.07
,41109,2026-03-19T19:01:21+00:00,27,0,0,62.07
,41110,2026-03-19T19:01:21+00:00,27,0,0,62.07
,41111,2026-03-19T19:01:21+00:00,27,0,0,62.07
,41112,2026-03-19T19:01:21+00:00,27,0,0,32.17
,41113,2026-03-19T19:01:21+00:00,28,0,0,71.87
,41114,2026-03-19T19:01:21+00:00,29,0,0,62.07
,41115,2026-03-19T19:01:21+00:00,29,0,0,62.07
,41116,2026-03-19T19:01:21+00:00,29,0,0,62.07
,41117,2026-03-19T19:01:21+00:00,32,0,0,62.07
,41118,2026-03-19T19:01:21+00:00,37,0,0,32.17
,41119,2026-03-19T19:01:21+00:00,39,0,0,62.07
,41120,2026-03-19T19:01:21+00:00,39,0,0,62.07
,41121,2026-03-19T19:01:21+00:00,39,0,1,32.17
,41122,2026-03-19T19:01:21+00:00,39,0,1,32.17
,41123,2026-03-19T19:01:21+00:00,45,0,0,62.07
,41124,2026-03-19T19:01:21+00:00,55,0,0,32.17
,41125,2026-03-19T19:01:21+00:00,55,0,0,62.07
,41126,2026-03-19T19:01:21+00:00,59,0,0,62.07
,41127,2026-03-19T19:01:21+00:00,65,0,0,62.07
,41128,2026-03-19T19:01:21+00:00,65,0,1,71.87
,41129,2026-03-19T19:01:21+00:00,69,0,0,62.07
,41130,2026-03-19T19:01:21+00:00,75,0,0,62.07
,41131,2026-03-19T19:01:21+00:00,79,0,0,62.07
,41132,2026-03-19T19:01:21+00:00,79,0,1,32.17
,41133,2026-03-19T19:01:21+00:00,109,0,0,62.07
,41134,2026-03-19T19:01:21+00:00,129,0,0,32.17
,41135,2026-03-19T19:01:21+00:00,179,0,0,71.87
,41136,2026-03-19T19:01:21+00:00,197,0,0,62.07
,41137,2026-03-19T19:01:21+00:00,197,0,0,62.07
,41138,2026-03-19T19:01:21+00:00,349,0,0,62.07
,41139,2026-03-19T19:01:21+00:00,789,0,0,62.07
,41140,2026-03-19T19:01:21+00:00,85,0,0,62.07
,41141,2026-03-19T19:01:21+00:00,99,0,0,62.07
,41142,2026-03-19T19:01:21+00:00,99,0,0,62.07
,41143,2026-03-19T19:01:21+00:00,99,0,0,62.07
,41144,2026-03-19T19:01:21+00:00,99,0,0,62.07
,41145,2026-03-19T19:01:21+00:00,129,0,0,62.07
,41146,2026-03-19T19:01:21+00:00,179,0,0,62.07
,41147,2026-03-19T19:01:21+00:00,219,0,0,62.07
,41148,2026-03-19T19:01:21+00:00,219,0,0,62.07
,41149,2026-03-19T19:01:21+00:00,289,0,0,62.07
,41150,2026-03-19T19:01:21+00:00,385,0,0,62.07
,41151,2026-03-19T19:01:21+00:00,1569,0,0,62.07
,41152,2026-03-19T19:01:21+00:00,459,0,0,32.17
,41153,2026-03-19T19:01:21+00:00,499,0,0,76.36
,41154,2026-03-19T19:01:21+00:00,499,0,0,32.17
,41155,2026-03-19T19:01:21+00:00,559,0,0,62.07
,41156,2026-03-19T19:01:21+00:00,559,0,0,62.07
,41157,2026-03-19T19:01:21+00:00,589,0,0,32.17
,41158,2026-03-19T19:01:21+00:00,679,0,0,83.7
,41159,2026-03-19T19:01:21+00:00,699,0,0,62.07
,41160,2026-03-19T19:01:21+00:00,699,0,0,82.94
,41161,2026-03-19T19:01:21+00:00,799,0,0,67.89
,41162,2026-03-19T19:01:21+00:00,829,0,0,76.36
,41163,2026-03-19T19:01:21+00:00,829,0,0,71.87
,41164,2026-03-19T19:01:21+00:00,829,0,0,76.36
,41166,2026-03-19T19:01:21+00:00,849,0,0,62.07
,41167,2026-03-19T19:01:21+00:00,879,0,0,62.07
,41168,2026-03-19T19:01:21+00:00,894,0,0,62.07
,41169,2026-03-19T19:01:21+00:00,899,0,0,62.07
,41170,2026-03-19T19:01:21+00:00,939,0,0,76.36
,41171,2026-03-19T19:01:21+00:00,1049,0,0,81.55
,41172,2026-03-19T19:01:21+00:00,1049,0,0,73.52
,41173,2026-03-19T19:01:21+00:00,1049,0,0,69.47
,41174,2026-03-19T19:01:21+00:00,1049,0,0,74.37
,41175,2026-03-19T19:01:21+00:00,1099,0,0,62.07
,41176,2026-03-19T19:01:21+00:00,1149,0,0,69.14
,41177,2026-03-19T19:01:21+00:00,1159,0,0,32.17
,41178,2026-03-19T19:01:21+00:00,1199,0,0,68.69
,41179,2026-03-19T19:01:21+00:00,1259,0,0,68.23
,41180,2026-03-19T19:01:21+00:00,1259,0,0,32.17
,41181,2026-03-19T19:01:21+00:00,1279,0,0,66.39
,41182,2026-03-19T19:01:21+00:00,1299,0,0,71.11
,41183,2026-03-19T19:01:21+00:00,1299,0,0,76.36
,41184,2026-03-19T19:01:21+00:00,1349,0,0,68.89
,41185,2026-03-19T19:01:21+00:00,1359,0,0,72.85
,41186,2026-03-19T19:01:21+00:00,1399,0,0,62.07
,41187,2026-03-19T19:01:21+00:00,1399,0,0,68.23
,41188,2026-03-19T19:01:21+00:00,1399,0,0,32.17
,41189,2026-03-19T19:01:21+00:00,1399,0,0,72.88
,41190,2026-03-19T19:01:21+00:00,1489,0,1,32.17
,41191,2026-03-19T19:01:21+00:00,1499,0,0,32.17
,41192,2026-03-19T19:01:21+00:00,1529,0,0,81.11
,41193,2026-03-19T19:01:21+00:00,1549,0,0,69.18
,41194,2026-03-19T19:01:21+00:00,1549,0,0,62.07
,41195,2026-03-19T19:01:21+00:00,1599,0,0,62.07
,41196,2026-03-19T19:01:21+00:00,1649,0,0,62.07
,41197,2026-03-19T19:01:21+00:00,1649,0,0,52.07
,41198,2026-03-19T19:01:21+00:00,1679,0,0,32.17
,41199,2026-03-19T19:01:21+00:00,1699,0,0,76.36
,41200,2026-03-19T19:01:21+00:00,1799,0,0,47.43
,41201,2026-03-19T19:01:21+00:00,1829,0,0,71.87
,41202,2026-03-19T19:01:21+00:00,1849,0,0,66.42
,41203,2026-03-19T19:01:21+00:00,1899,0,0,83.02
,41204,2026-03-19T19:01:21+00:00,1899,0,0,68.12
,41205,2026-03-19T19:01:21+00:00,1919,0,0,62.07
,41206,2026-03-19T19:01:21+00:00,1979,0,0,62.07
,41207,2026-03-19T19:01:21+00:00,1999,0,0,62.07
,41208,2026-03-19T19:01:21+00:00,1999,0,0,47.08
,41209,2026-03-19T19:01:21+00:00,1999,0,0,62.07
,41210,2026-03-19T19:01:21+00:00,2049,0,0,78.98
,41211,2026-03-19T19:01:21+00:00,2049,0,0,68.3
,41212,2026-03-19T19:01:21+00:00,2069,0,0,32.17
,41213,2026-03-19T19:01:21+00:00,2089,0,0,80.79
,41214,2026-03-19T19:01:21+00:00,2099,0,0,62.07
,41215,2026-03-19T19:01:21+00:00,2099,0,0,66.39
,41216,2026-03-19T19:01:21+00:00,2199,0,0,62.07
,41217,2026-03-19T19:01:21+00:00,2249,0,0,80.14
,41218,2026-03-19T19:01:21+00:00,2299,0,0,39.46
,41219,2026-03-19T19:01:21+00:00,2299,0,0,68.16
,41220,2026-03-19T19:01:21+00:00,2299,0,0,62.07
,41221,2026-03-19T19:01:21+00:00,2299,0,0,66.39
,41222,2026-03-19T19:01:21+00:00,2339,0,0,62.07
,41223,2026-03-19T19:01:21+00:00,2449,0,0,62.07
,41224,2026-03-19T19:01:21+00:00,2499,0,0,62.07
,41225,2026-03-19T19:01:21+00:00,2599,0,0,62.07
,41226,2026-03-19T19:01:21+00:00,2599,0,0,36.36
,41227,2026-03-19T19:01:21+00:00,2675,0,0,62.07
,41228,2026-03-19T19:01:21+00:00,2699,0,0,32.17
,41229,2026-03-19T19:01:21+00:00,2799,0,0,62.07
,41230,2026-03-19T19:01:21+00:00,2819,0,0,62.07
,41231,2026-03-19T19:01:21+00:00,2989,0,0,32.17
,41232,2026-03-19T19:01:21+00:00,2999,0,0,62.07
,41233,2026-03-19T19:01:21+00:00,3049,0,1,35.54
,41234,2026-03-19T19:01:21+00:00,3149,0,0,62.07
,41235,2026-03-19T19:01:21+00:00,3229,0,0,54.98
,41236,2026-03-19T19:01:21+00:00,3249,0,0,62.07
,41237,2026-03-19T19:01:21+00:00,3279,0,0,62.07
,41238,2026-03-19T19:01:21+00:00,3599,0,0,62.07
,41239,2026-03-19T19:01:21+00:00,3599,0,0,67.61
,41240,2026-03-19T19:01:21+00:00,3749,0,0,62.07
,41241,2026-03-19T19:01:21+00:00,3999,0,0,62.07
,41242,2026-03-19T19:01:21+00:00,4069,0,0,62.07
,41243,2026-03-19T19:01:21+00:00,4099,0,0,62.07
,41244,2026-03-19T19:01:21+00:00,4199,0,0,66.39
,41245,2026-03-19T19:01:21+00:00,4299,0,0,66.26
,41246,2026-03-19T19:01:21+00:00,4399,0,0,57.99
,41247,2026-03-19T19:01:21+00:00,4399,0,0,70.32
,41248,2026-03-19T19:01:21+00:00,4539,0,0,62.07
,41249,2026-03-19T19:01:21+00:00,4759,0,0,69.77
,41250,2026-03-19T19:01:21+00:00,5299,0,0,79.77
,41251,2026-03-19T19:01:21+00:00,5889,0,0,62.07
,41252,2026-03-19T19:01:21+00:00,5949,0,0,62.07
,41253,2026-03-19T19:01:21+00:00,5999,0,0,62.07
,41254,2026-03-19T19:01:21+00:00,6399,0,0,62.07
,41255,2026-03-19T19:01:21+00:00,6599,0,0,62.07
,41256,2026-03-19T19:01:21+00:00,6629,0,0,62.07
,41257,2026-03-19T19:01:21+00:00,6969,0,0,78.98
,41258,2026-03-19T19:01:21+00:00,6999,0,0,32.17
,41259,2026-03-19T19:01:21+00:00,6999,0,0,62.07
,41260,2026-03-19T19:01:21+00:00,6999,0,1,35.54
,41261,2026-03-19T19:01:21+00:00,7099,0,0,62.07
,41262,2026-03-19T19:01:21+00:00,8299,0,0,78.98
,41263,2026-03-19T19:01:21+00:00,9529,0,0,62.07
,41264,2026-03-19T19:01:21+00:00,10799,0,0,65.64
,41265,2026-03-19T19:01:21+00:00,389,0,0,62.07
,41266,2026-03-19T19:01:21+00:00,399,0,0,76.36
,41267,2026-03-19T19:01:21+00:00,399,0,0,62.07
,41268,2026-03-19T19:01:21+00:00,399,0,0,62.07
,41269,2026-03-19T19:01:21+00:00,569,0,0,62.07
,41270,2026-03-19T19:01:21+00:00,569,0,0,62.07
,41271,2026-03-19T19:01:21+00:00,579,0,0,71.87
,41272,2026-03-19T19:01:21+00:00,599,0,0,62.07
,41273,2026-03-19T19:01:21+00:00,649,0,0,47.43
,41274,2026-03-19T19:01:21+00:00,679,0,1,53.95
,41275,2026-03-19T19:01:21+00:00,679,0,0,62.07
,41276,2026-03-19T19:01:21+00:00,689,0,0,76.36
,41277,2026-03-19T19:01:21+00:00,469,0,1,32.17
,41278,2026-03-19T19:01:21+00:00,529,0,0,62.07
,41279,2026-03-19T19:01:21+00:00,599,0,0,62.07
,41280,2026-03-19T19:01:21+00:00,659,0,0,62.07
,41281,2026-03-19T19:01:21+00:00,699,0,0,69.8
,41282,2026-03-19T19:01:21+00:00,699,0,0,76.36
,41283,2026-03-19T19:01:21+00:00,709,0,1,71.87
,41284,2026-03-19T19:01:21+00:00,729,0,0,62.07
,41285,2026-03-19T19:01:21+00:00,1099,0,0,62.07
,41286,2026-03-19T19:01:21+00:00,1149,0,0,82.94
,41287,2026-03-19T19:01:21+00:00,1159,0,0,62.07
,41288,2026-03-19T19:01:21+00:00,1179,0,0,32.17
,41289,2026-03-19T19:01:21+00:00,1299,0,0,62.07
,41290,2026-03-19T19:01:21+00:00,1469,0,0,68.87
,41291,2026-03-19T19:01:21+00:00,1549,0,0,47.43
,41292,2026-03-19T19:01:21+00:00,1559,0,0,62.07
,41293,2026-03-19T19:01:21+00:00,1759,0,0,82.94
,41294,2026-03-19T19:01:21+00:00,2829,0,0,62.07
,41295,2026-03-19T19:01:21+00:00,2829,0,0,62.07
,41296,2026-03-19T19:01:21+00:00,2929,0,0,62.07
,41297,2026-03-19T19:01:21+00:00,3359,0,0,62.07
,41298,2026-03-19T19:01:21+00:00,4349,0,0,62.07
,41299,2026-03-19T19:01:21+00:00,4944,0,0,78.98
,41300,2026-03-19T19:01:21+00:00,4949,0,0,62.07
,41301,2026-03-19T19:01:21+00:00,5159,0,0,76.36
,41302,2026-03-19T19:01:21+00:00,9499,0,0,62.07
,41303,2026-03-19T19:01:21+00:00,9,0,0,62.07
,41304,2026-03-19T19:01:21+00:00,18,0,0,71.87
,41305,2026-03-19T19:01:21+00:00,59,0,0,76.36
,41306,2026-03-19T19:01:21+00:00,59,0,0,62.07
,41307,2026-03-19T19:01:21+00:00,65,0,0,62.07
,41308,2026-03-19T19:01:21+00:00,79,0,0,32.17
,41309,2026-03-19T19:01:21+00:00,199,0,0,62.07
,41310,2026-03-19T19:01:21+00:00,199,0,0,62.07
,41311,2026-03-19T19:01:21+00:00,239,0,0,76.36
,41312,2026-03-19T19:01:21+00:00,269,0,0,76.36
,41313,2026-03-19T19:01:21+00:00,275,0,0,62.07
,41314,2026-03-19T19:01:21+00:00,339,0,0,76.36
,41315,2026-03-19T19:01:21+00:00,369,0,0,76.36
,41316,2026-03-19T19:01:21+00:00,399,0,0,76.36
,41317,2026-03-19T19:01:21+00:00,399,0,0,76.36
,41318,2026-03-19T19:01:21+00:00,429,0,0,45.32
,41319,2026-03-19T19:01:21+00:00,459,0,0,76.36
,41320,2026-03-19T19:01:21+00:00,467,0,0,76.36
,41321,2026-03-19T19:01:21+00:00,649,0,0,62.07
,41322,2026-03-19T19:01:21+00:00,799,0,0,62.07
,41323,2026-03-19T19:01:21+00:00,799,0,0,76.36
,41324,2026-03-19T19:01:21+00:00,1559,0,0,76.36
,41325,2026-03-19T19:01:21+00:00,3899,0,0,62.07
,41326,2026-03-19T19:01:21+00:00,4899,0,0,62.07
,41327,2026-03-19T19:01:21+00:00,5,0,0,71.87
,41328,2026-03-19T19:01:21+00:00,5,0,0,82.94
,41329,2026-03-19T19:01:21+00:00,5,0,0,71.87
,41330,2026-03-19T19:01:21+00:00,5,0,0,71.87
,41331,2026-03-19T19:01:21+00:00,24,0,0,71.87
,41332,2026-03-19T19:01:21+00:00,24,0,0,71.87
,41333,2026-03-19T19:01:21+00:00,24,0,0,71.87
,41334,2026-03-19T19:01:21+00:00,24,0,0,71.87
,41335,2026-03-19T19:01:21+00:00,29,0,0,62.07
,41336,2026-03-19T19:01:21+00:00,47,0,0,62.07
,41337,2026-03-19T19:01:21+00:00,69,0,0,62.07
,41338,2026-03-19T19:01:21+00:00,75,0,0,62.07
,41339,2026-03-19T19:01:21+00:00,75,0,0,62.07
,41340,2026-03-19T19:01:21+00:00,75,0,0,62.07
,41341,2026-03-19T19:01:21+00:00,75,0,0,62.07
,41342,2026-03-19T19:01:21+00:00,79,0,0,62.07
,41343,2026-03-19T19:01:21+00:00,79,0,0,47.43
,41344,2026-03-19T19:01:21+00:00,79,0,0,62.07
,41345,2026-03-19T19:01:21+00:00,119,0,0,32.17
,41346,2026-03-19T19:01:21+00:00,149,0,0,62.07
,41347,2026-03-19T19:01:22+00:00,149,0,0,62.07
,41348,2026-03-19T19:01:22+00:00,159,0,0,62.07
,41349,2026-03-19T19:01:22+00:00,169,0,0,32.17
,41350,2026-03-19T19:01:22+00:00,189,0,0,62.07
,41351,2026-03-19T19:01:22+00:00,1339,0,0,62.07
,41352,2026-03-19T19:01:22+00:00,2599,0,0,71.87
,41353,2026-03-19T19:01:22+00:00,2859,0,0,37.11
,41354,2026-03-19T19:01:22+00:00,2939,0,0,32.17
,41355,2026-03-19T19:01:22+00:00,3169,0,1,32.17
,41356,2026-03-19T19:01:22+00:00,3190,0,1,32.17
,41357,2026-03-19T19:01:22+00:00,3689,0,1,32.17
,41358,2026-03-19T19:01:22+00:00,9,0,0,82.94
,41359,2026-03-19T19:01:22+00:00,10,0,0,71.87
,41360,2026-03-19T19:01:22+00:00,21,0,0,71.87
,41361,2026-03-19T19:01:22+00:00,23,0,0,82.94
,41362,2026-03-19T19:01:22+00:00,25,0,0,62.07
,41363,2026-03-19T19:01:22+00:00,49,0,0,62.07
,41364,2026-03-19T19:01:22+00:00,49,0,0,62.07
,41365,2026-03-19T19:01:22+00:00,55,0,0,62.07
,41366,2026-03-19T19:01:22+00:00,59,0,0,62.07
,41367,2026-03-19T19:01:22+00:00,69,0,0,62.07
,41368,2026-03-19T19:01:22+00:00,69,0,0,62.07
,41369,2026-03-19T19:01:22+00:00,69,0,1,32.17
,41370,2026-03-19T19:01:22+00:00,69,0,0,71.87
,41371,2026-03-19T19:01:22+00:00,75,0,0,62.07
,41372,2026-03-19T19:01:22+00:00,77,0,0,62.07
,41373,2026-03-19T19:01:22+00:00,89,0,0,62.07
,41374,2026-03-19T19:01:22+00:00,89,0,0,62.07
,41375,2026-03-19T19:01:22+00:00,93,0,0,62.07
,41376,2026-03-19T19:01:22+00:00,99,0,0,62.07
,41377,2026-03-19T19:01:22+00:00,104,0,0,62.07
,41378,2026-03-19T19:01:22+00:00,119,0,0,32.17
,41379,2026-03-19T19:01:22+00:00,119,0,0,62.07
,41380,2026-03-19T19:01:22+00:00,129,0,0,71.87
,41381,2026-03-19T19:01:22+00:00,129,0,0,62.07
,41382,2026-03-19T19:01:22+00:00,131,0,0,62.07
,41383,2026-03-19T19:01:22+00:00,189,0,0,62.07
,41384,2026-03-19T19:01:22+00:00,189,0,0,62.07
,41385,2026-03-19T19:01:22+00:00,189,0,0,62.07
,41386,2026-03-19T19:01:22+00:00,189,0,0,62.07
,41387,2026-03-19T19:01:22+00:00,195,0,0,62.07
,41388,2026-03-19T19:01:22+00:00,209,0,0,62.07
,41389,2026-03-19T19:01:22+00:00,209,0,0,62.07
,41390,2026-03-19T19:01:22+00:00,229,0,0,62.07
,41391,2026-03-19T19:01:22+00:00,259,0,0,32.17
,41392,2026-03-19T19:01:22+00:00,269,0,0,62.07
,41393,2026-03-19T19:01:22+00:00,269,0,0,62.07
,41394,2026-03-19T19:01:22+00:00,287,0,0,62.07
,41395,2026-03-19T19:01:22+00:00,359,0,1,32.17
,41396,2026-03-19T19:01:22+00:00,639,0,0,69.07
,41397,2026-03-19T19:01:22+00:00,715,0,0,62.07
,41398,2026-03-19T19:01:22+00:00,1199,0,0,59.14
,41399,2026-03-19T19:01:22+00:00,1499,0,0,45.32
,41400,2026-03-19T19:01:22+00:00,55,0,0,62.07
,41401,2026-03-19T19:01:22+00:00,69,0,0,62.07
,41402,2026-03-19T19:01:22+00:00,78,0,0,62.07
,41403,2026-03-19T19:01:22+00:00,89,0,0,62.07
,41404,2026-03-19T19:01:22+00:00,99,0,0,62.07
,41405,2026-03-19T19:01:22+00:00,99,0,0,62.07
,41406,2026-03-19T19:01:22+00:00,4099,0,0,62.07
,41407,2026-03-19T19:01:22+00:00,69,0,0,62.07
,41408,2026-03-19T19:01:22+00:00,69,0,0,62.07
,41409,2026-03-19T19:01:22+00:00,79,0,0,62.07
,41410,2026-03-19T19:01:22+00:00,85,0,0,76.36
,41411,2026-03-19T19:01:22+00:00,99,0,0,62.07
,41412,2026-03-19T19:01:22+00:00,269,0,0,62.07
,41413,2026-03-19T19:01:22+00:00,10,0,1,83.26
,41414,2026-03-19T19:01:22+00:00,13,0,0,71.87
,41415,2026-03-19T19:01:22+00:00,3,0,0,71.87
,41416,2026-03-19T19:01:22+00:00,3,0,0,71.87
,41417,2026-03-19T19:01:22+00:00,3,0,0,71.87
,41418,2026-03-19T19:01:22+00:00,3,0,0,71.87
,41419,2026-03-19T19:01:22+00:00,3,0,0,71.87
,41420,2026-03-19T19:01:22+00:00,3,0,0,71.87
,41421,2026-03-19T19:01:22+00:00,4,0,0,71.87
,41422,2026-03-19T19:01:22+00:00,4,0,0,71.87
,41423,2026-03-19T19:01:22+00:00,4,0,0,47.43
,41424,2026-03-19T19:01:22+00:00,5,0,0,32.17
,41425,2026-03-19T19:01:22+00:00,5,0,0,71.87
,41426,2026-03-19T19:01:22+00:00,5,0,0,71.87
,41427,2026-03-19T19:01:22+00:00,5,0,0,71.87
,41428,2026-03-19T19:01:22+00:00,5,0,0,71.87
,41429,2026-03-19T19:01:22+00:00,5,0,0,71.87
,41430,2026-03-19T19:01:22+00:00,5,0,0,71.87
,41431,2026-03-19T19:01:22+00:00,5,0,0,71.87
,41432,2026-03-19T19:01:22+00:00,5,0,0,71.87
,41433,2026-03-19T19:01:22+00:00,5,0,0,71.87
,41434,2026-03-19T19:01:22+00:00,6,0,0,71.87
,41435,2026-03-19T19:01:22+00:00,6,0,0,71.87
,41436,2026-03-19T19:01:22+00:00,6,0,0,71.87
,41437,2026-03-19T19:01:22+00:00,6,0,0,32.17
,41438,2026-03-19T19:01:22+00:00,6,0,0,71.87
,41439,2026-03-19T19:01:22+00:00,6,0,0,71.87
,41440,2026-03-19T19:01:22+00:00,7,0,0,71.87
,41441,2026-03-19T19:01:22+00:00,7,0,0,71.87
,41442,2026-03-19T19:01:22+00:00,8,0,0,72.55
,41443,2026-03-19T19:01:22+00:00,8,0,0,71.87
,41444,2026-03-19T19:01:22+00:00,9,0,0,57.31
,41445,2026-03-19T19:01:22+00:00,9,0,0,71.87
,41446,2026-03-19T19:01:22+00:00,9,0,1,32.17
,41447,2026-03-19T19:01:22+00:00,9,0,1,32.17
,41448,2026-03-19T19:01:22+00:00,10,0,0,71.87
,41449,2026-03-19T19:01:22+00:00,10,0,0,71.87
,41450,2026-03-19T19:01:22+00:00,10,0,0,71.87
,41451,2026-03-19T19:01:22+00:00,10,0,0,57.31
,41452,2026-03-19T19:01:22+00:00,11,0,0,62.07
,41453,2026-03-19T19:01:22+00:00,11,0,0,57.31
,41454,2026-03-19T19:01:22+00:00,11,0,0,71.87
,41455,2026-03-19T19:01:22+00:00,12,0,0,71.87
,41456,2026-03-19T19:01:22+00:00,12,0,0,71.87
,41457,2026-03-19T19:01:22+00:00,12,0,0,71.87
,41458,2026-03-19T19:01:22+00:00,14,0,0,71.87
,41459,2026-03-19T19:01:22+00:00,14,0,0,32.17
,41460,2026-03-19T19:01:22+00:00,14,0,0,71.87
,41461,2026-03-19T19:01:22+00:00,14,0,0,71.87
,41462,2026-03-19T19:01:22+00:00,14,0,0,71.87
,41463,2026-03-19T19:01:22+00:00,14,0,0,71.87
,41464,2026-03-19T19:01:22+00:00,15,0,0,32.17
,41465,2026-03-19T19:01:22+00:00,15,0,0,71.87
,41466,2026-03-19T19:01:22+00:00,15,0,0,57.31
,41467,2026-03-19T19:01:22+00:00,15,0,0,71.87
,41468,2026-03-19T19:01:22+00:00,16,0,0,82.94
,41469,2026-03-19T19:01:22+00:00,17,0,0,71.87
,41470,2026-03-19T19:01:22+00:00,17,0,0,71.87
,41471,2026-03-19T19:01:22+00:00,17,0,0,82.94
,41472,2026-03-19T19:01:22+00:00,17,0,0,71.87
,41473,2026-03-19T19:01:22+00:00,17,0,0,71.87
,41474,2026-03-19T19:01:22+00:00,17,0,0,71.87
,41475,2026-03-19T19:01:22+00:00,18,0,0,32.17
,41476,2026-03-19T19:01:22+00:00,18,0,0,32.17
,43696,2026-03-19T19:01:22+00:00,225,0,0,61.25
,41477,2026-03-19T19:01:22+00:00,19,0,0,47.43
,41478,2026-03-19T19:01:22+00:00,19,0,0,71.87
,41479,2026-03-19T19:01:22+00:00,19,0,0,71.87
,41480,2026-03-19T19:01:22+00:00,19,0,0,71.87
,41481,2026-03-19T19:01:22+00:00,19,0,0,71.87
,41482,2026-03-19T19:01:22+00:00,19,0,0,32.17
,41483,2026-03-19T19:01:22+00:00,19,0,0,71.87
,41484,2026-03-19T19:01:22+00:00,21,0,0,62.07
,41485,2026-03-19T19:01:22+00:00,22,0,0,71.87
,41486,2026-03-19T19:01:22+00:00,22,0,0,71.87
,41487,2026-03-19T19:01:22+00:00,24,0,0,62.07
,41488,2026-03-19T19:01:22+00:00,24,0,0,62.07
,41489,2026-03-19T19:01:22+00:00,25,0,0,62.07
,41490,2026-03-19T19:01:22+00:00,25,0,0,62.07
,41491,2026-03-19T19:01:22+00:00,25,0,0,62.07
,41492,2026-03-19T19:01:22+00:00,25,0,0,32.17
,41493,2026-03-19T19:01:22+00:00,25,0,0,71.87
,41494,2026-03-19T19:01:22+00:00,25,0,0,32.17
,41495,2026-03-19T19:01:22+00:00,25,0,1,32.17
,41496,2026-03-19T19:01:22+00:00,26,0,0,71.87
,41497,2026-03-19T19:01:22+00:00,27,0,0,77.56
,41498,2026-03-19T19:01:22+00:00,27,0,0,77.56
,41499,2026-03-19T19:01:22+00:00,27,0,0,77.56
,41500,2026-03-19T19:01:22+00:00,27,0,0,62.07
,41501,2026-03-19T19:01:22+00:00,27,0,0,82.94
,41502,2026-03-19T19:01:22+00:00,29,0,0,62.07
,41503,2026-03-19T19:01:22+00:00,29,0,0,62.07
,41504,2026-03-19T19:01:22+00:00,29,0,0,62.07
,41505,2026-03-19T19:01:22+00:00,29,0,0,62.07
,41506,2026-03-19T19:01:22+00:00,29,0,0,62.07
,41507,2026-03-19T19:01:22+00:00,29,0,0,62.07
,41508,2026-03-19T19:01:22+00:00,29,0,0,62.07
,41509,2026-03-19T19:01:22+00:00,31,0,0,71.87
,41510,2026-03-19T19:01:22+00:00,31,0,0,71.87
,41511,2026-03-19T19:01:22+00:00,35,0,0,62.07
,41512,2026-03-19T19:01:22+00:00,35,0,0,62.07
,41513,2026-03-19T19:01:22+00:00,35,0,1,32.17
,41514,2026-03-19T19:01:22+00:00,35,0,0,62.07
,41515,2026-03-19T19:01:22+00:00,35,0,0,62.07
,41516,2026-03-19T19:01:22+00:00,35,0,0,62.07
,41517,2026-03-19T19:01:22+00:00,35,0,0,71.87
,41518,2026-03-19T19:01:22+00:00,39,0,0,62.07
,41519,2026-03-19T19:01:22+00:00,39,0,0,76.36
,41520,2026-03-19T19:01:22+00:00,39,0,0,62.07
,41521,2026-03-19T19:01:22+00:00,39,0,0,71.87
,41522,2026-03-19T19:01:22+00:00,39,0,0,76.36
,41523,2026-03-19T19:01:22+00:00,39,0,0,82.94
,41524,2026-03-19T19:01:22+00:00,39,0,0,62.07
,41525,2026-03-19T19:01:22+00:00,39,0,0,62.07
,41526,2026-03-19T19:01:22+00:00,39,0,0,62.07
,41527,2026-03-19T19:01:22+00:00,39,0,0,76.36
,41528,2026-03-19T19:01:22+00:00,39,0,0,76.36
,41529,2026-03-19T19:01:22+00:00,39,0,0,71.87
,41530,2026-03-19T19:01:22+00:00,39,0,0,71.87
,41531,2026-03-19T19:01:22+00:00,39,0,0,57.31
,41532,2026-03-19T19:01:22+00:00,40,0,0,62.07
,41533,2026-03-19T19:01:22+00:00,42,0,1,32.17
,41534,2026-03-19T19:01:22+00:00,45,0,0,62.07
,41535,2026-03-19T19:01:22+00:00,45,0,0,71.87
,41536,2026-03-19T19:01:22+00:00,49,0,1,32.17
,41537,2026-03-19T19:01:22+00:00,49,0,0,62.07
,41538,2026-03-19T19:01:22+00:00,49,0,0,62.07
,41539,2026-03-19T19:01:22+00:00,49,0,0,76.36
,41540,2026-03-19T19:01:22+00:00,49,0,0,62.07
,41541,2026-03-19T19:01:22+00:00,49,0,0,62.07
,41542,2026-03-19T19:01:22+00:00,49,0,0,62.07
,41543,2026-03-19T19:01:22+00:00,49,0,0,62.07
,41544,2026-03-19T19:01:22+00:00,49,0,0,62.07
,41545,2026-03-19T19:01:22+00:00,49,0,0,62.07
,41546,2026-03-19T19:01:22+00:00,49,0,0,71.87
,41547,2026-03-19T19:01:22+00:00,53,0,0,62.07
,41548,2026-03-19T19:01:22+00:00,55,0,0,62.07
,41549,2026-03-19T19:01:22+00:00,55,0,0,62.07
,41550,2026-03-19T19:01:22+00:00,55,0,0,62.07
,41551,2026-03-19T19:01:22+00:00,55,0,0,62.07
,41552,2026-03-19T19:01:22+00:00,55,0,0,76.36
,41553,2026-03-19T19:01:22+00:00,55,0,0,32.17
,41554,2026-03-19T19:01:22+00:00,55,0,0,76.36
,41555,2026-03-19T19:01:22+00:00,55,0,0,62.07
,41556,2026-03-19T19:01:22+00:00,55,0,0,62.07
,41557,2026-03-19T19:01:22+00:00,55,0,0,32.17
,41558,2026-03-19T19:01:22+00:00,55,0,0,62.07
,41559,2026-03-19T19:01:22+00:00,55,0,0,62.07
,41560,2026-03-19T19:01:22+00:00,55,0,0,62.07
,41561,2026-03-19T19:01:22+00:00,55,0,0,62.07
,41562,2026-03-19T19:01:22+00:00,56,0,0,76.36
,41563,2026-03-19T19:01:22+00:00,59,0,0,62.07
,41564,2026-03-19T19:01:22+00:00,59,0,0,62.07
,41565,2026-03-19T19:01:22+00:00,59,0,0,77.56
,41566,2026-03-19T19:01:22+00:00,59,0,0,71.87
,41567,2026-03-19T19:01:22+00:00,59,0,0,62.07
,41568,2026-03-19T19:01:22+00:00,59,0,0,62.07
,41569,2026-03-19T19:01:22+00:00,59,0,0,62.07
,41570,2026-03-19T19:01:22+00:00,59,0,0,76.36
,41571,2026-03-19T19:01:22+00:00,59,0,0,62.07
,41572,2026-03-19T19:01:22+00:00,59,0,0,62.07
,41573,2026-03-19T19:01:22+00:00,59,0,0,62.07
,41574,2026-03-19T19:01:22+00:00,59,0,0,76.36
,41575,2026-03-19T19:01:22+00:00,59,0,0,62.07
,41576,2026-03-19T19:01:22+00:00,59,0,0,32.17
,41577,2026-03-19T19:01:22+00:00,59,0,0,75.86
,41578,2026-03-19T19:01:22+00:00,59,0,0,82.94
,41579,2026-03-19T19:01:22+00:00,59,0,0,71.87
,41580,2026-03-19T19:01:22+00:00,59,0,0,71.87
,41581,2026-03-19T19:01:22+00:00,62,0,0,76.36
,41582,2026-03-19T19:01:22+00:00,62,0,0,62.07
,41583,2026-03-19T19:01:22+00:00,65,0,0,47.43
,41584,2026-03-19T19:01:22+00:00,65,0,0,71.87
,41585,2026-03-19T19:01:22+00:00,65,0,0,76.36
,41586,2026-03-19T19:01:22+00:00,65,0,0,76.36
,41587,2026-03-19T19:01:22+00:00,65,0,0,62.07
,41588,2026-03-19T19:01:22+00:00,65,0,0,47.43
,41589,2026-03-19T19:01:22+00:00,69,0,0,71.87
,41590,2026-03-19T19:01:22+00:00,69,0,0,62.07
,41591,2026-03-19T19:01:22+00:00,69,0,0,62.07
,41592,2026-03-19T19:01:22+00:00,69,0,0,62.07
,41593,2026-03-19T19:01:22+00:00,69,0,0,62.07
,41594,2026-03-19T19:01:22+00:00,69,0,1,35.54
,41595,2026-03-19T19:01:22+00:00,69,0,0,62.07
,41596,2026-03-19T19:01:22+00:00,69,0,1,35.54
,41597,2026-03-19T19:01:22+00:00,69,0,0,62.07
,41598,2026-03-19T19:01:22+00:00,69,0,0,62.07
,41599,2026-03-19T19:01:22+00:00,69,0,0,62.07
,41600,2026-03-19T19:01:22+00:00,69,0,0,76.36
,41601,2026-03-19T19:01:22+00:00,73,0,0,76.36
,41602,2026-03-19T19:01:22+00:00,74,0,0,62.07
,41603,2026-03-19T19:01:22+00:00,75,0,0,62.07
,41604,2026-03-19T19:01:22+00:00,75,0,0,62.07
,41605,2026-03-19T19:01:22+00:00,75,0,0,62.07
,41606,2026-03-19T19:01:22+00:00,75,0,0,62.07
,41607,2026-03-19T19:01:22+00:00,75,0,0,62.07
,41608,2026-03-19T19:01:22+00:00,75,0,0,62.07
,41609,2026-03-19T19:01:22+00:00,75,0,0,62.07
,41610,2026-03-19T19:01:22+00:00,75,0,0,32.17
,41611,2026-03-19T19:01:22+00:00,75,0,0,62.07
,41612,2026-03-19T19:01:22+00:00,75,0,0,62.07
,41613,2026-03-19T19:01:22+00:00,79,0,0,32.17
,41614,2026-03-19T19:01:22+00:00,79,0,0,62.07
,41615,2026-03-19T19:01:22+00:00,79,0,1,32.17
,41616,2026-03-19T19:01:22+00:00,79,0,1,32.17
,41617,2026-03-19T19:01:22+00:00,79,0,0,82.94
,41618,2026-03-19T19:01:22+00:00,79,0,1,32.17
,41619,2026-03-19T19:01:22+00:00,79,0,0,62.07
,41620,2026-03-19T19:01:22+00:00,81,0,0,62.07
,41621,2026-03-19T19:01:22+00:00,82,0,0,62.07
,41622,2026-03-19T19:01:22+00:00,82,0,0,62.07
,41623,2026-03-19T19:01:22+00:00,85,0,0,76.36
,41624,2026-03-19T19:01:22+00:00,85,0,0,62.07
,41625,2026-03-19T19:01:22+00:00,85,0,0,62.07
,41626,2026-03-19T19:01:22+00:00,85,0,0,76.36
,41627,2026-03-19T19:01:22+00:00,85,0,0,62.07
,41628,2026-03-19T19:01:22+00:00,89,0,0,32.17
,41629,2026-03-19T19:01:22+00:00,89,0,0,62.07
,41630,2026-03-19T19:01:22+00:00,89,0,0,62.07
,41631,2026-03-19T19:01:22+00:00,89,0,0,45.32
,41632,2026-03-19T19:01:22+00:00,89,0,0,62.07
,41633,2026-03-19T19:01:22+00:00,89,0,0,62.07
,41634,2026-03-19T19:01:22+00:00,89,0,0,62.07
,41635,2026-03-19T19:01:22+00:00,89,0,0,62.07
,41636,2026-03-19T19:01:22+00:00,89,0,0,75.82
,41676,2026-03-19T19:01:22+00:00,119,0,1,71.87
,41637,2026-03-19T19:01:22+00:00,89,0,0,75.82
,41638,2026-03-19T19:01:22+00:00,89,0,0,45.32
,41639,2026-03-19T19:01:22+00:00,89,0,0,62.07
,41640,2026-03-19T19:01:22+00:00,89,0,0,62.07
,41641,2026-03-19T19:01:22+00:00,89,0,0,62.07
,41642,2026-03-19T19:01:22+00:00,89,0,0,62.07
,41643,2026-03-19T19:01:22+00:00,95,0,0,62.07
,41644,2026-03-19T19:01:22+00:00,95,0,0,62.07
,41645,2026-03-19T19:01:22+00:00,95,0,0,62.07
,41646,2026-03-19T19:01:22+00:00,99,0,0,62.07
,41647,2026-03-19T19:01:22+00:00,99,0,0,77.56
,41648,2026-03-19T19:01:22+00:00,99,0,0,62.07
,41649,2026-03-19T19:01:22+00:00,99,0,0,62.07
,41650,2026-03-19T19:01:22+00:00,99,0,0,62.07
,41651,2026-03-19T19:01:22+00:00,99,0,0,62.07
,41652,2026-03-19T19:01:22+00:00,99,0,0,62.07
,41653,2026-03-19T19:01:22+00:00,99,0,0,77.56
,41654,2026-03-19T19:01:22+00:00,99,0,0,62.07
,41655,2026-03-19T19:01:22+00:00,99,0,0,62.07
,41656,2026-03-19T19:01:22+00:00,99,0,0,62.07
,41657,2026-03-19T19:01:22+00:00,99,0,0,62.07
,41658,2026-03-19T19:01:22+00:00,99,0,0,62.07
,41659,2026-03-19T19:01:22+00:00,99,0,0,62.07
,41660,2026-03-19T19:01:22+00:00,99,0,1,32.17
,41661,2026-03-19T19:01:22+00:00,99,0,0,32.17
,41662,2026-03-19T19:01:22+00:00,105,0,0,62.07
,41663,2026-03-19T19:01:22+00:00,105,0,0,32.17
,41664,2026-03-19T19:01:22+00:00,105,0,0,62.07
,41665,2026-03-19T19:01:22+00:00,105,0,0,62.07
,41666,2026-03-19T19:01:22+00:00,105,0,0,62.07
,41667,2026-03-19T19:01:22+00:00,105,0,0,62.07
,41668,2026-03-19T19:01:22+00:00,109,0,0,62.07
,41669,2026-03-19T19:01:22+00:00,109,0,0,62.07
,41670,2026-03-19T19:01:22+00:00,109,0,0,62.07
,41671,2026-03-19T19:01:22+00:00,109,0,0,62.07
,41672,2026-03-19T19:01:22+00:00,109,0,0,62.07
,41673,2026-03-19T19:01:22+00:00,109,0,0,32.17
,41674,2026-03-19T19:01:22+00:00,115,0,0,62.07
,41675,2026-03-19T19:01:22+00:00,115,0,0,62.07
,41677,2026-03-19T19:01:22+00:00,119,0,1,71.87
,41678,2026-03-19T19:01:22+00:00,119,0,1,32.17
,41679,2026-03-19T19:01:22+00:00,119,0,0,62.07
,41680,2026-03-19T19:01:22+00:00,119,0,0,62.07
,41681,2026-03-19T19:01:22+00:00,119,0,1,71.87
,41682,2026-03-19T19:01:22+00:00,119,0,0,62.07
,41683,2026-03-19T19:01:22+00:00,119,0,0,76.36
,41684,2026-03-19T19:01:22+00:00,125,0,0,62.07
,41685,2026-03-19T19:01:22+00:00,125,0,0,76.36
,41686,2026-03-19T19:01:22+00:00,125,0,0,62.07
,41687,2026-03-19T19:01:22+00:00,125,0,0,62.07
,41688,2026-03-19T19:01:22+00:00,125,0,0,62.07
,41689,2026-03-19T19:01:22+00:00,127,0,0,62.07
,41690,2026-03-19T19:01:22+00:00,129,0,0,32.17
,41691,2026-03-19T19:01:22+00:00,129,0,0,32.17
,41692,2026-03-19T19:01:22+00:00,129,0,0,62.07
,41693,2026-03-19T19:01:22+00:00,129,0,0,32.17
,41694,2026-03-19T19:01:22+00:00,135,0,0,62.07
,41695,2026-03-19T19:01:22+00:00,135,0,0,62.07
,41696,2026-03-19T19:01:22+00:00,135,0,0,62.07
,41697,2026-03-19T19:01:22+00:00,135,0,0,62.07
,41698,2026-03-19T19:01:22+00:00,135,0,0,62.07
,41699,2026-03-19T19:01:22+00:00,135,0,0,62.07
,41700,2026-03-19T19:01:22+00:00,139,0,1,35.54
,41701,2026-03-19T19:01:22+00:00,139,0,0,62.07
,41702,2026-03-19T19:01:22+00:00,139,0,0,62.07
,41703,2026-03-19T19:01:22+00:00,145,0,0,62.07
,41704,2026-03-19T19:01:22+00:00,145,0,0,76.36
,41705,2026-03-19T19:01:22+00:00,145,0,0,76.36
,41706,2026-03-19T19:01:22+00:00,145,0,0,62.07
,41707,2026-03-19T19:01:22+00:00,145,0,0,62.07
,41708,2026-03-19T19:01:22+00:00,149,0,0,62.07
,41709,2026-03-19T19:01:22+00:00,149,0,0,62.07
,41710,2026-03-19T19:01:22+00:00,149,0,0,32.17
,41711,2026-03-19T19:01:22+00:00,149,0,0,47.43
,41712,2026-03-19T19:01:22+00:00,149,0,1,47.43
,41713,2026-03-19T19:01:22+00:00,149,0,0,32.17
,41714,2026-03-19T19:01:22+00:00,149,0,0,62.07
,41715,2026-03-19T19:01:22+00:00,149,0,0,62.07
,41716,2026-03-19T19:01:22+00:00,149,0,0,53.15
,41717,2026-03-19T19:01:22+00:00,149,0,0,76.36
,41718,2026-03-19T19:01:22+00:00,152,0,0,62.07
,41719,2026-03-19T19:01:22+00:00,152,0,0,62.07
,41720,2026-03-19T19:01:22+00:00,155,0,0,62.07
,41721,2026-03-19T19:01:22+00:00,155,0,0,62.07
,41722,2026-03-19T19:01:22+00:00,155,0,0,62.07
,41723,2026-03-19T19:01:22+00:00,155,0,0,62.07
,41724,2026-03-19T19:01:22+00:00,159,0,0,76.36
,41725,2026-03-19T19:01:22+00:00,159,0,0,32.17
,41726,2026-03-19T19:01:22+00:00,159,0,0,62.07
,41727,2026-03-19T19:01:22+00:00,159,0,0,76.36
,41728,2026-03-19T19:01:22+00:00,159,0,0,32.17
,41729,2026-03-19T19:01:22+00:00,159,0,0,62.07
,41730,2026-03-19T19:01:22+00:00,165,0,0,76.36
,41731,2026-03-19T19:01:22+00:00,169,0,0,32.17
,41732,2026-03-19T19:01:22+00:00,169,0,0,62.07
,41733,2026-03-19T19:01:22+00:00,169,0,0,62.07
,41734,2026-03-19T19:01:22+00:00,169,0,0,62.07
,41735,2026-03-19T19:01:22+00:00,169,0,0,62.07
,41736,2026-03-19T19:01:22+00:00,169,0,0,62.07
,41737,2026-03-19T19:01:22+00:00,169,0,0,62.07
,41738,2026-03-19T19:01:22+00:00,175,0,0,62.07
,41739,2026-03-19T19:01:22+00:00,179,0,0,76.36
,41740,2026-03-19T19:01:22+00:00,179,0,0,62.07
,41741,2026-03-19T19:01:22+00:00,179,0,0,76.36
,41742,2026-03-19T19:01:22+00:00,179,0,1,71.87
,41743,2026-03-19T19:01:22+00:00,195,0,0,45.32
,41744,2026-03-19T19:01:22+00:00,195,0,0,62.07
,41745,2026-03-19T19:01:22+00:00,195,0,0,62.07
,41746,2026-03-19T19:01:22+00:00,199,0,1,71.87
,41747,2026-03-19T19:01:22+00:00,199,0,0,62.07
,41748,2026-03-19T19:01:22+00:00,199,0,0,62.07
,41749,2026-03-19T19:01:22+00:00,199,0,0,62.07
,41750,2026-03-19T19:01:22+00:00,199,0,0,62.07
,41751,2026-03-19T19:01:22+00:00,199,0,0,62.07
,41752,2026-03-19T19:01:22+00:00,199,0,0,62.07
,41753,2026-03-19T19:01:22+00:00,199,0,0,32.17
,41754,2026-03-19T19:01:22+00:00,199,0,0,62.07
,41755,2026-03-19T19:01:22+00:00,199,0,0,62.07
,41756,2026-03-19T19:01:22+00:00,199,0,1,32.17
,41757,2026-03-19T19:01:22+00:00,199,0,0,62.07
,41758,2026-03-19T19:01:22+00:00,199,0,1,71.87
,41759,2026-03-19T19:01:22+00:00,199,0,0,76.36
,41760,2026-03-19T19:01:22+00:00,209,0,0,73.54
,41761,2026-03-19T19:01:22+00:00,209,0,0,84.58
,41762,2026-03-19T19:01:22+00:00,209,0,0,62.07
,41763,2026-03-19T19:01:22+00:00,209,0,0,84.58
,41764,2026-03-19T19:01:22+00:00,215,0,0,62.07
,41765,2026-03-19T19:01:22+00:00,236,0,0,62.07
,41766,2026-03-19T19:01:22+00:00,239,0,0,62.07
,41767,2026-03-19T19:01:22+00:00,239,0,0,62.07
,41768,2026-03-19T19:01:22+00:00,249,0,0,62.07
,41769,2026-03-19T19:01:22+00:00,249,0,0,62.07
,41770,2026-03-19T19:01:22+00:00,249,0,0,32.17
,41771,2026-03-19T19:01:22+00:00,255,0,0,62.07
,41772,2026-03-19T19:01:22+00:00,259,0,0,62.07
,41773,2026-03-19T19:01:22+00:00,259,0,0,62.07
,41774,2026-03-19T19:01:22+00:00,265,0,1,82.94
,41775,2026-03-19T19:01:22+00:00,269,0,0,62.07
,41776,2026-03-19T19:01:22+00:00,279,0,0,32.17
,41777,2026-03-19T19:01:22+00:00,289,0,0,62.07
,41778,2026-03-19T19:01:22+00:00,289,0,0,62.07
,41779,2026-03-19T19:01:22+00:00,289,0,0,62.07
,41780,2026-03-19T19:01:22+00:00,299,0,0,71.52
,41781,2026-03-19T19:01:22+00:00,299,0,0,62.07
,41782,2026-03-19T19:01:22+00:00,299,0,0,62.07
,41783,2026-03-19T19:01:22+00:00,299,0,0,62.07
,41784,2026-03-19T19:01:22+00:00,299,0,0,32.17
,41785,2026-03-19T19:01:22+00:00,309,0,0,62.07
,41786,2026-03-19T19:01:22+00:00,319,0,0,83.64
,41787,2026-03-19T19:01:22+00:00,319,0,0,62.07
,41788,2026-03-19T19:01:22+00:00,319,0,0,62.07
,41789,2026-03-19T19:01:22+00:00,319,0,0,62.07
,41790,2026-03-19T19:01:22+00:00,319,0,0,83.64
,41791,2026-03-19T19:01:22+00:00,325,0,0,62.07
,41792,2026-03-19T19:01:22+00:00,329,0,0,62.07
,41793,2026-03-19T19:01:22+00:00,329,0,0,45.32
,41794,2026-03-19T19:01:22+00:00,339,0,0,62.07
,41795,2026-03-19T19:01:22+00:00,339,0,0,62.07
,41796,2026-03-19T19:01:22+00:00,349,0,0,62.07
,41797,2026-03-19T19:01:22+00:00,349,0,0,62.07
,41798,2026-03-19T19:01:22+00:00,349,0,0,49.04
,41799,2026-03-19T19:01:22+00:00,359,0,0,56.61
,41800,2026-03-19T19:01:22+00:00,359,0,0,76.36
,41801,2026-03-19T19:01:22+00:00,359,0,0,62.07
,41802,2026-03-19T19:01:22+00:00,359,0,0,62.07
,41803,2026-03-19T19:01:22+00:00,379,0,0,62.07
,41804,2026-03-19T19:01:22+00:00,379,0,0,62.07
,41805,2026-03-19T19:01:22+00:00,379,0,0,62.07
,41806,2026-03-19T19:01:22+00:00,399,0,0,62.07
,41807,2026-03-19T19:01:22+00:00,399,0,0,32.17
,41808,2026-03-19T19:01:22+00:00,429,0,0,48.26
,41809,2026-03-19T19:01:22+00:00,439,0,0,62.07
,41810,2026-03-19T19:01:22+00:00,495,0,0,62.07
,41811,2026-03-19T19:01:22+00:00,499,0,0,71.91
,41812,2026-03-19T19:01:22+00:00,499,0,0,71.91
,41813,2026-03-19T19:01:22+00:00,499,0,0,62.07
,41814,2026-03-19T19:01:22+00:00,499,0,0,62.07
,41815,2026-03-19T19:01:22+00:00,569,0,0,76.36
,41816,2026-03-19T19:01:22+00:00,679,0,0,62.07
,41817,2026-03-19T19:01:22+00:00,699,0,0,62.07
,41818,2026-03-19T19:01:22+00:00,729,0,0,62.07
,41819,2026-03-19T19:01:22+00:00,729,0,1,32.17
,41820,2026-03-19T19:01:22+00:00,749,0,0,62.07
,41821,2026-03-19T19:01:22+00:00,7,0,0,32.17
,41822,2026-03-19T19:01:22+00:00,8,0,0,32.17
,41823,2026-03-19T19:01:22+00:00,14,0,0,32.17
,41824,2026-03-19T19:01:22+00:00,15,0,0,32.17
,41825,2026-03-19T19:01:22+00:00,16,0,0,32.17
,41826,2026-03-19T19:01:22+00:00,18,0,0,32.17
,41827,2026-03-19T19:01:22+00:00,19,0,0,32.17
,41828,2026-03-19T19:01:22+00:00,19,0,0,32.17
,41829,2026-03-19T19:01:22+00:00,19,0,0,32.17
,41830,2026-03-19T19:01:22+00:00,19,0,0,32.17
,41831,2026-03-19T19:01:22+00:00,21,0,0,32.17
,41832,2026-03-19T19:01:22+00:00,24,0,0,32.17
,41833,2026-03-19T19:01:22+00:00,24,0,0,32.17
,41834,2026-03-19T19:01:22+00:00,25,0,0,32.17
,41835,2026-03-19T19:01:22+00:00,25,0,0,32.17
,41836,2026-03-19T19:01:22+00:00,25,0,0,47.43
,41837,2026-03-19T19:01:22+00:00,25,0,0,32.17
,41838,2026-03-19T19:01:22+00:00,29,0,0,32.17
,41839,2026-03-19T19:01:22+00:00,29,0,0,32.17
,41840,2026-03-19T19:01:22+00:00,29,0,0,32.17
,41841,2026-03-19T19:01:22+00:00,29,0,0,32.17
,41842,2026-03-19T19:01:22+00:00,29,0,0,32.17
,41843,2026-03-19T19:01:22+00:00,29,0,0,32.17
,41844,2026-03-19T19:01:22+00:00,33,0,0,32.17
,41845,2026-03-19T19:01:22+00:00,35,0,0,32.17
,41846,2026-03-19T19:01:22+00:00,35,0,0,32.17
,41847,2026-03-19T19:01:22+00:00,37,0,0,32.17
,41848,2026-03-19T19:01:22+00:00,39,0,0,32.17
,41849,2026-03-19T19:01:22+00:00,39,0,0,32.17
,41850,2026-03-19T19:01:22+00:00,39,0,0,32.17
,41851,2026-03-19T19:01:22+00:00,39,0,0,32.17
,41852,2026-03-19T19:01:22+00:00,39,0,0,32.17
,41853,2026-03-19T19:01:22+00:00,39,0,0,32.17
,41854,2026-03-19T19:01:22+00:00,39,0,0,32.17
,41855,2026-03-19T19:01:22+00:00,39,0,0,32.17
,41856,2026-03-19T19:01:22+00:00,39,0,0,32.17
,41857,2026-03-19T19:01:22+00:00,39,0,0,32.17
,41858,2026-03-19T19:01:22+00:00,39,0,0,19.95
,41859,2026-03-19T19:01:22+00:00,45,0,0,32.17
,41860,2026-03-19T19:01:22+00:00,45,0,0,47.43
,41861,2026-03-19T19:01:22+00:00,45,0,0,62.07
,41862,2026-03-19T19:01:22+00:00,45,0,0,32.17
,41863,2026-03-19T19:01:22+00:00,48,0,0,32.17
,41864,2026-03-19T19:01:22+00:00,49,0,0,32.17
,41865,2026-03-19T19:01:22+00:00,49,0,0,32.17
,41866,2026-03-19T19:01:22+00:00,53,0,0,32.17
,41867,2026-03-19T19:01:22+00:00,55,0,0,32.17
,41868,2026-03-19T19:01:22+00:00,55,0,0,32.17
,41869,2026-03-19T19:01:22+00:00,55,0,0,32.17
,41870,2026-03-19T19:01:22+00:00,55,0,0,32.17
,41871,2026-03-19T19:01:22+00:00,55,0,0,32.17
,41872,2026-03-19T19:01:22+00:00,59,0,0,32.17
,41873,2026-03-19T19:01:22+00:00,59,0,0,32.17
,41874,2026-03-19T19:01:22+00:00,59,0,0,32.17
,41875,2026-03-19T19:01:22+00:00,65,0,0,32.17
,41876,2026-03-19T19:01:22+00:00,65,0,0,32.17
,41877,2026-03-19T19:01:22+00:00,65,0,0,32.17
,41878,2026-03-19T19:01:22+00:00,69,0,0,62.07
,41879,2026-03-19T19:01:22+00:00,69,0,0,32.17
,41880,2026-03-19T19:01:22+00:00,69,0,0,32.17
,41881,2026-03-19T19:01:22+00:00,69,0,0,32.17
,41882,2026-03-19T19:01:22+00:00,69,0,0,32.17
,41883,2026-03-19T19:01:22+00:00,69,0,0,62.07
,41884,2026-03-19T19:01:22+00:00,69,0,0,32.17
,41885,2026-03-19T19:01:22+00:00,69,0,0,47.43
,41886,2026-03-19T19:01:22+00:00,69,0,0,62.07
,41887,2026-03-19T19:01:22+00:00,69,0,0,32.17
,41888,2026-03-19T19:01:22+00:00,69,0,0,32.17
,41889,2026-03-19T19:01:22+00:00,69,0,0,32.17
,41890,2026-03-19T19:01:22+00:00,69,0,0,32.17
,41891,2026-03-19T19:01:22+00:00,74,0,0,32.17
,41892,2026-03-19T19:01:22+00:00,74,0,0,32.17
,41893,2026-03-19T19:01:22+00:00,74,0,0,32.17
,41894,2026-03-19T19:01:22+00:00,75,0,0,32.17
,41895,2026-03-19T19:01:22+00:00,75,0,0,32.17
,41896,2026-03-19T19:01:22+00:00,75,0,0,32.17
,41897,2026-03-19T19:01:22+00:00,79,0,0,32.17
,41898,2026-03-19T19:01:22+00:00,79,0,0,32.17
,41899,2026-03-19T19:01:22+00:00,79,0,0,32.17
,41900,2026-03-19T19:01:22+00:00,79,0,0,32.17
,41901,2026-03-19T19:01:22+00:00,79,0,0,32.17
,41902,2026-03-19T19:01:22+00:00,85,0,0,32.17
,41903,2026-03-19T19:01:22+00:00,85,0,0,32.17
,41904,2026-03-19T19:01:22+00:00,85,0,0,32.17
,41905,2026-03-19T19:01:22+00:00,85,0,0,32.17
,41906,2026-03-19T19:01:22+00:00,85,0,0,32.17
,41907,2026-03-19T19:01:22+00:00,89,0,0,32.17
,41908,2026-03-19T19:01:22+00:00,89,0,0,32.17
,41909,2026-03-19T19:01:22+00:00,89,0,0,32.17
,41910,2026-03-19T19:01:22+00:00,89,0,0,32.17
,41911,2026-03-19T19:01:22+00:00,89,0,0,32.17
,41912,2026-03-19T19:01:22+00:00,89,0,0,32.17
,41913,2026-03-19T19:01:22+00:00,89,0,0,32.17
,41914,2026-03-19T19:01:22+00:00,89,0,0,32.17
,41915,2026-03-19T19:01:22+00:00,89,0,0,32.17
,43697,2026-03-19T19:01:22+00:00,235,0,0,44.47
,41916,2026-03-19T19:01:22+00:00,89,0,0,32.17
,41917,2026-03-19T19:01:22+00:00,92,0,0,32.17
,41918,2026-03-19T19:01:22+00:00,95,0,0,32.17
,41919,2026-03-19T19:01:22+00:00,95,0,0,32.17
,41920,2026-03-19T19:01:22+00:00,95,0,0,32.17
,41921,2026-03-19T19:01:22+00:00,99,0,0,32.17
,41922,2026-03-19T19:01:22+00:00,99,0,0,32.17
,41923,2026-03-19T19:01:22+00:00,99,0,0,32.17
,41924,2026-03-19T19:01:22+00:00,99,0,0,32.17
,41925,2026-03-19T19:01:22+00:00,99,0,0,32.17
,41926,2026-03-19T19:01:22+00:00,99,0,0,32.17
,41927,2026-03-19T19:01:22+00:00,99,0,0,32.17
,41928,2026-03-19T19:01:22+00:00,109,0,0,32.17
,41929,2026-03-19T19:01:22+00:00,109,0,0,32.17
,41930,2026-03-19T19:01:22+00:00,109,0,0,32.17
,41931,2026-03-19T19:01:22+00:00,109,0,0,32.17
,41932,2026-03-19T19:01:22+00:00,109,0,0,32.17
,41933,2026-03-19T19:01:22+00:00,109,0,0,71.87
,41934,2026-03-19T19:01:22+00:00,109,0,0,71.87
,41935,2026-03-19T19:01:22+00:00,115,0,0,32.17
,41936,2026-03-19T19:01:22+00:00,115,0,0,32.17
,41937,2026-03-19T19:01:22+00:00,115,0,0,32.17
,41938,2026-03-19T19:01:22+00:00,119,0,0,32.17
,41939,2026-03-19T19:01:22+00:00,119,0,0,32.17
,41940,2026-03-19T19:01:22+00:00,119,0,0,32.17
,41941,2026-03-19T19:01:22+00:00,125,0,0,32.17
,41942,2026-03-19T19:01:22+00:00,129,0,1,32.17
,41943,2026-03-19T19:01:22+00:00,139,0,0,32.17
,41944,2026-03-19T19:01:22+00:00,139,0,0,32.17
,41945,2026-03-19T19:01:22+00:00,139,0,0,32.17
,41946,2026-03-19T19:01:22+00:00,144,0,0,32.17
,41947,2026-03-19T19:01:22+00:00,149,0,0,32.17
,41948,2026-03-19T19:01:22+00:00,159,0,0,32.17
,41949,2026-03-19T19:01:22+00:00,169,0,1,47.43
,41950,2026-03-19T19:01:22+00:00,169,0,0,32.17
,41951,2026-03-19T19:01:22+00:00,169,0,0,32.17
,41952,2026-03-19T19:01:22+00:00,177,0,0,32.17
,41953,2026-03-19T19:01:22+00:00,179,0,0,32.17
,41954,2026-03-19T19:01:22+00:00,179,0,1,19.95
,43744,2026-03-19T19:01:22+00:00,199,0,0,61.25
,41955,2026-03-19T19:01:22+00:00,179,0,0,32.17
,41956,2026-03-19T19:01:22+00:00,179,0,0,32.17
,41957,2026-03-19T19:01:22+00:00,179,0,1,32.17
,41958,2026-03-19T19:01:22+00:00,179,0,1,32.17
,41959,2026-03-19T19:01:22+00:00,179,0,0,32.17
,41960,2026-03-19T19:01:22+00:00,179,0,1,32.17
,41961,2026-03-19T19:01:22+00:00,179,0,1,32.17
,41962,2026-03-19T19:01:22+00:00,185,0,0,32.17
,41963,2026-03-19T19:01:22+00:00,185,0,0,32.17
,41964,2026-03-19T19:01:22+00:00,189,0,0,62.07
,41965,2026-03-19T19:01:22+00:00,189,0,0,62.07
,41966,2026-03-19T19:01:22+00:00,195,0,0,32.17
,41967,2026-03-19T19:01:22+00:00,199,0,1,58.63
,41968,2026-03-19T19:01:22+00:00,199,0,1,58.63
,41969,2026-03-19T19:01:22+00:00,199,0,0,32.17
,41970,2026-03-19T19:01:22+00:00,199,0,0,32.17
,41971,2026-03-19T19:01:22+00:00,209,0,0,62.07
,41972,2026-03-19T19:01:22+00:00,209,0,0,62.07
,41973,2026-03-19T19:01:22+00:00,215,0,0,32.17
,41974,2026-03-19T19:01:22+00:00,229,0,0,32.17
,41975,2026-03-19T19:01:22+00:00,229,0,0,62.07
,41976,2026-03-19T19:01:22+00:00,239,0,0,32.17
,41977,2026-03-19T19:01:22+00:00,239,0,0,32.17
,41978,2026-03-19T19:01:22+00:00,249,0,0,62.07
,41979,2026-03-19T19:01:22+00:00,249,0,1,32.17
,41980,2026-03-19T19:01:22+00:00,249,0,0,62.07
,41981,2026-03-19T19:01:22+00:00,269,0,0,32.17
,41982,2026-03-19T19:01:22+00:00,278,0,0,32.17
,41983,2026-03-19T19:01:22+00:00,279,0,0,32.17
,41984,2026-03-19T19:01:22+00:00,319,0,0,32.17
,41985,2026-03-19T19:01:22+00:00,319,0,0,47.43
,41986,2026-03-19T19:01:22+00:00,329,0,0,32.17
,41987,2026-03-19T19:01:22+00:00,329,0,0,32.17
,41988,2026-03-19T19:01:22+00:00,339,0,0,62.07
,41989,2026-03-19T19:01:22+00:00,339,0,0,62.07
,41990,2026-03-19T19:01:22+00:00,349,0,0,45.32
,41991,2026-03-19T19:01:22+00:00,349,0,0,45.32
,41992,2026-03-19T19:01:22+00:00,349,0,0,45.32
,41993,2026-03-19T19:01:22+00:00,349,0,0,45.32
,41994,2026-03-19T19:01:22+00:00,359,0,0,32.17
,41995,2026-03-19T19:01:22+00:00,399,0,0,32.17
,41996,2026-03-19T19:01:22+00:00,399,0,0,32.17
,41997,2026-03-19T19:01:22+00:00,399,0,0,32.17
,41998,2026-03-19T19:01:22+00:00,409,0,0,32.17
,41999,2026-03-19T19:01:22+00:00,419,0,0,32.17
,42000,2026-03-19T19:01:22+00:00,419,0,0,62.07
,42001,2026-03-19T19:01:22+00:00,425,0,0,32.17
,42002,2026-03-19T19:01:22+00:00,425,0,0,32.17
,42003,2026-03-19T19:01:22+00:00,429,0,0,32.17
,42004,2026-03-19T19:01:22+00:00,429,0,0,32.17
,42005,2026-03-19T19:01:22+00:00,449,0,0,32.17
,42006,2026-03-19T19:01:22+00:00,449,0,0,32.17
,42007,2026-03-19T19:01:22+00:00,459,0,0,62.07
,42008,2026-03-19T19:01:22+00:00,459,0,0,32.17
,42009,2026-03-19T19:01:22+00:00,459,0,0,47.43
,42010,2026-03-19T19:01:22+00:00,459,0,0,32.17
,42011,2026-03-19T19:01:22+00:00,469,0,0,32.17
,42012,2026-03-19T19:01:22+00:00,489,0,0,32.17
,42013,2026-03-19T19:01:22+00:00,489,0,0,32.17
,42014,2026-03-19T19:01:22+00:00,519,0,1,47.43
,42015,2026-03-19T19:01:22+00:00,519,0,1,47.43
,42016,2026-03-19T19:01:22+00:00,519,0,1,32.17
,42017,2026-03-19T19:01:22+00:00,519,0,1,32.17
,42018,2026-03-19T19:01:22+00:00,519,0,1,47.43
,42019,2026-03-19T19:01:22+00:00,519,0,1,47.43
,42020,2026-03-19T19:01:22+00:00,519,0,1,32.17
,42021,2026-03-19T19:01:22+00:00,549,0,0,32.17
,42022,2026-03-19T19:01:22+00:00,549,0,1,32.17
,42023,2026-03-19T19:01:22+00:00,549,0,0,32.17
,42024,2026-03-19T19:01:22+00:00,589,0,0,39.83
,42025,2026-03-19T19:01:22+00:00,589,0,0,39.83
,42026,2026-03-19T19:01:22+00:00,599,0,0,62.07
,42027,2026-03-19T19:01:22+00:00,599,0,0,32.17
,42028,2026-03-19T19:01:22+00:00,599,0,0,32.17
,42029,2026-03-19T19:01:22+00:00,599,0,0,32.17
,42030,2026-03-19T19:01:22+00:00,599,0,0,32.17
,42031,2026-03-19T19:01:22+00:00,659,0,0,32.17
,42032,2026-03-19T19:01:22+00:00,899,0,0,37.38
,42033,2026-03-19T19:01:22+00:00,1069,0,0,32.17
,42034,2026-03-19T19:01:22+00:00,1069,0,0,32.17
,42035,2026-03-19T19:01:22+00:00,1079,0,0,32.17
,42036,2026-03-19T19:01:22+00:00,1119,0,0,32.17
,42037,2026-03-19T19:01:22+00:00,1149,0,0,32.17
,42038,2026-03-19T19:01:22+00:00,1169,0,0,62.07
,42039,2026-03-19T19:01:22+00:00,1289,0,0,47.43
,42040,2026-03-19T19:01:22+00:00,1289,0,0,47.43
,42041,2026-03-19T19:01:22+00:00,1299,0,0,32.17
,42042,2026-03-19T19:01:22+00:00,1299,0,0,37.31
,42043,2026-03-19T19:01:22+00:00,1449,0,1,32.17
,42044,2026-03-19T19:01:22+00:00,1499,0,0,37.56
,42045,2026-03-19T19:01:22+00:00,1499,0,0,32.17
,42046,2026-03-19T19:01:22+00:00,1589,0,0,32.17
,42047,2026-03-19T19:01:22+00:00,1595,0,0,32.17
,42048,2026-03-19T19:01:22+00:00,1595,0,0,32.17
,42049,2026-03-19T19:01:22+00:00,1649,0,1,42.66
,42050,2026-03-19T19:01:22+00:00,1799,0,0,32.17
,42051,2026-03-19T19:01:22+00:00,2099,0,0,32.17
,42052,2026-03-19T19:01:22+00:00,2099,0,0,32.17
,42053,2026-03-19T19:01:22+00:00,2249,0,0,44.07
,42054,2026-03-19T19:01:22+00:00,2539,0,0,32.17
,42055,2026-03-19T19:01:22+00:00,2619,0,0,32.17
,42056,2026-03-19T19:01:22+00:00,2799,0,0,38.72
,42057,2026-03-19T19:01:22+00:00,2989,0,1,32.17
,42058,2026-03-19T19:01:22+00:00,3889,0,0,32.17
,42059,2026-03-19T19:01:22+00:00,6,0,0,71.87
,42060,2026-03-19T19:01:22+00:00,9,0,0,71.87
,42061,2026-03-19T19:01:22+00:00,13,0,0,71.87
,42062,2026-03-19T19:01:22+00:00,24,0,0,71.87
,42063,2026-03-19T19:01:22+00:00,25,0,0,62.07
,42064,2026-03-19T19:01:22+00:00,39,0,0,71.87
,42065,2026-03-19T19:01:22+00:00,39,0,0,62.07
,42066,2026-03-19T19:01:22+00:00,49,0,1,32.17
,42067,2026-03-19T19:01:22+00:00,62,0,0,62.07
,42068,2026-03-19T19:01:22+00:00,69,0,0,62.07
,42069,2026-03-19T19:01:22+00:00,75,0,0,62.07
,42070,2026-03-19T19:01:22+00:00,79,0,0,62.07
,42071,2026-03-19T19:01:22+00:00,79,0,0,62.07
,42072,2026-03-19T19:01:22+00:00,79,0,0,62.07
,43791,2026-03-19T19:01:22+00:00,82,0,0,61.25
,42073,2026-03-19T19:01:22+00:00,89,0,0,62.07
,42074,2026-03-19T19:01:22+00:00,89,0,0,62.07
,42075,2026-03-19T19:01:22+00:00,155,0,0,62.07
,42076,2026-03-19T19:01:22+00:00,159,0,0,62.07
,42077,2026-03-19T19:01:22+00:00,159,0,0,71.87
,42078,2026-03-19T19:01:22+00:00,184,0,0,62.07
,42079,2026-03-19T19:01:22+00:00,319,0,0,62.07
,42080,2026-03-19T19:01:22+00:00,349,0,0,62.07
,42081,2026-03-19T19:01:22+00:00,459,0,1,41.05
,42082,2026-03-19T19:01:22+00:00,499,0,1,32.17
,42083,2026-03-19T19:01:22+00:00,625,0,0,62.07
,42084,2026-03-19T19:01:22+00:00,649,0,0,62.07
,42085,2026-03-19T19:01:22+00:00,989,0,0,62.07
,42086,2026-03-19T19:01:22+00:00,1469,0,0,62.07
,42087,2026-03-19T19:01:22+00:00,1659,0,0,62.07
,42088,2026-03-19T19:01:22+00:00,2559,0,0,62.07
,42089,2026-03-19T19:01:22+00:00,15,0,0,71.87
,42090,2026-03-19T19:01:22+00:00,122,0,0,62.07
,42091,2026-03-19T19:01:22+00:00,122,0,0,62.07
,42092,2026-03-19T19:01:22+00:00,125,0,0,62.07
,42093,2026-03-19T19:01:22+00:00,129,0,0,62.07
,42094,2026-03-19T19:01:22+00:00,149,0,0,62.07
,42095,2026-03-19T19:01:22+00:00,149,0,0,62.07
,42096,2026-03-19T19:01:22+00:00,149,0,0,62.07
,42097,2026-03-19T19:01:22+00:00,169,0,0,62.07
,42098,2026-03-19T19:01:22+00:00,169,0,0,62.07
,42099,2026-03-19T19:01:22+00:00,169,0,0,62.07
,42100,2026-03-19T19:01:22+00:00,195,0,0,62.07
,42101,2026-03-19T19:01:22+00:00,199,0,0,62.07
,42102,2026-03-19T19:01:22+00:00,199,0,0,62.07
,42103,2026-03-19T19:01:22+00:00,199,0,0,62.07
,42104,2026-03-19T19:01:22+00:00,199,0,0,62.07
,42105,2026-03-19T19:01:22+00:00,199,0,0,62.07
,42106,2026-03-19T19:01:22+00:00,1399,0,0,61.25
,42107,2026-03-19T19:01:22+00:00,1779,0,0,61.25
,42108,2026-03-19T19:01:22+00:00,999,0,0,75.73
,42109,2026-03-19T19:01:22+00:00,1049,0,0,61.25
,42110,2026-03-19T19:01:22+00:00,1049,0,0,75.73
,42111,2026-03-19T19:01:22+00:00,1019,0,0,61.25
,42112,2026-03-19T19:01:22+00:00,1599,0,0,75.73
,42113,2026-03-19T19:01:22+00:00,1339,0,0,75.73
,42114,2026-03-19T19:01:22+00:00,1779,0,0,44.47
,42115,2026-03-19T19:01:22+00:00,1529,0,0,75.73
,42116,2026-03-19T19:01:22+00:00,1399,0,0,61.25
,42117,2026-03-19T19:01:22+00:00,1889,0,0,75.73
,42118,2026-03-19T19:01:22+00:00,1459,0,0,61.25
,42119,2026-03-19T19:01:22+00:00,1885,0,0,61.25
,42120,2026-03-19T19:01:22+00:00,1519,0,0,61.25
,42121,2026-03-19T19:01:22+00:00,1399,0,1,51.25
,42122,2026-03-19T19:01:22+00:00,999,0,0,64.06
,42123,2026-03-19T19:01:22+00:00,1049,0,0,75.73
,42124,2026-03-19T19:01:22+00:00,999,0,0,64.81
,42125,2026-03-19T19:01:22+00:00,1179,0,0,61.25
,42126,2026-03-19T19:01:22+00:00,1419,0,0,61.25
,42127,2026-03-19T19:01:22+00:00,1459,0,0,61.25
,42128,2026-03-19T19:01:22+00:00,1559,0,0,61.25
,42129,2026-03-19T19:01:22+00:00,1049,0,0,75.73
,42130,2026-03-19T19:01:22+00:00,1459,0,0,75.73
,42131,2026-03-19T19:01:22+00:00,999,0,0,81.15
,42132,2026-03-19T19:01:22+00:00,1449,0,0,61.25
,42133,2026-03-19T19:01:22+00:00,1665,0,1,34.75
,42134,2026-03-19T19:01:22+00:00,929,0,0,75.73
,42135,2026-03-19T19:01:22+00:00,1499,0,0,44.47
,42136,2026-03-19T19:01:22+00:00,1449,0,0,75.73
,42137,2026-03-19T19:01:22+00:00,1019,0,0,75.73
,42138,2026-03-19T19:01:22+00:00,1419,0,0,75.73
,42139,2026-03-19T19:01:22+00:00,1159,0,0,61.25
,42140,2026-03-19T19:01:22+00:00,1399,0,0,75.73
,42141,2026-03-19T19:01:22+00:00,1439,0,0,44.47
,42142,2026-03-19T19:01:22+00:00,959,0,0,61.25
,42143,2026-03-19T19:01:22+00:00,1399,0,0,65.75
,42144,2026-03-19T19:01:22+00:00,1459,0,0,75.73
,42145,2026-03-19T19:01:22+00:00,1029,0,0,75.73
,42146,2026-03-19T19:01:22+00:00,1599,0,0,75.73
,42147,2026-03-19T19:01:22+00:00,1059,0,0,61.25
,42148,2026-03-19T19:01:22+00:00,1509,0,1,51.25
,42149,2026-03-19T19:01:22+00:00,1715,0,0,61.25
,42150,2026-03-19T19:01:22+00:00,1499,0,0,61.25
,42151,2026-03-19T19:01:22+00:00,1995,0,0,61.25
,42152,2026-03-19T19:01:22+00:00,2209,0,0,61.25
,42153,2026-03-19T19:01:22+00:00,1829,0,0,61.25
,42154,2026-03-19T19:01:22+00:00,2045,0,0,61.25
,42155,2026-03-19T19:01:22+00:00,1889,0,0,61.25
,42156,2026-03-19T19:01:22+00:00,1839,0,0,61.25
,42157,2026-03-19T19:01:22+00:00,1599,0,0,75.73
,42158,2026-03-19T19:01:22+00:00,1599,0,0,73.9
,42159,2026-03-19T19:01:22+00:00,1969,0,0,61.25
,42160,2026-03-19T19:01:22+00:00,1815,0,0,44.47
,42161,2026-03-19T19:01:22+00:00,1819,0,0,61.25
,42162,2026-03-19T19:01:22+00:00,1815,0,0,61.25
,42163,2026-03-19T19:01:22+00:00,1589,0,0,61.25
,42164,2026-03-19T19:01:22+00:00,1989,0,0,61.25
,42165,2026-03-19T19:01:22+00:00,1899,0,0,75.73
,42166,2026-03-19T19:01:22+00:00,1719,0,1,34.75
,42167,2026-03-19T19:01:22+00:00,1599,0,0,61.25
,42168,2026-03-19T19:01:22+00:00,2289,0,0,44.47
,42169,2026-03-19T19:01:22+00:00,1659,0,0,61.25
,42170,2026-03-19T19:01:22+00:00,1659,0,0,61.25
,42171,2026-03-19T19:01:22+00:00,1779,0,0,75.73
,42172,2026-03-19T19:01:22+00:00,1649,0,0,61.25
,42173,2026-03-19T19:01:22+00:00,1769,0,0,61.25
,42174,2026-03-19T19:01:22+00:00,1759,0,0,61.25
,42175,2026-03-19T19:01:22+00:00,1739,0,0,44.47
,42176,2026-03-19T19:01:22+00:00,2039,0,0,61.25
,42177,2026-03-19T19:01:22+00:00,1799,0,0,61.25
,42178,2026-03-19T19:01:22+00:00,1559,0,0,61.25
,42179,2026-03-19T19:01:22+00:00,1729,0,0,61.25
,42180,2026-03-19T19:01:22+00:00,1769,0,0,61.25
,42181,2026-03-19T19:01:22+00:00,1649,0,0,75.73
,42182,2026-03-19T19:01:22+00:00,1789,0,0,75.73
,42183,2026-03-19T19:01:22+00:00,1759,0,0,61.25
,42184,2026-03-19T19:01:22+00:00,1659,0,0,61.25
,42185,2026-03-19T19:01:22+00:00,1959,0,0,61.25
,42186,2026-03-19T19:01:22+00:00,1829,0,0,75.73
,42187,2026-03-19T19:01:22+00:00,1659,0,0,61.25
,42188,2026-03-19T19:01:22+00:00,1799,0,0,75.73
,42189,2026-03-19T19:01:22+00:00,1799,0,0,75.73
,42190,2026-03-19T19:01:22+00:00,1799,0,0,75.73
,42191,2026-03-19T19:01:22+00:00,1799,0,0,75.73
,42192,2026-03-19T19:01:22+00:00,2219,0,0,79.19
,42193,2026-03-19T19:01:22+00:00,2275,0,0,75.73
,42194,2026-03-19T19:01:22+00:00,2479,0,0,44.47
,42195,2026-03-19T19:01:22+00:00,2129,0,0,67.26
,42196,2026-03-19T19:01:22+00:00,2325,0,0,61.25
,42197,2026-03-19T19:01:22+00:00,2529,0,0,61.25
,42198,2026-03-19T19:01:22+00:00,2239,0,0,61.25
,42199,2026-03-19T19:01:22+00:00,2239,0,0,75.73
,42200,2026-03-19T19:01:22+00:00,2299,0,0,44.47
,42201,2026-03-19T19:01:22+00:00,2445,0,0,61.25
,42202,2026-03-19T19:01:22+00:00,1945,0,0,61.25
,42203,2026-03-19T19:01:22+00:00,1859,0,0,75.73
,42204,2026-03-19T19:01:22+00:00,2029,0,0,44.47
,42205,2026-03-19T19:01:22+00:00,2025,0,0,75.73
,42206,2026-03-19T19:01:22+00:00,1909,0,0,75.73
,42207,2026-03-19T19:01:22+00:00,1895,0,0,61.25
,42208,2026-03-19T19:01:22+00:00,2039,0,0,61.25
,42209,2026-03-19T19:01:22+00:00,2195,0,0,75.73
,42210,2026-03-19T19:01:22+00:00,2085,0,0,61.25
,42211,2026-03-19T19:01:22+00:00,2139,0,0,75.73
,42212,2026-03-19T19:01:22+00:00,2089,0,0,61.25
,42213,2026-03-19T19:01:22+00:00,1949,0,0,61.25
,42214,2026-03-19T19:01:22+00:00,2259,0,0,61.25
,42215,2026-03-19T19:01:22+00:00,2465,0,0,61.25
,42216,2026-03-19T19:01:22+00:00,1929,0,1,51.25
,42217,2026-03-19T19:01:22+00:00,1985,0,0,75.73
,42218,2026-03-19T19:01:22+00:00,2099,0,0,75.73
,42219,2026-03-19T19:01:22+00:00,2689,0,0,44.47
,42220,2026-03-19T19:01:22+00:00,2169,0,0,75.73
,42221,2026-03-19T19:01:22+00:00,2219,0,0,75.73
,42222,2026-03-19T19:01:22+00:00,2099,0,0,61.25
,42223,2026-03-19T19:01:22+00:00,2099,0,0,61.25
,42224,2026-03-19T19:01:22+00:00,1959,0,0,75.73
,42225,2026-03-19T19:01:22+00:00,1879,0,0,75.73
,42226,2026-03-19T19:01:22+00:00,1969,0,0,61.25
,42227,2026-03-19T19:01:22+00:00,1929,0,0,61.25
,42228,2026-03-19T19:01:22+00:00,2129,0,0,61.25
,42229,2026-03-19T19:01:22+00:00,1959,0,0,75.73
,42230,2026-03-19T19:01:22+00:00,2129,0,0,75.73
,42231,2026-03-19T19:01:22+00:00,1939,0,0,75.73
,42232,2026-03-19T19:01:22+00:00,2219,0,0,61.25
,42233,2026-03-19T19:01:22+00:00,2129,0,0,61.25
,42234,2026-03-19T19:01:22+00:00,2069,0,0,61.25
,42235,2026-03-19T19:01:22+00:00,2539,0,0,44.47
,42236,2026-03-19T19:01:22+00:00,2739,0,0,44.47
,42237,2026-03-19T19:01:22+00:00,2685,0,0,44.47
,42238,2026-03-19T19:01:22+00:00,2889,0,0,44.47
,42239,2026-03-19T19:01:22+00:00,2589,0,0,61.25
,42240,2026-03-19T19:01:22+00:00,2735,0,0,61.25
,42241,2026-03-19T19:01:22+00:00,2939,0,0,61.25
,42242,2026-03-19T19:01:22+00:00,2399,0,0,61.25
,42243,2026-03-19T19:01:22+00:00,2499,0,0,75.73
,42244,2026-03-19T19:01:22+00:00,2399,0,0,61.25
,42245,2026-03-19T19:01:22+00:00,2495,0,0,61.25
,42246,2026-03-19T19:01:22+00:00,2429,0,0,49.67
,42247,2026-03-19T19:01:22+00:00,2429,0,0,49.67
,42248,2026-03-19T19:01:22+00:00,2575,0,0,66.09
,42249,2026-03-19T19:01:22+00:00,2575,0,0,66.09
,42250,2026-03-19T19:01:22+00:00,2529,0,0,61.25
,42251,2026-03-19T19:01:22+00:00,3039,0,0,61.25
,42252,2026-03-19T19:01:22+00:00,2399,0,0,61.25
,42253,2026-03-19T19:01:22+00:00,2399,0,0,61.25
,42254,2026-03-19T19:01:22+00:00,2299,0,0,75.73
,42255,2026-03-19T19:01:22+00:00,2509,0,0,61.25
,42256,2026-03-19T19:01:22+00:00,2695,0,0,44.47
,42257,2026-03-19T19:01:22+00:00,2345,0,0,44.47
,42258,2026-03-19T19:01:22+00:00,2399,0,0,61.25
,42259,2026-03-19T19:01:22+00:00,2529,0,0,61.25
,42260,2026-03-19T19:01:22+00:00,3099,0,0,44.47
,42261,2026-03-19T19:01:22+00:00,2569,0,0,61.25
,42262,2026-03-19T19:01:22+00:00,2775,0,0,61.25
,42263,2026-03-19T19:01:22+00:00,2499,0,0,67.03
,42264,2026-03-19T19:01:22+00:00,2299,0,0,78.73
,42265,2026-03-19T19:01:22+00:00,2459,0,0,61.25
,42266,2026-03-19T19:01:22+00:00,2439,0,1,51.25
,42267,2026-03-19T19:01:22+00:00,2319,0,0,61.25
,42268,2026-03-19T19:01:22+00:00,2505,0,0,66.13
,42269,2026-03-19T19:01:22+00:00,2669,0,0,61.25
,42270,2026-03-19T19:01:22+00:00,2379,0,0,61.25
,42271,2026-03-19T19:01:22+00:00,2385,0,0,75.73
,42272,2026-03-19T19:01:22+00:00,2505,0,0,66.13
,42273,2026-03-19T19:01:22+00:00,2419,0,0,61.25
,42274,2026-03-19T19:01:22+00:00,2379,0,1,34.75
,42275,2026-03-19T19:01:22+00:00,2499,0,0,61.25
,42276,2026-03-19T19:01:22+00:00,2395,0,0,61.25
,42277,2026-03-19T19:01:22+00:00,2459,0,0,61.25
,42278,2026-03-19T19:01:22+00:00,2935,0,0,44.47
,42279,2026-03-19T19:01:22+00:00,3149,0,0,44.47
,42280,2026-03-19T19:01:22+00:00,2789,0,0,61.25
,42281,2026-03-19T19:01:22+00:00,2955,0,1,34.75
,42282,2026-03-19T19:01:22+00:00,3059,0,0,80.48
,42283,2026-03-19T19:01:22+00:00,2899,0,0,75.73
,42284,2026-03-19T19:01:22+00:00,2765,0,0,61.25
,42285,2026-03-19T19:01:22+00:00,2719,0,0,66.07
,42286,2026-03-19T19:01:22+00:00,3439,0,0,61.25
,42287,2026-03-19T19:01:22+00:00,2539,0,0,44.47
,42288,2026-03-19T19:01:22+00:00,2559,0,0,61.25
,42289,2026-03-19T19:01:22+00:00,2559,0,0,61.25
,42290,2026-03-19T19:01:22+00:00,2769,0,0,61.25
,42291,2026-03-19T19:01:22+00:00,2795,0,0,61.25
,42292,2026-03-19T19:01:22+00:00,2769,0,1,21.25
,42293,2026-03-19T19:01:22+00:00,3169,0,0,61.25
,42294,2026-03-19T19:01:22+00:00,2769,0,0,61.25
,42295,2026-03-19T19:01:22+00:00,2645,0,0,44.47
,42296,2026-03-19T19:01:22+00:00,2649,0,0,61.25
,42297,2026-03-19T19:01:22+00:00,3499,0,0,44.47
,42298,2026-03-19T19:01:22+00:00,2899,0,0,44.47
,42299,2026-03-19T19:01:22+00:00,3105,0,0,44.47
,42300,2026-03-19T19:01:22+00:00,2989,0,0,61.25
,42301,2026-03-19T19:01:22+00:00,3185,0,0,61.25
,42302,2026-03-19T19:01:22+00:00,2829,0,1,51.25
,42303,2026-03-19T19:01:22+00:00,2739,0,0,61.25
,42304,2026-03-19T19:01:22+00:00,2649,0,0,61.25
,42305,2026-03-19T19:01:22+00:00,2825,0,0,61.25
,42306,2026-03-19T19:01:22+00:00,2619,0,0,75.73
,42307,2026-03-19T19:01:22+00:00,2609,0,0,61.25
,42308,2026-03-19T19:01:22+00:00,2599,0,0,61.25
,42309,2026-03-19T19:01:22+00:00,2799,0,0,61.25
,42310,2026-03-19T19:01:22+00:00,2589,0,0,61.25
,42311,2026-03-19T19:01:22+00:00,2629,0,0,75.73
,42312,2026-03-19T19:01:22+00:00,2819,0,0,61.25
,42313,2026-03-19T19:01:22+00:00,3219,0,0,61.25
,42314,2026-03-19T19:01:22+00:00,2749,0,0,75.73
,42315,2026-03-19T19:01:22+00:00,2995,0,0,61.25
,42316,2026-03-19T19:01:22+00:00,2539,0,0,61.25
,42317,2026-03-19T19:01:22+00:00,2745,0,0,61.25
,42318,2026-03-19T19:01:22+00:00,2799,0,0,75.73
,42319,2026-03-19T19:01:22+00:00,2589,0,0,61.25
,42320,2026-03-19T19:01:22+00:00,3329,0,0,66.42
,42321,2026-03-19T19:01:22+00:00,2929,0,0,61.25
,42363,2026-03-19T19:01:22+00:00,3799,0,0,61.25
,42322,2026-03-19T19:01:22+00:00,2939,0,0,61.25
,42323,2026-03-19T19:01:22+00:00,3969,0,0,61.25
,42324,2026-03-19T19:01:22+00:00,2969,0,0,61.25
,42325,2026-03-19T19:01:22+00:00,2999,0,0,44.47
,42326,2026-03-19T19:01:22+00:00,2949,0,0,44.47
,42327,2026-03-19T19:01:22+00:00,2979,0,0,61.25
,42328,2026-03-19T19:01:22+00:00,3019,0,0,65.33
,42329,2026-03-19T19:01:22+00:00,2839,0,0,61.25
,42330,2026-03-19T19:01:22+00:00,3515,0,0,44.47
,42331,2026-03-19T19:01:22+00:00,3309,0,0,44.47
,42332,2026-03-19T19:01:22+00:00,3105,0,0,61.25
,42333,2026-03-19T19:01:22+00:00,3019,0,0,61.25
,42334,2026-03-19T19:01:22+00:00,3165,0,0,61.25
,42335,2026-03-19T19:01:22+00:00,3035,0,0,44.47
,42336,2026-03-19T19:01:22+00:00,2909,0,0,75.73
,42337,2026-03-19T19:01:22+00:00,3049,0,0,44.47
,42338,2026-03-19T19:01:22+00:00,2969,0,0,61.25
,42339,2026-03-19T19:01:22+00:00,3159,0,0,75.73
,42340,2026-03-19T19:01:22+00:00,3199,0,0,61.25
,42341,2026-03-19T19:01:22+00:00,2949,0,0,61.25
,42342,2026-03-19T19:01:22+00:00,3059,0,0,75.73
,42343,2026-03-19T19:01:22+00:00,2989,0,0,61.25
,42344,2026-03-19T19:01:22+00:00,3039,0,0,44.47
,42345,2026-03-19T19:01:22+00:00,3085,0,0,75.73
,42346,2026-03-19T19:01:22+00:00,3059,0,0,61.25
,42347,2026-03-19T19:01:22+00:00,3599,0,0,61.25
,42348,2026-03-19T19:01:22+00:00,3189,0,0,61.25
,42349,2026-03-19T19:01:22+00:00,2999,0,0,61.25
,42350,2026-03-19T19:01:22+00:00,3215,0,0,61.25
,42351,2026-03-19T19:01:22+00:00,3059,0,0,75.73
,42352,2026-03-19T19:01:22+00:00,3099,0,0,75.73
,42353,2026-03-19T19:01:22+00:00,3049,0,0,61.25
,42354,2026-03-19T19:01:22+00:00,3215,0,0,61.25
,42355,2026-03-19T19:01:22+00:00,3239,0,0,61.25
,42356,2026-03-19T19:01:22+00:00,3189,0,0,61.25
,42357,2026-03-19T19:01:22+00:00,2979,0,0,75.73
,42358,2026-03-19T19:01:22+00:00,3419,0,0,65.62
,42359,2026-03-19T19:01:22+00:00,3699,0,0,75.73
,42360,2026-03-19T19:01:22+00:00,3749,0,0,61.25
,42361,2026-03-19T19:01:22+00:00,4069,0,0,61.25
,42362,2026-03-19T19:01:22+00:00,3739,0,0,61.25
,42702,2026-03-19T19:01:22+00:00,249,0,0,61.25
,42364,2026-03-19T19:01:22+00:00,3945,0,0,61.25
,42365,2026-03-19T19:01:22+00:00,3859,0,0,61.25
,42366,2026-03-19T19:01:22+00:00,4005,0,0,61.25
,42367,2026-03-19T19:01:22+00:00,3959,0,0,61.25
,42368,2026-03-19T19:01:22+00:00,3419,0,0,61.25
,42369,2026-03-19T19:01:22+00:00,3299,0,0,44.47
,42370,2026-03-19T19:01:22+00:00,3629,0,0,75.73
,42371,2026-03-19T19:01:22+00:00,3299,0,0,75.73
,42372,2026-03-19T19:01:22+00:00,3699,0,0,75.73
,42373,2026-03-19T19:01:22+00:00,3629,0,0,61.25
,42374,2026-03-19T19:01:22+00:00,4099,0,0,44.47
,42375,2026-03-19T19:01:22+00:00,3869,0,0,75.73
,42376,2026-03-19T19:01:22+00:00,4119,0,0,75.73
,42377,2026-03-19T19:01:22+00:00,3409,0,0,61.25
,42378,2026-03-19T19:01:22+00:00,3389,0,0,61.25
,42379,2026-03-19T19:01:22+00:00,4269,0,0,61.25
,42380,2026-03-19T19:01:22+00:00,3319,0,0,61.25
,42381,2026-03-19T19:01:22+00:00,3999,0,0,75.73
,42382,2026-03-19T19:01:22+00:00,3589,0,0,61.25
,42383,2026-03-19T19:01:22+00:00,3639,0,0,61.25
,42384,2026-03-19T19:01:22+00:00,3315,0,0,61.25
,42385,2026-03-19T19:01:22+00:00,3355,0,0,61.25
,42386,2026-03-19T19:01:22+00:00,3499,0,0,61.25
,42387,2026-03-19T19:01:22+00:00,3645,0,0,61.25
,42388,2026-03-19T19:01:22+00:00,3785,0,0,61.25
,42389,2026-03-19T19:01:22+00:00,3599,0,0,61.25
,42390,2026-03-19T19:01:22+00:00,3959,0,0,75.73
,42391,2026-03-19T19:01:22+00:00,3955,0,0,61.25
,42392,2026-03-19T19:01:22+00:00,3599,0,0,75.73
,42393,2026-03-19T19:01:22+00:00,3965,0,0,61.25
,42394,2026-03-19T19:01:22+00:00,3649,0,0,61.25
,42395,2026-03-19T19:01:22+00:00,3419,0,0,61.25
,42396,2026-03-19T19:01:22+00:00,4039,0,0,61.25
,42397,2026-03-19T19:01:22+00:00,5889,0,0,66.59
,42398,2026-03-19T19:01:22+00:00,5299,0,0,61.25
,42399,2026-03-19T19:01:22+00:00,4599,0,0,61.25
,42400,2026-03-19T19:01:22+00:00,4069,0,0,61.25
,42401,2026-03-19T19:01:22+00:00,4089,0,0,61.25
,42402,2026-03-19T19:01:22+00:00,4149,0,0,61.25
,42403,2026-03-19T19:01:22+00:00,4499,0,0,44.47
,42404,2026-03-19T19:01:22+00:00,4099,0,0,61.25
,42405,2026-03-19T19:01:22+00:00,5359,0,0,61.25
,42406,2026-03-19T19:01:22+00:00,4715,0,0,61.25
,42407,2026-03-19T19:01:22+00:00,4929,0,0,61.25
,42408,2026-03-19T19:01:22+00:00,4245,0,0,61.25
,42409,2026-03-19T19:01:22+00:00,4399,0,0,61.25
,42410,2026-03-19T19:01:22+00:00,4119,0,0,61.25
,42411,2026-03-19T19:01:22+00:00,4269,0,0,61.25
,42412,2026-03-19T19:01:22+00:00,4419,0,0,61.25
,42413,2026-03-19T19:01:22+00:00,4369,0,0,61.25
,42414,2026-03-19T19:01:22+00:00,4219,0,0,61.25
,42415,2026-03-19T19:01:22+00:00,5199,0,0,75.73
,42416,2026-03-19T19:01:22+00:00,4099,0,0,61.25
,42417,2026-03-19T19:01:22+00:00,4829,0,0,61.25
,42418,2026-03-19T19:01:22+00:00,4399,0,0,44.47
,42419,2026-03-19T19:01:22+00:00,5119,0,0,61.25
,42420,2026-03-19T19:01:22+00:00,4299,0,0,44.47
,42421,2026-03-19T19:01:22+00:00,4499,0,0,44.47
,42422,2026-03-19T19:01:22+00:00,5069,0,0,61.25
,42423,2026-03-19T19:01:22+00:00,4519,0,0,61.25
,42424,2026-03-19T19:01:22+00:00,5299,0,0,61.25
,42425,2026-03-19T19:01:22+00:00,5499,0,0,61.25
,42426,2026-03-19T19:01:22+00:00,5699,0,0,61.25
,42427,2026-03-19T19:01:22+00:00,4769,0,0,75.73
,42428,2026-03-19T19:01:22+00:00,5199,0,0,75.73
,42429,2026-03-19T19:01:22+00:00,4699,0,0,61.25
,42430,2026-03-19T19:01:22+00:00,4759,0,0,61.25
,42431,2026-03-19T19:01:22+00:00,4599,0,0,61.25
,42432,2026-03-19T19:01:22+00:00,4899,0,0,61.25
,42433,2026-03-19T19:01:22+00:00,5299,0,0,61.25
,42434,2026-03-19T19:01:22+00:00,4785,0,0,48.75
,42435,2026-03-19T19:01:22+00:00,4409,0,0,64.53
,42436,2026-03-19T19:01:22+00:00,4255,0,0,75.73
,42437,2026-03-19T19:01:22+00:00,5335,0,0,61.25
,42438,2026-03-19T19:01:22+00:00,5299,0,0,61.25
,42439,2026-03-19T19:01:22+00:00,12999,0,0,66.17
,42440,2026-03-19T19:01:22+00:00,13899,0,0,66
,42441,2026-03-19T19:01:22+00:00,8195,0,0,75.73
,42442,2026-03-19T19:01:22+00:00,8129,0,0,61.25
,42443,2026-03-19T19:01:22+00:00,7295,0,0,65.03
,42444,2026-03-19T19:01:22+00:00,5879,0,0,61.25
,42445,2026-03-19T19:01:22+00:00,6759,0,0,61.25
,42446,2026-03-19T19:01:22+00:00,7059,0,0,61.25
,42447,2026-03-19T19:01:22+00:00,7059,0,0,61.25
,42448,2026-03-19T19:01:22+00:00,13059,0,0,66.36
,42449,2026-03-19T19:01:22+00:00,11339,0,0,61.25
,42450,2026-03-19T19:01:22+00:00,16129,0,0,61.25
,42451,2026-03-19T19:01:22+00:00,5699,0,0,61.25
,42452,2026-03-19T19:01:22+00:00,6059,0,0,61.25
,42453,2026-03-19T19:01:22+00:00,6399,0,0,61.25
,42454,2026-03-19T19:01:22+00:00,6089,0,0,61.25
,42455,2026-03-19T19:01:22+00:00,8249,0,0,61.25
,42456,2026-03-19T19:01:22+00:00,6469,0,0,61.25
,42457,2026-03-19T19:01:22+00:00,6819,0,0,61.25
,42458,2026-03-19T19:01:22+00:00,6199,0,0,61.25
,42459,2026-03-19T19:01:22+00:00,7079,0,0,61.25
,42460,2026-03-19T19:01:22+00:00,5599,0,0,61.25
,42461,2026-03-19T19:01:22+00:00,6299,0,0,61.25
,42462,2026-03-19T19:01:22+00:00,5999,0,0,49.5
,42463,2026-03-19T19:01:22+00:00,6239,0,0,65.31
,42464,2026-03-19T19:01:22+00:00,7899,0,0,48.36
,42465,2026-03-19T19:01:22+00:00,6599,0,0,61.25
,42466,2026-03-19T19:01:22+00:00,7179,0,0,61.25
,42467,2026-03-19T19:01:22+00:00,6945,0,1,34.75
,42468,2026-03-19T19:01:22+00:00,12399,0,0,61.25
,42469,2026-03-19T19:01:22+00:00,5999,0,0,61.25
,42470,2026-03-19T19:01:22+00:00,2039,0,0,61.25
,42471,2026-03-19T19:01:22+00:00,3899,0,0,75.64
,42472,2026-03-19T19:01:22+00:00,3989,0,0,61.25
,42473,2026-03-19T19:01:22+00:00,3989,0,0,61.25
,42474,2026-03-19T19:01:22+00:00,4819,0,0,61.25
,42475,2026-03-19T19:01:22+00:00,6499,0,0,61.25
,42476,2026-03-19T19:01:22+00:00,3989,0,0,61.25
,42477,2026-03-19T19:01:22+00:00,3989,0,0,61.25
,42478,2026-03-19T19:01:22+00:00,4819,0,0,61.25
,42479,2026-03-19T19:01:22+00:00,4819,0,0,61.25
,42480,2026-03-19T19:01:22+00:00,5659,0,1,34.75
,42481,2026-03-19T19:01:22+00:00,5659,0,0,61.25
,42482,2026-03-19T19:01:22+00:00,5659,0,0,61.25
,42483,2026-03-19T19:01:22+00:00,7639,0,0,61.25
,42484,2026-03-19T19:01:22+00:00,8579,0,0,61.25
,42485,2026-03-19T19:01:22+00:00,6749,0,0,61.25
,42486,2026-03-19T19:01:22+00:00,4819,0,0,61.25
,42487,2026-03-19T19:01:22+00:00,829,0,0,44.47
,42488,2026-03-19T19:01:22+00:00,1359,0,0,61.25
,42489,2026-03-19T19:01:22+00:00,1235,0,0,75.73
,42490,2026-03-19T19:01:22+00:00,1295,0,0,61.25
,42491,2026-03-19T19:01:22+00:00,1289,0,0,61.25
,42492,2026-03-19T19:01:22+00:00,1369,0,0,61.25
,42493,2026-03-19T19:01:22+00:00,1499,0,0,50.43
,42494,2026-03-19T19:01:22+00:00,1455,0,0,61.25
,42495,2026-03-19T19:01:22+00:00,1515,0,0,61.25
,42496,2026-03-19T19:01:22+00:00,1499,0,0,79.45
,42497,2026-03-19T19:01:22+00:00,1475,0,0,61.25
,42498,2026-03-19T19:01:22+00:00,1259,0,0,75.73
,42499,2026-03-19T19:01:22+00:00,1079,0,0,61.25
,42500,2026-03-19T19:01:22+00:00,1319,0,0,61.25
,42501,2026-03-19T19:01:22+00:00,1479,0,0,61.25
,42502,2026-03-19T19:01:22+00:00,1149,0,0,75.73
,42503,2026-03-19T19:01:22+00:00,1139,0,0,61.25
,42504,2026-03-19T19:01:22+00:00,1299,0,0,61.25
,42505,2026-03-19T19:01:22+00:00,1259,0,0,44.47
,42506,2026-03-19T19:01:22+00:00,1099,0,0,61.25
,42507,2026-03-19T19:01:22+00:00,465,0,0,75.73
,42508,2026-03-19T19:01:22+00:00,859,0,0,61.25
,42509,2026-03-19T19:01:22+00:00,1009,0,0,61.25
,42510,2026-03-19T19:01:22+00:00,1319,0,0,61.25
,42511,2026-03-19T19:01:22+00:00,569,0,0,61.25
,42512,2026-03-19T19:01:22+00:00,1245,0,0,61.25
,42513,2026-03-19T19:01:22+00:00,1385,0,0,61.25
,42514,2026-03-19T19:01:22+00:00,1055,0,0,61.25
,42515,2026-03-19T19:01:22+00:00,1129,0,0,61.25
,42516,2026-03-19T19:01:22+00:00,1449,0,0,61.25
,42517,2026-03-19T19:01:22+00:00,1385,0,0,44.47
,42518,2026-03-19T19:01:22+00:00,1269,0,0,61.25
,42519,2026-03-19T19:01:22+00:00,1255,0,0,61.25
,42520,2026-03-19T19:01:22+00:00,1229,0,0,75.73
,42521,2026-03-19T19:01:22+00:00,1329,0,0,61.25
,42522,2026-03-19T19:01:22+00:00,1469,0,0,61.25
,42523,2026-03-19T19:01:22+00:00,1389,0,0,61.25
,42524,2026-03-19T19:01:22+00:00,829,0,0,61.25
,42525,2026-03-19T19:01:22+00:00,1379,0,0,79.34
,42526,2026-03-19T19:01:22+00:00,1199,0,0,75.73
,42527,2026-03-19T19:01:22+00:00,1339,0,0,61.25
,42528,2026-03-19T19:01:22+00:00,2059,0,0,65.82
,42529,2026-03-19T19:01:22+00:00,2399,0,0,79.56
,42530,2026-03-19T19:01:22+00:00,1579,0,1,34.75
,42531,2026-03-19T19:01:22+00:00,1709,0,0,61.25
,42532,2026-03-19T19:01:22+00:00,1515,0,0,61.25
,42533,2026-03-19T19:01:22+00:00,1575,0,0,61.25
,42534,2026-03-19T19:01:22+00:00,1729,0,0,61.25
,42535,2026-03-19T19:01:22+00:00,1899,0,0,75.73
,42536,2026-03-19T19:01:22+00:00,2129,0,0,61.25
,42537,2026-03-19T19:01:22+00:00,1579,0,0,61.25
,42538,2026-03-19T19:01:22+00:00,1779,0,0,61.25
,42539,2026-03-19T19:01:22+00:00,1869,0,0,61.25
,42540,2026-03-19T19:01:22+00:00,1999,0,0,61.25
,42541,2026-03-19T19:01:22+00:00,2229,0,0,61.25
,42542,2026-03-19T19:01:22+00:00,2319,0,0,61.25
,42543,2026-03-19T19:01:22+00:00,2199,0,0,61.25
,42544,2026-03-19T19:01:22+00:00,2299,0,0,61.25
,42545,2026-03-19T19:01:22+00:00,1619,0,0,61.25
,42546,2026-03-19T19:01:22+00:00,1659,0,0,44.47
,42547,2026-03-19T19:01:22+00:00,2239,0,0,61.25
,42548,2026-03-19T19:01:22+00:00,1659,0,1,34.75
,42549,2026-03-19T19:01:22+00:00,1699,0,0,61.25
,42550,2026-03-19T19:01:22+00:00,1939,0,0,61.25
,42551,2026-03-19T19:01:22+00:00,2119,0,0,65.79
,42552,2026-03-19T19:01:22+00:00,1929,0,0,61.25
,42553,2026-03-19T19:01:22+00:00,2069,0,0,61.25
,42554,2026-03-19T19:01:22+00:00,1669,0,0,75.73
,42555,2026-03-19T19:01:22+00:00,1869,0,0,44.47
,42556,2026-03-19T19:01:22+00:00,1589,0,0,61.25
,42557,2026-03-19T19:01:22+00:00,1569,0,0,61.25
,42558,2026-03-19T19:01:22+00:00,2059,0,0,61.25
,42559,2026-03-19T19:01:22+00:00,1579,0,0,75.73
,42560,2026-03-19T19:01:22+00:00,1999,0,0,61.25
,42561,2026-03-19T19:01:22+00:00,1639,0,0,61.25
,42562,2026-03-19T19:01:22+00:00,1929,0,0,61.25
,42563,2026-03-19T19:01:22+00:00,1569,0,0,61.25
,42564,2026-03-19T19:01:22+00:00,1579,0,0,61.25
,42565,2026-03-19T19:01:22+00:00,2199,0,0,61.25
,42566,2026-03-19T19:01:22+00:00,2285,0,0,61.25
,42567,2026-03-19T19:01:22+00:00,1769,0,0,61.25
,42568,2026-03-19T19:01:22+00:00,2039,0,0,61.25
,42569,2026-03-19T19:01:22+00:00,1729,0,0,61.25
,42570,2026-03-19T19:01:22+00:00,1919,0,1,39.83
,42571,2026-03-19T19:01:22+00:00,1735,0,0,75.73
,42572,2026-03-19T19:01:22+00:00,2299,0,0,75.73
,42573,2026-03-19T19:01:22+00:00,2465,0,0,61.25
,42574,2026-03-19T19:01:22+00:00,2699,0,0,61.25
,42575,2026-03-19T19:01:22+00:00,2935,0,0,61.25
,42576,2026-03-19T19:01:22+00:00,2609,0,0,61.25
,42577,2026-03-19T19:01:22+00:00,2889,0,0,61.25
,42578,2026-03-19T19:01:22+00:00,2629,0,0,61.25
,42579,2026-03-19T19:01:22+00:00,2759,0,0,61.25
,42580,2026-03-19T19:01:22+00:00,2509,0,0,61.25
,42581,2026-03-19T19:01:22+00:00,2619,0,0,61.25
,42582,2026-03-19T19:01:22+00:00,2779,0,0,61.25
,42583,2026-03-19T19:01:22+00:00,2899,0,0,61.25
,42584,2026-03-19T19:01:22+00:00,2579,0,0,61.25
,42585,2026-03-19T19:01:22+00:00,2549,0,0,61.25
,42586,2026-03-19T19:01:22+00:00,2829,0,0,61.25
,42587,2026-03-19T19:01:22+00:00,2649,0,0,61.25
,42588,2026-03-19T19:01:22+00:00,2919,0,0,61.25
,42589,2026-03-19T19:01:22+00:00,2529,0,0,61.25
,42590,2026-03-19T19:01:22+00:00,2329,0,0,61.25
,42591,2026-03-19T19:01:22+00:00,2419,0,0,61.25
,42592,2026-03-19T19:01:22+00:00,2969,0,0,61.25
,42593,2026-03-19T19:01:22+00:00,2379,0,0,61.25
,42594,2026-03-19T19:01:22+00:00,2479,0,0,61.25
,42595,2026-03-19T19:01:22+00:00,2399,0,1,34.75
,42596,2026-03-19T19:01:22+00:00,2729,0,0,61.25
,42597,2026-03-19T19:01:22+00:00,2395,0,0,65.38
,42598,2026-03-19T19:01:22+00:00,2469,0,0,61.25
,42599,2026-03-19T19:01:22+00:00,2789,0,0,61.25
,42600,2026-03-19T19:01:22+00:00,2739,0,0,61.25
,42601,2026-03-19T19:01:22+00:00,2599,0,0,61.25
,42602,2026-03-19T19:01:22+00:00,2339,0,0,61.25
,42603,2026-03-19T19:01:22+00:00,2929,0,0,61.25
,42604,2026-03-19T19:01:22+00:00,2459,0,0,61.25
,42605,2026-03-19T19:01:22+00:00,2569,0,0,75.73
,42606,2026-03-19T19:01:22+00:00,2469,0,0,75.73
,42607,2026-03-19T19:01:22+00:00,2779,0,0,61.25
,42608,2026-03-19T19:01:22+00:00,2799,0,0,44.47
,42609,2026-03-19T19:01:22+00:00,2499,0,0,70.59
,42610,2026-03-19T19:01:22+00:00,2699,0,0,71.36
,42611,2026-03-19T19:01:22+00:00,2699,0,0,68.96
,42612,2026-03-19T19:01:22+00:00,2899,0,0,69.87
,42613,2026-03-19T19:01:22+00:00,2899,0,0,69.87
,42614,2026-03-19T19:01:22+00:00,2399,0,0,70.27
,42615,2026-03-19T19:01:22+00:00,2539,0,0,70.26
,42616,2026-03-19T19:01:22+00:00,2549,0,0,70.36
,42617,2026-03-19T19:01:22+00:00,2699,0,0,70.21
,42618,2026-03-19T19:01:22+00:00,2799,0,0,61.25
,42619,2026-03-19T19:01:22+00:00,4719,0,0,61.25
,42620,2026-03-19T19:01:22+00:00,4259,0,0,61.25
,42621,2026-03-19T19:01:22+00:00,4539,0,0,61.25
,42622,2026-03-19T19:01:22+00:00,3929,0,0,61.25
,42623,2026-03-19T19:01:22+00:00,4289,0,0,65.07
,42624,2026-03-19T19:01:22+00:00,4239,0,0,61.25
,42625,2026-03-19T19:01:22+00:00,4519,0,0,61.25
,42626,2026-03-19T19:01:22+00:00,4659,0,0,61.25
,42627,2026-03-19T19:01:22+00:00,3169,0,0,61.25
,42628,2026-03-19T19:01:22+00:00,3319,0,0,61.25
,42629,2026-03-19T19:01:22+00:00,3889,0,0,61.25
,42630,2026-03-19T19:01:22+00:00,4199,0,0,61.25
,42631,2026-03-19T19:01:22+00:00,3489,0,0,61.25
,42632,2026-03-19T19:01:22+00:00,3639,0,0,61.25
,42633,2026-03-19T19:01:22+00:00,4169,0,0,61.25
,42634,2026-03-19T19:01:22+00:00,4529,0,0,61.25
,42635,2026-03-19T19:01:22+00:00,3409,0,0,61.25
,42636,2026-03-19T19:01:22+00:00,3699,0,0,61.25
,42637,2026-03-19T19:01:22+00:00,3079,0,0,61.25
,42638,2026-03-19T19:01:22+00:00,3689,0,0,61.25
,42639,2026-03-19T19:01:22+00:00,3969,0,0,61.25
,42640,2026-03-19T19:01:22+00:00,3579,0,0,61.25
,42641,2026-03-19T19:01:22+00:00,3019,0,0,61.25
,42642,2026-03-19T19:01:22+00:00,3289,0,0,61.25
,42643,2026-03-19T19:01:22+00:00,4639,0,0,61.25
,42644,2026-03-19T19:01:22+00:00,5049,0,0,67.4
,42645,2026-03-19T19:01:22+00:00,4179,0,0,61.25
,42646,2026-03-19T19:01:22+00:00,4499,0,0,61.25
,42647,2026-03-19T19:01:22+00:00,4529,0,0,61.25
,42648,2026-03-19T19:01:22+00:00,3069,0,0,61.25
,42649,2026-03-19T19:01:22+00:00,3039,0,0,61.25
,42650,2026-03-19T19:01:22+00:00,4999,0,0,67.66
,42651,2026-03-19T19:01:22+00:00,3115,0,0,75.73
,42652,2026-03-19T19:01:22+00:00,3269,0,0,61.25
,42653,2026-03-19T19:01:22+00:00,3609,0,0,61.25
,42654,2026-03-19T19:01:22+00:00,4749,0,0,61.25
,42655,2026-03-19T19:01:22+00:00,3059,0,0,61.25
,42656,2026-03-19T19:01:22+00:00,3549,0,0,61.25
,42657,2026-03-19T19:01:22+00:00,3385,0,0,75.73
,42658,2026-03-19T19:01:22+00:00,3929,0,0,75.73
,42659,2026-03-19T19:01:22+00:00,3489,0,0,61.25
,42660,2026-03-19T19:01:22+00:00,4199,0,0,61.25
,42661,2026-03-19T19:01:22+00:00,4999,0,0,61.25
,42662,2026-03-19T19:01:22+00:00,5089,0,0,66.5
,42663,2026-03-19T19:01:22+00:00,8759,0,0,61.25
,42664,2026-03-19T19:01:22+00:00,6599,0,0,61.25
,42665,2026-03-19T19:01:22+00:00,4909,0,0,65.08
,42666,2026-03-19T19:01:22+00:00,4939,0,0,61.25
,42667,2026-03-19T19:01:22+00:00,5089,0,0,61.25
,42668,2026-03-19T19:01:22+00:00,5309,0,0,61.25
,42669,2026-03-19T19:01:22+00:00,5509,0,0,61.25
,42670,2026-03-19T19:01:22+00:00,6369,0,0,61.25
,42671,2026-03-19T19:01:22+00:00,5109,0,0,61.25
,42672,2026-03-19T19:01:22+00:00,4849,0,0,61.25
,42673,2026-03-19T19:01:22+00:00,5049,0,0,61.25
,42674,2026-03-19T19:01:22+00:00,5579,0,0,68.31
,42675,2026-03-19T19:01:22+00:00,5659,0,0,61.25
,42676,2026-03-19T19:01:22+00:00,5899,0,0,61.25
,42677,2026-03-19T19:01:22+00:00,6499,0,0,66.97
,42678,2026-03-19T19:01:22+00:00,5289,0,0,66.82
,42679,2026-03-19T19:01:22+00:00,5249,0,0,61.25
,42680,2026-03-19T19:01:22+00:00,4939,0,0,61.25
,42681,2026-03-19T19:01:22+00:00,4999,0,0,69.94
,42682,2026-03-19T19:01:22+00:00,399,0,0,61.25
,42683,2026-03-19T19:01:22+00:00,379,0,0,61.25
,42684,2026-03-19T19:01:22+00:00,339,0,0,75.73
,42685,2026-03-19T19:01:22+00:00,299,0,0,71.81
,42686,2026-03-19T19:01:22+00:00,299,0,0,61.25
,42687,2026-03-19T19:01:22+00:00,339,0,0,61.25
,42688,2026-03-19T19:01:22+00:00,335,0,0,61.25
,42689,2026-03-19T19:01:22+00:00,319,0,0,61.25
,42690,2026-03-19T19:01:22+00:00,449,0,0,73.58
,42691,2026-03-19T19:01:22+00:00,279,0,0,61.25
,42692,2026-03-19T19:01:22+00:00,329,0,0,61.25
,42693,2026-03-19T19:01:22+00:00,429,0,0,52.2
,42694,2026-03-19T19:01:22+00:00,459,0,0,72.53
,42695,2026-03-19T19:01:22+00:00,409,0,0,61.25
,42696,2026-03-19T19:01:22+00:00,599,0,0,76.13
,42697,2026-03-19T19:01:22+00:00,289,0,0,61.25
,42698,2026-03-19T19:01:22+00:00,389,0,0,61.25
,42699,2026-03-19T19:01:22+00:00,389,0,0,61.25
,42700,2026-03-19T19:01:22+00:00,349,0,0,61.25
,42701,2026-03-19T19:01:22+00:00,255,0,0,61.25
,42703,2026-03-19T19:01:22+00:00,399,0,0,61.25
,42704,2026-03-19T19:01:22+00:00,329,0,0,61.25
,42705,2026-03-19T19:01:22+00:00,319,0,0,61.25
,42706,2026-03-19T19:01:22+00:00,259,0,0,61.25
,42707,2026-03-19T19:01:22+00:00,249,0,0,54.89
,42708,2026-03-19T19:01:22+00:00,399,0,0,55.44
,42709,2026-03-19T19:01:22+00:00,399,0,0,61.25
,42710,2026-03-19T19:01:22+00:00,419,0,0,72.85
,42711,2026-03-19T19:01:22+00:00,229,0,0,61.25
,42712,2026-03-19T19:01:22+00:00,339,0,0,61.25
,42713,2026-03-19T19:01:22+00:00,399,0,0,61.25
,42714,2026-03-19T19:01:22+00:00,329,0,0,61.25
,42715,2026-03-19T19:01:22+00:00,265,0,0,61.25
,42716,2026-03-19T19:01:22+00:00,299,0,0,75.73
,42717,2026-03-19T19:01:22+00:00,349,0,0,61.25
,42718,2026-03-19T19:01:22+00:00,269,0,0,61.25
,42719,2026-03-19T19:01:22+00:00,339,0,0,61.25
,42720,2026-03-19T19:01:22+00:00,399,0,0,61.25
,42721,2026-03-19T19:01:22+00:00,319,0,0,61.25
,42722,2026-03-19T19:01:22+00:00,349,0,0,61.25
,42723,2026-03-19T19:01:22+00:00,239,0,0,61.25
,42724,2026-03-19T19:01:22+00:00,379,0,0,61.25
,42725,2026-03-19T19:01:22+00:00,499,0,0,50.74
,42726,2026-03-19T19:01:22+00:00,649,0,0,61.25
,42727,2026-03-19T19:01:22+00:00,569,0,0,61.25
,42728,2026-03-19T19:01:22+00:00,459,0,0,61.25
,42729,2026-03-19T19:01:22+00:00,799,0,0,76.68
,42730,2026-03-19T19:01:22+00:00,1059,0,0,44.47
,42731,2026-03-19T19:01:22+00:00,679,0,0,58.45
,42732,2026-03-19T19:01:22+00:00,879,0,0,60.03
,42733,2026-03-19T19:01:22+00:00,1269,0,0,61.25
,42734,2026-03-19T19:01:22+00:00,669,0,0,61.25
,42735,2026-03-19T19:01:22+00:00,1099,0,0,73.72
,42736,2026-03-19T19:01:22+00:00,669,0,0,75.73
,42737,2026-03-19T19:01:22+00:00,799,0,0,56.76
,42738,2026-03-19T19:01:22+00:00,999,0,0,61.25
,42739,2026-03-19T19:01:22+00:00,439,0,0,61.25
,42740,2026-03-19T19:01:22+00:00,459,0,0,61.25
,42741,2026-03-19T19:01:22+00:00,1235,0,0,61.25
,42742,2026-03-19T19:01:22+00:00,589,0,0,71.9
,42743,2026-03-19T19:01:22+00:00,799,0,0,72.15
,42744,2026-03-19T19:01:22+00:00,1349,0,0,51.37
,42745,2026-03-19T19:01:22+00:00,1499,0,0,53.85
,42746,2026-03-19T19:01:22+00:00,1999,0,0,49.58
,42747,2026-03-19T19:01:22+00:00,489,0,0,61.25
,42748,2026-03-19T19:01:22+00:00,599,0,0,55.74
,42749,2026-03-19T19:01:22+00:00,1499,0,0,70.59
,42750,2026-03-19T19:01:22+00:00,469,0,0,61.25
,42751,2026-03-19T19:01:22+00:00,669,0,1,34.75
,42752,2026-03-19T19:01:22+00:00,409,0,0,61.25
,42753,2026-03-19T19:01:22+00:00,499,0,0,61.25
,42754,2026-03-19T19:01:22+00:00,499,0,0,61.25
,42755,2026-03-19T19:01:22+00:00,1059,0,0,61.25
,42756,2026-03-19T19:01:22+00:00,1659,0,0,61.25
,42757,2026-03-19T19:01:22+00:00,779,0,0,61.25
,42758,2026-03-19T19:01:22+00:00,499,0,0,61.25
,42759,2026-03-19T19:01:22+00:00,459,0,0,61.25
,42760,2026-03-19T19:01:22+00:00,489,0,0,61.25
,42761,2026-03-19T19:01:22+00:00,539,0,0,61.25
,42762,2026-03-19T19:01:22+00:00,479,0,0,53.52
,42763,2026-03-19T19:01:22+00:00,419,0,0,61.25
,42764,2026-03-19T19:01:22+00:00,659,0,0,61.25
,42765,2026-03-19T19:01:22+00:00,1589,0,0,61.25
,42766,2026-03-19T19:01:22+00:00,529,0,0,61.25
,42767,2026-03-19T19:01:22+00:00,649,0,0,61.25
,42768,2026-03-19T19:01:22+00:00,1249,0,0,61.25
,42769,2026-03-19T19:01:22+00:00,669,0,0,61.25
,42770,2026-03-19T19:01:22+00:00,4199,0,0,61.25
,42771,2026-03-19T19:01:22+00:00,3419,0,0,61.25
,42772,2026-03-19T19:01:22+00:00,2599,0,0,50.46
,42773,2026-03-19T19:01:22+00:00,2499,0,0,61.25
,42774,2026-03-19T19:01:22+00:00,3239,0,0,61.25
,42775,2026-03-19T19:01:22+00:00,265,0,0,61.25
,42776,2026-03-19T19:01:22+00:00,2419,0,0,61.25
,42777,2026-03-19T19:01:22+00:00,5359,0,0,61.25
,42778,2026-03-19T19:01:22+00:00,419,0,0,67.61
,42779,2026-03-19T19:01:22+00:00,589,0,0,51.84
,42780,2026-03-19T19:01:22+00:00,689,0,0,51.3
,42781,2026-03-19T19:01:22+00:00,399,0,0,61.25
,42782,2026-03-19T19:01:22+00:00,369,0,0,61.25
,42783,2026-03-19T19:01:22+00:00,369,0,0,61.25
,42784,2026-03-19T19:01:22+00:00,269,0,0,61.25
,42785,2026-03-19T19:01:22+00:00,269,0,0,61.25
,42786,2026-03-19T19:01:22+00:00,319,0,0,61.25
,42787,2026-03-19T19:01:22+00:00,469,0,0,61.25
,42788,2026-03-19T19:01:22+00:00,579,0,0,61.25
,42789,2026-03-19T19:01:22+00:00,469,0,0,61.25
,42790,2026-03-19T19:01:22+00:00,579,0,0,61.25
,42791,2026-03-19T19:01:22+00:00,755,0,0,44.47
,42792,2026-03-19T19:01:22+00:00,755,0,0,44.47
,42793,2026-03-19T19:01:22+00:00,899,0,0,61.25
,42794,2026-03-19T19:01:22+00:00,899,0,0,61.25
,42795,2026-03-19T19:01:22+00:00,299,0,0,44.47
,42796,2026-03-19T19:01:22+00:00,249,0,0,61.25
,42797,2026-03-19T19:01:22+00:00,335,0,0,61.25
,42798,2026-03-19T19:01:22+00:00,335,0,0,61.25
,42799,2026-03-19T19:01:22+00:00,469,0,0,61.25
,42800,2026-03-19T19:01:22+00:00,469,0,0,61.25
,42801,2026-03-19T19:01:22+00:00,2799,0,0,61.25
,42802,2026-03-19T19:01:22+00:00,2899,0,0,61.25
,42803,2026-03-19T19:01:22+00:00,1999,0,0,73.15
,42804,2026-03-19T19:01:22+00:00,1529,0,0,75.38
,42805,2026-03-19T19:01:22+00:00,1079,0,0,61.25
,42806,2026-03-19T19:01:22+00:00,929,0,0,61.25
,42807,2026-03-19T19:01:22+00:00,389,0,0,61.25
,42808,2026-03-19T19:01:22+00:00,1499,0,0,65.63
,42809,2026-03-19T19:01:22+00:00,1499,0,0,65.63
,42810,2026-03-19T19:01:22+00:00,499,0,0,61.25
,42811,2026-03-19T19:01:22+00:00,299,0,0,61.25
,42812,2026-03-19T19:01:22+00:00,2019,0,0,65.42
,42813,2026-03-19T19:01:22+00:00,1209,0,0,44.47
,42814,2026-03-19T19:01:22+00:00,1599,0,0,61.25
,42815,2026-03-19T19:01:22+00:00,2689,0,0,61.25
,42816,2026-03-19T19:01:22+00:00,399,0,0,61.25
,42817,2026-03-19T19:01:22+00:00,479,0,0,61.25
,42818,2026-03-19T19:01:22+00:00,1399,0,0,61.25
,42819,2026-03-19T19:01:22+00:00,1429,0,0,61.25
,42820,2026-03-19T19:01:22+00:00,8,0,0,75.73
,42821,2026-03-19T19:01:22+00:00,35,0,0,75.73
,42822,2026-03-19T19:01:22+00:00,29,0,0,61.25
,42823,2026-03-19T19:01:22+00:00,12,0,0,75.73
,42824,2026-03-19T19:01:22+00:00,54,0,0,61.25
,42825,2026-03-19T19:01:22+00:00,33,0,0,69.45
,42826,2026-03-19T19:01:22+00:00,33,0,0,44.47
,42827,2026-03-19T19:01:22+00:00,33,0,0,44.47
,42828,2026-03-19T19:01:22+00:00,52,0,0,61.25
,42829,2026-03-19T19:01:22+00:00,33,0,1,21.25
,42830,2026-03-19T19:01:22+00:00,19,0,0,61.25
,42831,2026-03-19T19:01:22+00:00,19,0,0,61.25
,42832,2026-03-19T19:01:22+00:00,19,0,0,61.25
,42833,2026-03-19T19:01:22+00:00,19,0,0,61.25
,42834,2026-03-19T19:01:22+00:00,19,0,0,75.73
,42835,2026-03-19T19:01:22+00:00,55,0,0,61.25
,42836,2026-03-19T19:01:22+00:00,55,0,0,61.25
,42837,2026-03-19T19:01:22+00:00,54,0,0,61.25
,42838,2026-03-19T19:01:22+00:00,59,0,0,44.47
,42839,2026-03-19T19:01:22+00:00,65,0,0,61.25
,42840,2026-03-19T19:01:22+00:00,59,0,0,61.25
,42841,2026-03-19T19:01:22+00:00,59,0,0,61.25
,42842,2026-03-19T19:01:22+00:00,35,0,0,61.25
,42843,2026-03-19T19:01:22+00:00,64,0,0,61.25
,42844,2026-03-19T19:01:22+00:00,49,0,0,75.73
,42845,2026-03-19T19:01:22+00:00,49,0,0,75.73
,42846,2026-03-19T19:01:22+00:00,49,0,0,61.25
,42847,2026-03-19T19:01:22+00:00,49,0,0,75.73
,42848,2026-03-19T19:01:22+00:00,49,0,0,61.25
,42849,2026-03-19T19:01:22+00:00,49,0,0,75.73
,42850,2026-03-19T19:01:22+00:00,49,0,0,61.25
,42851,2026-03-19T19:01:22+00:00,49,0,0,75.73
,42852,2026-03-19T19:01:22+00:00,49,0,0,75.73
,42853,2026-03-19T19:01:22+00:00,65,0,0,61.25
,42854,2026-03-19T19:01:22+00:00,55,0,0,61.25
,42855,2026-03-19T19:01:22+00:00,55,0,0,61.25
,42856,2026-03-19T19:01:22+00:00,54,0,0,61.25
,42857,2026-03-19T19:01:22+00:00,54,0,0,61.25
,42858,2026-03-19T19:01:22+00:00,59,0,0,61.25
,42859,2026-03-19T19:01:22+00:00,59,0,0,44.47
,42860,2026-03-19T19:01:22+00:00,59,0,0,44.47
,42861,2026-03-19T19:01:22+00:00,55,0,0,61.25
,42862,2026-03-19T19:01:22+00:00,55,0,0,61.25
,42863,2026-03-19T19:01:22+00:00,52,0,0,61.25
,42864,2026-03-19T19:01:22+00:00,59,0,0,75.73
,42865,2026-03-19T19:01:22+00:00,85,0,0,61.25
,42866,2026-03-19T19:01:22+00:00,115,0,0,61.25
,42867,2026-03-19T19:01:22+00:00,119,0,0,61.25
,42868,2026-03-19T19:01:22+00:00,179,0,0,62.5
,42869,2026-03-19T19:01:22+00:00,95,0,0,61.25
,42870,2026-03-19T19:01:22+00:00,115,0,0,61.25
,42871,2026-03-19T19:01:22+00:00,91,0,0,44.47
,42872,2026-03-19T19:01:22+00:00,69,0,0,61.25
,42873,2026-03-19T19:01:22+00:00,89,0,0,44.47
,42874,2026-03-19T19:01:22+00:00,85,0,0,61.25
,42875,2026-03-19T19:01:22+00:00,89,0,0,61.25
,42876,2026-03-19T19:01:22+00:00,99,0,0,61.25
,42877,2026-03-19T19:01:22+00:00,99,0,0,61.25
,42878,2026-03-19T19:01:22+00:00,85,0,0,44.47
,42879,2026-03-19T19:01:22+00:00,89,0,0,61.25
,42880,2026-03-19T19:01:22+00:00,109,0,0,61.25
,42881,2026-03-19T19:01:22+00:00,68,0,0,61.25
,42882,2026-03-19T19:01:22+00:00,189,0,0,61.43
,42883,2026-03-19T19:01:22+00:00,99,0,0,44.47
,42884,2026-03-19T19:01:22+00:00,99,0,0,44.47
,42885,2026-03-19T19:01:22+00:00,75,0,0,61.25
,42886,2026-03-19T19:01:22+00:00,109,0,0,61.25
,42887,2026-03-19T19:01:22+00:00,69,0,0,61.25
,42888,2026-03-19T19:01:22+00:00,89,0,0,61.25
,42889,2026-03-19T19:01:22+00:00,99,0,1,34.75
,42890,2026-03-19T19:01:22+00:00,99,0,0,61.25
,42891,2026-03-19T19:01:22+00:00,99,0,0,61.25
,42892,2026-03-19T19:01:22+00:00,99,0,0,61.25
,42893,2026-03-19T19:01:22+00:00,69,0,0,61.25
,42894,2026-03-19T19:01:22+00:00,95,0,0,61.25
,42895,2026-03-19T19:01:22+00:00,119,0,0,61.25
,42896,2026-03-19T19:01:22+00:00,79,0,0,44.47
,42897,2026-03-19T19:01:22+00:00,79,0,0,61.25
,42898,2026-03-19T19:01:22+00:00,69,0,0,61.25
,42899,2026-03-19T19:01:22+00:00,107,0,0,75.73
,42900,2026-03-19T19:01:22+00:00,99,0,0,44.47
,42901,2026-03-19T19:01:22+00:00,99,0,0,61.25
,42902,2026-03-19T19:01:22+00:00,79,0,0,61.25
,42903,2026-03-19T19:01:22+00:00,89,0,1,34.75
,42904,2026-03-19T19:01:22+00:00,79,0,0,61.25
,42905,2026-03-19T19:01:22+00:00,65,0,0,61.25
,42906,2026-03-19T19:01:22+00:00,68,0,0,75.73
,42907,2026-03-19T19:01:22+00:00,75,0,0,61.25
,42908,2026-03-19T19:01:22+00:00,69,0,0,61.25
,42909,2026-03-19T19:01:22+00:00,79,0,0,61.25
,42910,2026-03-19T19:01:22+00:00,69,0,0,61.25
,42911,2026-03-19T19:01:22+00:00,139,0,0,61.25
,42912,2026-03-19T19:01:22+00:00,229,0,0,61.25
,42913,2026-03-19T19:01:22+00:00,205,0,0,61.25
,42914,2026-03-19T19:01:22+00:00,125,0,0,61.25
,42915,2026-03-19T19:01:22+00:00,129,0,0,61.25
,42916,2026-03-19T19:01:22+00:00,129,0,0,61.25
,42917,2026-03-19T19:01:22+00:00,149,0,0,61.25
,42918,2026-03-19T19:01:22+00:00,215,0,0,61.25
,42919,2026-03-19T19:01:22+00:00,159,0,1,34.75
,42920,2026-03-19T19:01:22+00:00,159,0,0,61.25
,42921,2026-03-19T19:01:22+00:00,159,0,0,61.25
,42922,2026-03-19T19:01:22+00:00,179,0,0,61.25
,42923,2026-03-19T19:01:22+00:00,139,0,0,61.25
,42924,2026-03-19T19:01:22+00:00,209,0,0,74.06
,42925,2026-03-19T19:01:22+00:00,289,0,0,61.25
,42926,2026-03-19T19:01:22+00:00,259,0,0,61.25
,42927,2026-03-19T19:01:22+00:00,259,0,0,61.25
,42928,2026-03-19T19:01:22+00:00,349,0,0,61.25
,42929,2026-03-19T19:01:22+00:00,349,0,0,61.25
,42930,2026-03-19T19:01:22+00:00,179,0,0,61.25
,42931,2026-03-19T19:01:22+00:00,249,0,0,61.25
,42932,2026-03-19T19:01:22+00:00,239,0,0,61.25
,42933,2026-03-19T19:01:22+00:00,249,0,0,61.25
,42934,2026-03-19T19:01:22+00:00,219,0,0,61.25
,42935,2026-03-19T19:01:22+00:00,199,0,0,61.25
,42936,2026-03-19T19:01:22+00:00,199,0,0,61.25
,42937,2026-03-19T19:01:22+00:00,279,0,0,61.25
,42938,2026-03-19T19:01:22+00:00,279,0,0,61.25
,42939,2026-03-19T19:01:22+00:00,135,0,0,61.25
,42940,2026-03-19T19:01:22+00:00,135,0,0,44.47
,42941,2026-03-19T19:01:22+00:00,125,0,0,61.25
,42942,2026-03-19T19:01:22+00:00,309,0,0,61.25
,42943,2026-03-19T19:01:22+00:00,139,0,0,61.25
,42944,2026-03-19T19:01:22+00:00,129,0,0,61.25
,42945,2026-03-19T19:01:22+00:00,169,0,0,61.25
,42946,2026-03-19T19:01:22+00:00,159,0,0,61.25
,42947,2026-03-19T19:01:22+00:00,329,0,0,61.25
,42948,2026-03-19T19:01:22+00:00,139,0,0,61.25
,42949,2026-03-19T19:01:22+00:00,119,0,0,61.25
,42950,2026-03-19T19:01:22+00:00,189,0,0,61.25
,42951,2026-03-19T19:01:22+00:00,199,0,0,61.25
,42952,2026-03-19T19:01:22+00:00,159,0,0,61.25
,42953,2026-03-19T19:01:22+00:00,175,0,0,44.47
,42954,2026-03-19T19:01:22+00:00,129,0,0,61.25
,42955,2026-03-19T19:01:22+00:00,259,0,0,61.25
,42956,2026-03-19T19:01:22+00:00,349,0,0,61.25
,42957,2026-03-19T19:01:22+00:00,349,0,0,61.25
,42958,2026-03-19T19:01:22+00:00,499,0,0,61.25
,42959,2026-03-19T19:01:22+00:00,499,0,0,61.25
,42960,2026-03-19T19:01:22+00:00,499,0,0,61.25
,42961,2026-03-19T19:01:22+00:00,499,0,0,61.25
,42962,2026-03-19T19:01:22+00:00,349,0,0,61.25
,42963,2026-03-19T19:01:22+00:00,389,0,0,61.25
,42964,2026-03-19T19:01:22+00:00,359,0,0,61.25
,42965,2026-03-19T19:01:22+00:00,359,0,0,61.25
,42966,2026-03-19T19:01:22+00:00,389,0,0,61.25
,42967,2026-03-19T19:01:22+00:00,359,0,0,61.25
,42968,2026-03-19T19:01:22+00:00,5,0,0,61.25
,42969,2026-03-19T19:01:22+00:00,8,0,0,61.25
,42970,2026-03-19T19:01:22+00:00,4,0,0,75.73
,42971,2026-03-19T19:01:22+00:00,5,0,0,75.73
,42972,2026-03-19T19:01:22+00:00,12,0,0,61.25
,42973,2026-03-19T19:01:22+00:00,11,0,0,61.25
,42974,2026-03-19T19:01:22+00:00,11,0,0,75.73
,42975,2026-03-19T19:01:22+00:00,5,0,0,75.73
,42976,2026-03-19T19:01:22+00:00,5,0,0,75.73
,42977,2026-03-19T19:01:22+00:00,5,0,0,75.73
,42989,2026-03-19T19:01:22+00:00,3,0,0,61.25
,42990,2026-03-19T19:01:22+00:00,11,0,0,60.12
,42991,2026-03-19T19:01:22+00:00,5,0,0,61.25
,42992,2026-03-19T19:01:22+00:00,5,0,0,61.25
,42993,2026-03-19T19:01:22+00:00,9,0,0,61.25
,42994,2026-03-19T19:01:22+00:00,9,0,0,61.25
,42995,2026-03-19T19:01:22+00:00,9,0,1,51.25
,42996,2026-03-19T19:01:22+00:00,6,0,0,61.25
,42997,2026-03-19T19:01:22+00:00,6,0,0,75.73
,42998,2026-03-19T19:01:22+00:00,2,0,1,34.75
,42999,2026-03-19T19:01:22+00:00,3,0,0,61.25
,43000,2026-03-19T19:01:22+00:00,3,0,0,61.25
,43001,2026-03-19T19:01:22+00:00,10,0,0,75.73
,43002,2026-03-19T19:01:22+00:00,10,0,0,61.25
,43003,2026-03-19T19:01:22+00:00,5,0,0,61.25
,43004,2026-03-19T19:01:22+00:00,6,0,0,61.25
,43005,2026-03-19T19:01:22+00:00,7,0,0,61.25
,43006,2026-03-19T19:01:22+00:00,7,0,0,75.73
,43007,2026-03-19T19:01:22+00:00,7,0,0,75.73
,43008,2026-03-19T19:01:22+00:00,7,0,0,75.73
,43009,2026-03-19T19:01:22+00:00,7,0,0,75.73
,43010,2026-03-19T19:01:22+00:00,10,0,0,61.25
,43011,2026-03-19T19:01:22+00:00,9,0,0,75.73
,43012,2026-03-19T19:01:22+00:00,5,0,0,61.25
,43013,2026-03-19T19:01:22+00:00,16,0,0,61.25
,43014,2026-03-19T19:01:22+00:00,13,0,0,61.25
,43015,2026-03-19T19:01:22+00:00,18,0,0,61.25
,43016,2026-03-19T19:01:22+00:00,16,0,0,75.73
,43017,2026-03-19T19:01:22+00:00,19,0,0,61.25
,43018,2026-03-19T19:01:22+00:00,19,0,0,61.25
,43019,2026-03-19T19:01:22+00:00,13,0,0,75.73
,43020,2026-03-19T19:01:22+00:00,15,0,0,59.63
,43021,2026-03-19T19:01:22+00:00,19,0,0,61.25
,43022,2026-03-19T19:01:22+00:00,19,0,0,61.25
,43023,2026-03-19T19:01:22+00:00,15,0,0,75.73
,43024,2026-03-19T19:01:22+00:00,12,0,0,75.73
,43025,2026-03-19T19:01:22+00:00,17,0,0,61.25
,43026,2026-03-19T19:01:22+00:00,17,0,0,61.25
,43027,2026-03-19T19:01:22+00:00,12,0,0,61.25
,43028,2026-03-19T19:01:22+00:00,19,0,0,61.25
,43029,2026-03-19T19:01:22+00:00,19,0,0,61.25
,43030,2026-03-19T19:01:22+00:00,19,0,0,61.25
,43031,2026-03-19T19:01:22+00:00,19,0,0,61.25
,43032,2026-03-19T19:01:22+00:00,16,0,0,75.73
,43033,2026-03-19T19:01:22+00:00,12,0,0,61.25
,43034,2026-03-19T19:01:22+00:00,14,0,0,75.73
,43035,2026-03-19T19:01:22+00:00,12,0,0,61.25
,43036,2026-03-19T19:01:22+00:00,18,0,0,61.25
,43037,2026-03-19T19:01:22+00:00,14,0,0,61.25
,43038,2026-03-19T19:01:22+00:00,19,0,0,61.25
,43042,2026-03-19T19:01:22+00:00,18,0,0,61.25
,43043,2026-03-19T19:01:22+00:00,18,0,0,61.25
,43044,2026-03-19T19:01:22+00:00,16,0,0,75.73
,43045,2026-03-19T19:01:22+00:00,13,0,0,61.25
,43046,2026-03-19T19:01:22+00:00,18,0,0,75.73
,43047,2026-03-19T19:01:22+00:00,18,0,0,61.25
,43048,2026-03-19T19:01:22+00:00,18,0,0,61.25
,43049,2026-03-19T19:01:22+00:00,13,0,0,61.25
,43050,2026-03-19T19:01:22+00:00,13,0,0,75.73
,43051,2026-03-19T19:01:22+00:00,13,0,0,75.73
,43052,2026-03-19T19:01:22+00:00,15,0,0,75.73
,43053,2026-03-19T19:01:22+00:00,14,0,0,75.73
,43054,2026-03-19T19:01:22+00:00,16,0,0,61.25
,43055,2026-03-19T19:01:22+00:00,25,0,1,34.75
,43056,2026-03-19T19:01:22+00:00,24,0,0,61.25
,43057,2026-03-19T19:01:22+00:00,21,0,0,61.25
,43058,2026-03-19T19:01:22+00:00,22,0,0,75.73
,43059,2026-03-19T19:01:22+00:00,21,0,0,75.73
,43060,2026-03-19T19:01:22+00:00,21,0,0,44.47
,43061,2026-03-19T19:01:22+00:00,21,0,0,61.25
,43062,2026-03-19T19:01:22+00:00,25,0,0,61.25
,43063,2026-03-19T19:01:22+00:00,22,0,0,61.25
,43064,2026-03-19T19:01:22+00:00,22,0,0,61.25
,43065,2026-03-19T19:01:22+00:00,22,0,0,61.25
,43066,2026-03-19T19:01:22+00:00,25,0,0,61.25
,43067,2026-03-19T19:01:22+00:00,25,0,0,61.25
,43068,2026-03-19T19:01:22+00:00,23,0,0,61.25
,43069,2026-03-19T19:01:22+00:00,25,0,0,44.47
,43070,2026-03-19T19:01:22+00:00,19,0,0,61.25
,43071,2026-03-19T19:01:22+00:00,19,0,0,75.73
,43072,2026-03-19T19:01:22+00:00,25,0,1,34.75
,43073,2026-03-19T19:01:22+00:00,22,0,0,61.25
,43074,2026-03-19T19:01:22+00:00,22,0,0,61.25
,43075,2026-03-19T19:01:22+00:00,23,0,0,61.25
,43076,2026-03-19T19:01:22+00:00,19,0,0,75.73
,43077,2026-03-19T19:01:22+00:00,24,0,0,75.73
,43078,2026-03-19T19:01:22+00:00,25,0,0,61.25
,43079,2026-03-19T19:01:22+00:00,25,0,0,61.25
,43080,2026-03-19T19:01:22+00:00,24,0,0,61.25
,43081,2026-03-19T19:01:22+00:00,25,0,0,61.25
,43082,2026-03-19T19:01:22+00:00,25,0,0,61.25
,43083,2026-03-19T19:01:22+00:00,25,0,0,61.25
,43084,2026-03-19T19:01:22+00:00,25,0,0,61.25
,43085,2026-03-19T19:01:22+00:00,25,0,0,61.25
,43086,2026-03-19T19:01:22+00:00,19,0,0,75.73
,43087,2026-03-19T19:01:22+00:00,19,0,0,61.25
,43088,2026-03-19T19:01:22+00:00,19,0,0,61.25
,43089,2026-03-19T19:01:22+00:00,19,0,0,61.25
,43090,2026-03-19T19:01:22+00:00,19,0,0,61.25
,43091,2026-03-19T19:01:22+00:00,25,0,0,61.25
,43092,2026-03-19T19:01:22+00:00,23,0,0,61.25
,43093,2026-03-19T19:01:22+00:00,19,0,0,75.73
,43094,2026-03-19T19:01:22+00:00,25,0,0,61.25
,43095,2026-03-19T19:01:22+00:00,23,0,0,75.73
,43096,2026-03-19T19:01:22+00:00,19,0,0,61.25
,43097,2026-03-19T19:01:22+00:00,25,0,0,61.25
,43098,2026-03-19T19:01:22+00:00,22,0,0,61.25
,43099,2026-03-19T19:01:22+00:00,19,0,0,61.25
,43100,2026-03-19T19:01:22+00:00,28,0,0,44.47
,43101,2026-03-19T19:01:22+00:00,28,0,0,75.73
,43102,2026-03-19T19:01:22+00:00,25,0,0,75.73
,43103,2026-03-19T19:01:22+00:00,29,0,0,61.25
,43104,2026-03-19T19:01:22+00:00,29,0,0,61.25
,43105,2026-03-19T19:01:22+00:00,29,0,0,61.25
,43106,2026-03-19T19:01:22+00:00,29,0,0,61.25
,43107,2026-03-19T19:01:22+00:00,26,0,0,75.73
,43108,2026-03-19T19:01:22+00:00,29,0,0,61.25
,43109,2026-03-19T19:01:22+00:00,29,0,0,61.25
,43110,2026-03-19T19:01:22+00:00,29,0,0,61.25
,43111,2026-03-19T19:01:22+00:00,25,0,0,75.73
,43112,2026-03-19T19:01:22+00:00,29,0,0,44.47
,43113,2026-03-19T19:01:22+00:00,29,0,0,44.47
,43114,2026-03-19T19:01:22+00:00,29,0,0,44.47
,43115,2026-03-19T19:01:22+00:00,29,0,0,44.47
,43116,2026-03-19T19:01:22+00:00,26,0,0,75.73
,43117,2026-03-19T19:01:22+00:00,25,0,0,75.73
,43118,2026-03-19T19:01:22+00:00,29,0,0,61.25
,43119,2026-03-19T19:01:22+00:00,29,0,0,75.73
,43120,2026-03-19T19:01:22+00:00,28,0,0,61.25
,43121,2026-03-19T19:01:22+00:00,28,0,0,61.25
,43122,2026-03-19T19:01:22+00:00,29,0,0,61.25
,43123,2026-03-19T19:01:22+00:00,29,0,0,61.25
,43124,2026-03-19T19:01:22+00:00,25,0,0,75.73
,43125,2026-03-19T19:01:22+00:00,26,0,0,75.73
,43126,2026-03-19T19:01:22+00:00,27,0,0,61.25
,43127,2026-03-19T19:01:22+00:00,29,0,0,61.25
,43128,2026-03-19T19:01:22+00:00,29,0,0,61.25
,43129,2026-03-19T19:01:22+00:00,27,0,0,61.25
,43130,2026-03-19T19:01:22+00:00,29,0,0,61.25
,43131,2026-03-19T19:01:22+00:00,29,0,0,61.25
,43132,2026-03-19T19:01:22+00:00,29,0,0,61.25
,43133,2026-03-19T19:01:22+00:00,29,0,0,61.25
,43134,2026-03-19T19:01:22+00:00,29,0,0,61.25
,43135,2026-03-19T19:01:22+00:00,29,0,0,61.25
,43136,2026-03-19T19:01:22+00:00,29,0,0,61.25
,43137,2026-03-19T19:01:22+00:00,29,0,0,61.25
,43138,2026-03-19T19:01:22+00:00,25,0,1,34.75
,43139,2026-03-19T19:01:22+00:00,27,0,0,61.25
,43140,2026-03-19T19:01:22+00:00,26,0,0,61.25
,43141,2026-03-19T19:01:22+00:00,27,0,0,61.25
,43142,2026-03-19T19:01:22+00:00,27,0,0,61.25
,43143,2026-03-19T19:01:22+00:00,28,0,0,61.25
,43144,2026-03-19T19:01:22+00:00,26,0,0,75.73
,43145,2026-03-19T19:01:22+00:00,35,0,0,61.25
,43146,2026-03-19T19:01:22+00:00,35,0,0,61.25
,43147,2026-03-19T19:01:22+00:00,32,0,0,61.25
,43148,2026-03-19T19:01:22+00:00,32,0,0,61.25
,43149,2026-03-19T19:01:22+00:00,32,0,0,61.25
,43150,2026-03-19T19:01:22+00:00,35,0,0,61.25
,43151,2026-03-19T19:01:22+00:00,32,0,0,61.25
,43152,2026-03-19T19:01:22+00:00,32,0,0,61.25
,43153,2026-03-19T19:01:22+00:00,35,0,0,61.25
,43154,2026-03-19T19:01:22+00:00,29,0,0,47.26
,43155,2026-03-19T19:01:22+00:00,32,0,0,61.25
,43156,2026-03-19T19:01:22+00:00,35,0,0,61.25
,43157,2026-03-19T19:01:22+00:00,35,0,0,61.25
,43158,2026-03-19T19:01:22+00:00,35,0,0,61.25
,43159,2026-03-19T19:01:22+00:00,35,0,0,61.25
,43160,2026-03-19T19:01:22+00:00,30,0,0,61.25
,43161,2026-03-19T19:01:22+00:00,29,0,0,61.25
,43162,2026-03-19T19:01:22+00:00,29,0,0,61.25
,43163,2026-03-19T19:01:22+00:00,35,0,0,44.47
,43164,2026-03-19T19:01:22+00:00,35,0,0,61.25
,43165,2026-03-19T19:01:22+00:00,29,0,0,61.25
,43166,2026-03-19T19:01:22+00:00,29,0,0,61.25
,43167,2026-03-19T19:01:22+00:00,32,0,0,61.25
,43168,2026-03-19T19:01:22+00:00,29,0,0,61.25
,43169,2026-03-19T19:01:22+00:00,29,0,0,61.25
,43170,2026-03-19T19:01:22+00:00,32,0,0,44.47
,43171,2026-03-19T19:01:22+00:00,29,0,0,61.25
,43172,2026-03-19T19:01:22+00:00,34,0,0,61.25
,43173,2026-03-19T19:01:22+00:00,32,0,0,61.25
,43174,2026-03-19T19:01:22+00:00,35,0,0,61.25
,43175,2026-03-19T19:01:22+00:00,35,0,0,61.25
,43176,2026-03-19T19:01:22+00:00,35,0,0,61.25
,43177,2026-03-19T19:01:22+00:00,29,0,0,61.25
,43178,2026-03-19T19:01:22+00:00,31,0,0,61.25
,43179,2026-03-19T19:01:22+00:00,29,0,0,61.25
,43180,2026-03-19T19:01:22+00:00,29,0,0,61.25
,43181,2026-03-19T19:01:22+00:00,29,0,0,61.25
,43182,2026-03-19T19:01:22+00:00,29,0,0,61.25
,43183,2026-03-19T19:01:22+00:00,32,0,0,61.25
,43184,2026-03-19T19:01:22+00:00,29,0,0,61.25
,43185,2026-03-19T19:01:22+00:00,29,0,0,61.25
,43186,2026-03-19T19:01:22+00:00,29,0,0,61.25
,43187,2026-03-19T19:01:22+00:00,29,0,0,61.25
,43188,2026-03-19T19:01:22+00:00,29,0,0,61.25
,43189,2026-03-19T19:01:22+00:00,29,0,0,61.25
,43190,2026-03-19T19:01:22+00:00,32,0,0,61.25
,43191,2026-03-19T19:01:22+00:00,39,0,0,61.25
,43192,2026-03-19T19:01:22+00:00,41,0,0,61.25
,43193,2026-03-19T19:01:22+00:00,36,0,1,34.75
,43194,2026-03-19T19:01:22+00:00,39,0,0,67.69
,43195,2026-03-19T19:01:22+00:00,36,0,1,34.75
,43196,2026-03-19T19:01:22+00:00,39,0,0,61.25
,43197,2026-03-19T19:01:22+00:00,42,0,1,34.75
,43198,2026-03-19T19:01:22+00:00,38,0,0,75.73
,43199,2026-03-19T19:01:22+00:00,39,0,0,44.47
,43200,2026-03-19T19:01:22+00:00,39,0,0,44.47
,43201,2026-03-19T19:01:22+00:00,39,0,0,61.25
,43202,2026-03-19T19:01:22+00:00,42,0,0,61.25
,43203,2026-03-19T19:01:22+00:00,37,0,0,61.25
,43204,2026-03-19T19:01:22+00:00,39,0,0,61.25
,43205,2026-03-19T19:01:22+00:00,39,0,0,61.25
,43206,2026-03-19T19:01:22+00:00,42,0,0,61.25
,43207,2026-03-19T19:01:22+00:00,39,0,0,61.25
,43208,2026-03-19T19:01:22+00:00,39,0,0,61.25
,43209,2026-03-19T19:01:22+00:00,39,0,0,61.25
,43210,2026-03-19T19:01:22+00:00,59,0,0,75.22
,43211,2026-03-19T19:01:22+00:00,39,0,0,61.25
,43212,2026-03-19T19:01:22+00:00,38,0,0,61.25
,43213,2026-03-19T19:01:22+00:00,38,0,0,61.25
,43214,2026-03-19T19:01:22+00:00,38,0,0,61.25
,43215,2026-03-19T19:01:22+00:00,39,0,0,61.25
,43216,2026-03-19T19:01:22+00:00,39,0,0,61.25
,43217,2026-03-19T19:01:22+00:00,36,0,0,61.25
,43218,2026-03-19T19:01:22+00:00,39,0,0,61.25
,43219,2026-03-19T19:01:22+00:00,39,0,0,61.25
,43220,2026-03-19T19:01:22+00:00,39,0,0,61.25
,43221,2026-03-19T19:01:22+00:00,39,0,0,61.25
,43222,2026-03-19T19:01:22+00:00,35,0,0,61.25
,43223,2026-03-19T19:01:22+00:00,39,0,0,61.25
,43224,2026-03-19T19:01:22+00:00,39,0,0,61.25
,43225,2026-03-19T19:01:22+00:00,37,0,0,61.25
,43226,2026-03-19T19:01:22+00:00,35,0,0,61.25
,43227,2026-03-19T19:01:22+00:00,35,0,0,61.25
,43228,2026-03-19T19:01:22+00:00,35,0,0,61.25
,43229,2026-03-19T19:01:22+00:00,39,0,0,61.25
,43230,2026-03-19T19:01:22+00:00,39,0,0,61.25
,43231,2026-03-19T19:01:22+00:00,39,0,1,34.75
,43232,2026-03-19T19:01:22+00:00,35,0,0,61.25
,43236,2026-03-19T19:01:22+00:00,39,0,0,61.25
,43237,2026-03-19T19:01:22+00:00,37,0,0,61.25
,43238,2026-03-19T19:01:22+00:00,45,0,0,61.25
,43239,2026-03-19T19:01:22+00:00,45,0,0,61.25
,43240,2026-03-19T19:01:22+00:00,45,0,0,61.25
,43241,2026-03-19T19:01:22+00:00,49,0,0,61.25
,43242,2026-03-19T19:01:22+00:00,49,0,0,61.25
,43243,2026-03-19T19:01:22+00:00,49,0,0,61.25
,43244,2026-03-19T19:01:22+00:00,45,0,0,61.25
,43245,2026-03-19T19:01:22+00:00,45,0,0,61.25
,43246,2026-03-19T19:01:22+00:00,45,0,0,61.25
,43247,2026-03-19T19:01:22+00:00,45,0,0,61.25
,43248,2026-03-19T19:01:22+00:00,45,0,0,61.25
,43249,2026-03-19T19:01:22+00:00,45,0,0,61.25
,43250,2026-03-19T19:01:22+00:00,49,0,0,44.47
,43251,2026-03-19T19:01:22+00:00,43,0,0,61.25
,43252,2026-03-19T19:01:22+00:00,49,0,0,61.25
,43253,2026-03-19T19:01:22+00:00,47,0,0,61.25
,43254,2026-03-19T19:01:22+00:00,49,0,0,61.25
,43255,2026-03-19T19:01:22+00:00,49,0,0,61.25
,43256,2026-03-19T19:01:22+00:00,44,0,0,61.25
,43257,2026-03-19T19:01:22+00:00,45,0,0,61.25
,43258,2026-03-19T19:01:22+00:00,48,0,0,75.73
,43259,2026-03-19T19:01:22+00:00,47,0,0,61.25
,43260,2026-03-19T19:01:22+00:00,42,0,0,61.25
,43261,2026-03-19T19:01:22+00:00,48,0,0,75.73
,43262,2026-03-19T19:01:22+00:00,42,0,0,61.25
,43263,2026-03-19T19:01:22+00:00,46,0,0,75.73
,43264,2026-03-19T19:01:22+00:00,45,0,0,61.25
,43265,2026-03-19T19:01:22+00:00,47,0,0,61.25
,43266,2026-03-19T19:01:22+00:00,47,0,0,61.25
,43267,2026-03-19T19:01:22+00:00,45,0,0,61.25
,43268,2026-03-19T19:01:22+00:00,45,0,0,61.25
,43269,2026-03-19T19:01:22+00:00,45,0,0,61.25
,43270,2026-03-19T19:01:22+00:00,45,0,0,61.25
,43271,2026-03-19T19:01:22+00:00,45,0,1,34.75
,43272,2026-03-19T19:01:22+00:00,44,0,0,61.25
,43273,2026-03-19T19:01:22+00:00,44,0,0,61.25
,43274,2026-03-19T19:01:22+00:00,47,0,0,61.25
,43275,2026-03-19T19:01:22+00:00,45,0,1,34.75
,43276,2026-03-19T19:01:22+00:00,44,0,0,61.25
,43277,2026-03-19T19:01:22+00:00,45,0,0,61.25
,43278,2026-03-19T19:01:22+00:00,43,0,0,61.25
,43279,2026-03-19T19:01:22+00:00,43,0,0,61.25
,43280,2026-03-19T19:01:22+00:00,45,0,0,61.25
,43281,2026-03-19T19:01:22+00:00,45,0,0,61.25
,43282,2026-03-19T19:01:22+00:00,45,0,0,61.25
,43283,2026-03-19T19:01:22+00:00,42,0,0,75.73
,43284,2026-03-19T19:01:22+00:00,47,0,0,61.25
,43285,2026-03-19T19:01:22+00:00,55,0,0,61.25
,43286,2026-03-19T19:01:22+00:00,55,0,0,44.47
,43287,2026-03-19T19:01:22+00:00,55,0,0,61.25
,43288,2026-03-19T19:01:22+00:00,49,0,0,61.25
,43289,2026-03-19T19:01:22+00:00,49,0,0,61.25
,43290,2026-03-19T19:01:22+00:00,49,0,0,61.25
,43291,2026-03-19T19:01:22+00:00,55,0,0,61.25
,43292,2026-03-19T19:01:22+00:00,55,0,0,61.25
,43293,2026-03-19T19:01:22+00:00,55,0,0,61.25
,43294,2026-03-19T19:01:22+00:00,49,0,0,61.25
,43295,2026-03-19T19:01:22+00:00,53,0,0,61.25
,43296,2026-03-19T19:01:22+00:00,51,0,0,61.25
,43297,2026-03-19T19:01:22+00:00,49,0,0,61.25
,43298,2026-03-19T19:01:22+00:00,49,0,0,61.25
,43299,2026-03-19T19:01:22+00:00,49,0,0,61.25
,43300,2026-03-19T19:01:22+00:00,49,0,0,61.25
,43301,2026-03-19T19:01:22+00:00,49,0,0,61.25
,43302,2026-03-19T19:01:22+00:00,49,0,0,61.25
,43303,2026-03-19T19:01:22+00:00,49,0,0,61.25
,43304,2026-03-19T19:01:22+00:00,49,0,0,61.25
,43305,2026-03-19T19:01:22+00:00,55,0,1,34.75
,43306,2026-03-19T19:01:22+00:00,49,0,0,61.25
,43307,2026-03-19T19:01:22+00:00,49,0,0,61.25
,43308,2026-03-19T19:01:22+00:00,49,0,0,61.25
,43309,2026-03-19T19:01:22+00:00,49,0,0,61.25
,43310,2026-03-19T19:01:22+00:00,54,0,0,61.25
,43311,2026-03-19T19:01:22+00:00,49,0,0,61.25
,43312,2026-03-19T19:01:22+00:00,49,0,0,61.25
,43313,2026-03-19T19:01:22+00:00,55,0,0,75.73
,43314,2026-03-19T19:01:22+00:00,55,0,0,61.25
,43315,2026-03-19T19:01:22+00:00,49,0,0,61.25
,43316,2026-03-19T19:01:22+00:00,55,0,0,61.25
,43317,2026-03-19T19:01:22+00:00,55,0,0,61.25
,43318,2026-03-19T19:01:22+00:00,53,0,0,61.25
,43319,2026-03-19T19:01:22+00:00,53,0,0,61.25
,43320,2026-03-19T19:01:22+00:00,55,0,0,61.25
,43321,2026-03-19T19:01:22+00:00,49,0,0,61.25
,43322,2026-03-19T19:01:22+00:00,49,0,0,61.25
,43323,2026-03-19T19:01:22+00:00,49,0,0,61.25
,43324,2026-03-19T19:01:22+00:00,51,0,0,61.25
,43325,2026-03-19T19:01:22+00:00,49,0,0,61.25
,43326,2026-03-19T19:01:22+00:00,49,0,0,61.25
,43327,2026-03-19T19:01:22+00:00,49,0,0,61.25
,43328,2026-03-19T19:01:22+00:00,49,0,0,61.25
,43329,2026-03-19T19:01:22+00:00,49,0,0,61.25
,43330,2026-03-19T19:01:22+00:00,49,0,0,61.25
,43331,2026-03-19T19:01:22+00:00,47,0,0,61.25
,43332,2026-03-19T19:01:22+00:00,69,0,0,70.1
,43333,2026-03-19T19:01:22+00:00,65,0,0,61.25
,43334,2026-03-19T19:01:22+00:00,65,0,0,61.25
,43335,2026-03-19T19:01:22+00:00,65,0,0,61.25
,43336,2026-03-19T19:01:22+00:00,99,0,0,59.59
,43337,2026-03-19T19:01:22+00:00,69,0,0,61.25
,43338,2026-03-19T19:01:22+00:00,69,0,0,54.3
,43339,2026-03-19T19:01:22+00:00,65,0,0,61.25
,43340,2026-03-19T19:01:22+00:00,79,0,0,58.08
,43341,2026-03-19T19:01:22+00:00,59,0,0,75.73
,43342,2026-03-19T19:01:22+00:00,59,0,0,44.47
,43343,2026-03-19T19:01:22+00:00,69,0,0,61.25
,43344,2026-03-19T19:01:22+00:00,59,0,0,61.25
,43345,2026-03-19T19:01:22+00:00,63,0,0,61.25
,43346,2026-03-19T19:01:22+00:00,69,0,0,61.25
,43347,2026-03-19T19:01:22+00:00,59,0,0,61.25
,43348,2026-03-19T19:01:22+00:00,59,0,0,61.25
,43349,2026-03-19T19:01:22+00:00,59,0,0,61.25
,43350,2026-03-19T19:01:22+00:00,65,0,0,61.25
,43351,2026-03-19T19:01:22+00:00,59,0,0,61.25
,43352,2026-03-19T19:01:22+00:00,76,0,0,52.15
,43353,2026-03-19T19:01:22+00:00,69,0,0,54.3
,43354,2026-03-19T19:01:22+00:00,69,0,0,61.25
,43355,2026-03-19T19:01:22+00:00,59,0,0,61.25
,43356,2026-03-19T19:01:22+00:00,59,0,1,34.75
,43357,2026-03-19T19:01:22+00:00,69,0,0,61.25
,43358,2026-03-19T19:01:22+00:00,69,0,0,61.25
,43359,2026-03-19T19:01:22+00:00,69,0,0,61.25
,43360,2026-03-19T19:01:22+00:00,59,0,0,61.25
,43361,2026-03-19T19:01:22+00:00,59,0,0,75.73
,43362,2026-03-19T19:01:22+00:00,59,0,0,61.25
,43363,2026-03-19T19:01:22+00:00,59,0,0,61.25
,43364,2026-03-19T19:01:22+00:00,59,0,0,61.25
,43365,2026-03-19T19:01:22+00:00,59,0,0,61.25
,43366,2026-03-19T19:01:22+00:00,59,0,0,61.25
,43367,2026-03-19T19:01:22+00:00,59,0,0,61.25
,43368,2026-03-19T19:01:22+00:00,55,0,0,61.25
,43369,2026-03-19T19:01:22+00:00,65,0,0,61.25
,43370,2026-03-19T19:01:22+00:00,65,0,0,61.25
,43371,2026-03-19T19:01:22+00:00,65,0,1,34.75
,43372,2026-03-19T19:01:22+00:00,65,0,0,61.25
,43373,2026-03-19T19:01:22+00:00,59,0,0,61.25
,43374,2026-03-19T19:01:22+00:00,59,0,0,61.25
,43375,2026-03-19T19:01:22+00:00,55,0,0,57.98
,43376,2026-03-19T19:01:22+00:00,59,0,0,61.25
,43377,2026-03-19T19:01:22+00:00,59,0,0,61.25
,43378,2026-03-19T19:01:22+00:00,59,0,0,61.25
,43379,2026-03-19T19:01:22+00:00,59,0,0,61.25
,43380,2026-03-19T19:01:22+00:00,73,0,0,61.25
,43381,2026-03-19T19:01:22+00:00,79,0,0,61.25
,43382,2026-03-19T19:01:22+00:00,79,0,0,61.25
,43383,2026-03-19T19:01:22+00:00,84,0,0,61.25
,43384,2026-03-19T19:01:22+00:00,84,0,0,61.25
,43385,2026-03-19T19:01:22+00:00,75,0,0,61.25
,43386,2026-03-19T19:01:22+00:00,79,0,1,34.75
,43387,2026-03-19T19:01:22+00:00,79,0,0,61.25
,43388,2026-03-19T19:01:22+00:00,75,0,0,61.25
,43389,2026-03-19T19:01:22+00:00,79,0,0,61.25
,43390,2026-03-19T19:01:22+00:00,75,0,0,61.25
,43391,2026-03-19T19:01:22+00:00,69,0,0,61.25
,43392,2026-03-19T19:01:22+00:00,69,0,0,61.25
,43393,2026-03-19T19:01:22+00:00,77,0,0,61.25
,43394,2026-03-19T19:01:22+00:00,75,0,0,61.25
,43395,2026-03-19T19:01:22+00:00,74,0,0,61.25
,43396,2026-03-19T19:01:22+00:00,69,0,0,44.47
,43397,2026-03-19T19:01:22+00:00,78,0,0,61.25
,43398,2026-03-19T19:01:22+00:00,69,0,0,61.25
,43399,2026-03-19T19:01:22+00:00,69,0,0,61.25
,43400,2026-03-19T19:01:22+00:00,75,0,0,61.25
,43401,2026-03-19T19:01:22+00:00,69,0,0,61.25
,43402,2026-03-19T19:01:22+00:00,75,0,0,61.25
,43403,2026-03-19T19:01:22+00:00,69,0,0,61.25
,43404,2026-03-19T19:01:22+00:00,79,0,0,61.25
,43405,2026-03-19T19:01:22+00:00,75,0,0,61.25
,43406,2026-03-19T19:01:22+00:00,84,0,0,75.73
,43407,2026-03-19T19:01:22+00:00,69,0,0,44.47
,43408,2026-03-19T19:01:22+00:00,69,0,0,44.47
,43409,2026-03-19T19:01:22+00:00,69,0,0,61.25
,43410,2026-03-19T19:01:22+00:00,75,0,0,61.25
,43411,2026-03-19T19:01:22+00:00,75,0,0,44.47
,43412,2026-03-19T19:01:22+00:00,75,0,0,75.73
,43413,2026-03-19T19:01:22+00:00,68,0,0,61.25
,43414,2026-03-19T19:01:22+00:00,79,0,0,61.25
,43415,2026-03-19T19:01:22+00:00,79,0,0,61.25
,43416,2026-03-19T19:01:22+00:00,79,0,0,61.25
,43417,2026-03-19T19:01:22+00:00,69,0,0,61.25
,43418,2026-03-19T19:01:22+00:00,69,0,0,61.25
,43419,2026-03-19T19:01:22+00:00,75,0,0,61.25
,43420,2026-03-19T19:01:22+00:00,115,0,0,61.25
,43421,2026-03-19T19:01:22+00:00,99,0,0,61.25
,43422,2026-03-19T19:01:22+00:00,112,0,0,61.25
,43423,2026-03-19T19:01:22+00:00,105,0,0,61.25
,43424,2026-03-19T19:01:22+00:00,105,0,0,61.25
,43425,2026-03-19T19:01:22+00:00,129,0,0,72.69
,43426,2026-03-19T19:01:22+00:00,89,0,0,61.25
,43427,2026-03-19T19:01:22+00:00,119,0,0,51.8
,43428,2026-03-19T19:01:22+00:00,109,0,0,61.25
,43429,2026-03-19T19:01:22+00:00,99,0,0,44.47
,43430,2026-03-19T19:01:22+00:00,89,0,0,44.47
,43431,2026-03-19T19:01:22+00:00,89,0,0,61.25
,43432,2026-03-19T19:01:22+00:00,90,0,0,44.47
,43433,2026-03-19T19:01:22+00:00,99,0,0,61.25
,43434,2026-03-19T19:01:22+00:00,95,0,0,61.25
,43435,2026-03-19T19:01:22+00:00,95,0,0,61.25
,43436,2026-03-19T19:01:22+00:00,89,0,0,61.25
,43437,2026-03-19T19:01:22+00:00,99,0,0,61.25
,43438,2026-03-19T19:01:22+00:00,99,0,0,75.73
,43439,2026-03-19T19:01:22+00:00,99,0,0,61.25
,43440,2026-03-19T19:01:22+00:00,85,0,0,44.47
,43441,2026-03-19T19:01:22+00:00,89,0,0,61.25
,43442,2026-03-19T19:01:22+00:00,109,0,0,61.25
,43443,2026-03-19T19:01:22+00:00,89,0,0,61.25
,43444,2026-03-19T19:01:22+00:00,89,0,0,61.25
,43445,2026-03-19T19:01:22+00:00,89,0,0,61.25
,43446,2026-03-19T19:01:22+00:00,100,0,0,61.25
,43447,2026-03-19T19:01:22+00:00,99,0,0,61.25
,43448,2026-03-19T19:01:22+00:00,99,0,0,61.25
,43449,2026-03-19T19:01:22+00:00,85,0,0,61.25
,43450,2026-03-19T19:01:22+00:00,109,0,0,61.25
,43451,2026-03-19T19:01:22+00:00,99,0,0,61.25
,43452,2026-03-19T19:01:22+00:00,89,0,0,61.25
,43453,2026-03-19T19:01:22+00:00,99,0,0,61.25
,43454,2026-03-19T19:01:22+00:00,99,0,0,61.25
,43455,2026-03-19T19:01:22+00:00,89,0,0,61.25
,43456,2026-03-19T19:01:22+00:00,199,0,0,76.96
,43457,2026-03-19T19:01:22+00:00,95,0,0,61.25
,43458,2026-03-19T19:01:22+00:00,99,0,0,61.25
,43459,2026-03-19T19:01:22+00:00,99,0,0,61.25
,43460,2026-03-19T19:01:22+00:00,85,0,0,61.25
,43461,2026-03-19T19:01:22+00:00,99,0,0,61.25
,43462,2026-03-19T19:01:22+00:00,99,0,0,44.47
,43463,2026-03-19T19:01:22+00:00,109,0,0,61.25
,43464,2026-03-19T19:01:22+00:00,109,0,0,61.25
,43465,2026-03-19T19:01:22+00:00,99,0,0,61.25
,43466,2026-03-19T19:01:22+00:00,109,0,0,61.25
,43467,2026-03-19T19:01:22+00:00,165,0,0,61.25
,43468,2026-03-19T19:01:22+00:00,132,0,0,52.42
,43469,2026-03-19T19:01:22+00:00,128,0,0,61.25
,43470,2026-03-19T19:01:22+00:00,119,0,0,75.73
,43471,2026-03-19T19:01:22+00:00,185,0,0,61.25
,43472,2026-03-19T19:01:22+00:00,155,0,0,61.25
,43473,2026-03-19T19:01:22+00:00,159,0,0,61.25
,43474,2026-03-19T19:01:22+00:00,132,0,0,52.42
,43475,2026-03-19T19:01:22+00:00,145,0,0,52.92
,43476,2026-03-19T19:01:22+00:00,145,0,0,52.92
,43477,2026-03-19T19:01:22+00:00,139,0,0,74.6
,43478,2026-03-19T19:01:22+00:00,129,0,0,61.25
,43479,2026-03-19T19:01:22+00:00,129,0,0,61.25
,43480,2026-03-19T19:01:22+00:00,199,0,0,61.25
,43481,2026-03-19T19:01:22+00:00,145,0,0,49.88
,43482,2026-03-19T19:01:22+00:00,199,0,0,44.47
,43483,2026-03-19T19:01:22+00:00,169,0,0,61.25
,43484,2026-03-19T19:01:22+00:00,169,0,0,44.47
,43485,2026-03-19T19:01:22+00:00,115,0,0,61.25
,43486,2026-03-19T19:01:22+00:00,119,0,0,61.25
,43487,2026-03-19T19:01:22+00:00,115,0,0,61.25
,43488,2026-03-19T19:01:22+00:00,119,0,0,75.73
,43489,2026-03-19T19:01:22+00:00,152,0,0,52.98
,43490,2026-03-19T19:01:22+00:00,199,0,0,44.47
,43491,2026-03-19T19:01:22+00:00,199,0,0,61.25
,43492,2026-03-19T19:01:22+00:00,159,0,0,61.25
,43493,2026-03-19T19:01:22+00:00,179,0,0,73.87
,43494,2026-03-19T19:01:22+00:00,199,0,0,61.25
,43495,2026-03-19T19:01:22+00:00,180,0,0,44.47
,43496,2026-03-19T19:01:22+00:00,119,0,0,61.25
,43497,2026-03-19T19:01:22+00:00,129,0,0,61.25
,43498,2026-03-19T19:01:22+00:00,145,0,0,61.25
,43499,2026-03-19T19:01:22+00:00,166,0,0,61.25
,43500,2026-03-19T19:01:22+00:00,139,0,0,75.73
,43501,2026-03-19T19:01:22+00:00,129,0,0,61.25
,43502,2026-03-19T19:01:22+00:00,209,0,0,54.24
,43503,2026-03-19T19:01:22+00:00,165,0,0,61.25
,43504,2026-03-19T19:01:22+00:00,129,0,0,61.25
,43505,2026-03-19T19:01:22+00:00,119,0,0,61.25
,43506,2026-03-19T19:01:22+00:00,179,0,0,44.47
,43507,2026-03-19T19:01:22+00:00,179,0,0,61.25
,43508,2026-03-19T19:01:22+00:00,119,0,0,61.25
,43509,2026-03-19T19:01:22+00:00,119,0,0,61.25
,43510,2026-03-19T19:01:22+00:00,139,0,0,61.25
,43511,2026-03-19T19:01:22+00:00,189,0,0,61.25
,43512,2026-03-19T19:01:22+00:00,160,0,0,44.47
,43513,2026-03-19T19:01:22+00:00,149,0,0,44.47
,43514,2026-03-19T19:01:22+00:00,109,0,0,61.25
,43515,2026-03-19T19:01:22+00:00,349,0,0,61.25
,43516,2026-03-19T19:01:22+00:00,469,0,0,61.25
,43517,2026-03-19T19:01:22+00:00,35,0,0,61.25
,43518,2026-03-19T19:01:22+00:00,52,0,0,61.25
,43519,2026-03-19T19:01:22+00:00,85,0,0,61.25
,43520,2026-03-19T19:01:22+00:00,71,0,0,61.25
,43521,2026-03-19T19:01:22+00:00,79,0,0,61.25
,43522,2026-03-19T19:01:22+00:00,95,0,0,61.25
,43523,2026-03-19T19:01:22+00:00,80,0,0,61.25
,43524,2026-03-19T19:01:22+00:00,89,0,0,61.25
,43525,2026-03-19T19:01:22+00:00,94,0,0,61.25
,43526,2026-03-19T19:01:22+00:00,98,0,0,61.25
,43527,2026-03-19T19:01:22+00:00,139,0,0,61.25
,43528,2026-03-19T19:01:22+00:00,36,0,0,61.25
,43529,2026-03-19T19:01:22+00:00,109,0,0,61.25
,43530,2026-03-19T19:01:22+00:00,52,0,0,61.25
,43531,2026-03-19T19:01:22+00:00,147,0,0,61.25
,43532,2026-03-19T19:01:22+00:00,39,0,0,61.25
,43533,2026-03-19T19:01:22+00:00,61,0,0,44.47
,43534,2026-03-19T19:01:22+00:00,65,0,0,44.47
,43535,2026-03-19T19:01:22+00:00,135,0,0,61.25
,43536,2026-03-19T19:01:22+00:00,24,0,0,44.47
,43537,2026-03-19T19:01:22+00:00,39,0,0,61.25
,43538,2026-03-19T19:01:22+00:00,39,0,0,61.25
,43539,2026-03-19T19:01:22+00:00,49,0,0,61.25
,43540,2026-03-19T19:01:22+00:00,119,0,0,61.25
,43541,2026-03-19T19:01:22+00:00,32,0,0,61.25
,43542,2026-03-19T19:01:22+00:00,44,0,0,75.73
,43543,2026-03-19T19:01:22+00:00,65,0,0,61.25
,43544,2026-03-19T19:01:22+00:00,66,0,0,61.25
,43545,2026-03-19T19:01:22+00:00,49,0,0,61.25
,43546,2026-03-19T19:01:22+00:00,34,0,0,61.25
,43547,2026-03-19T19:01:22+00:00,52,0,0,61.25
,43548,2026-03-19T19:01:22+00:00,509,0,0,44.47
,43549,2026-03-19T19:01:22+00:00,599,0,0,67.94
,43550,2026-03-19T19:01:22+00:00,129,0,0,61.25
,43551,2026-03-19T19:01:22+00:00,229,0,0,61.25
,43552,2026-03-19T19:01:22+00:00,319,0,0,61.25
,43553,2026-03-19T19:01:22+00:00,399,0,0,61.25
,43554,2026-03-19T19:01:22+00:00,179,0,0,61.25
,43555,2026-03-19T19:01:22+00:00,309,0,0,61.25
,43883,2026-03-19T19:01:22+00:00,13,0,0,61.25
,43556,2026-03-19T19:01:22+00:00,175,0,0,61.25
,43557,2026-03-19T19:01:22+00:00,49,0,0,44.47
,43558,2026-03-19T19:01:22+00:00,29,0,0,61.25
,43559,2026-03-19T19:01:22+00:00,49,0,0,61.25
,43560,2026-03-19T19:01:22+00:00,11,0,0,61.25
,43561,2026-03-19T19:01:22+00:00,29,0,0,61.25
,43562,2026-03-19T19:01:22+00:00,150,0,0,44.47
,43563,2026-03-19T19:01:22+00:00,55,0,0,61.25
,43564,2026-03-19T19:01:22+00:00,95,0,0,61.25
,43565,2026-03-19T19:01:22+00:00,13,0,0,61.25
,43566,2026-03-19T19:01:22+00:00,99,0,0,61.25
,43567,2026-03-19T19:01:22+00:00,99,0,0,61.25
,43568,2026-03-19T19:01:22+00:00,99,0,0,61.25
,43569,2026-03-19T19:01:22+00:00,55,0,0,61.25
,43570,2026-03-19T19:01:22+00:00,0,0,0,61.25
,43571,2026-03-19T19:01:22+00:00,69,0,0,61.25
,43572,2026-03-19T19:01:22+00:00,99,0,0,72.95
,43573,2026-03-19T19:01:22+00:00,149,0,0,75.15
,43574,2026-03-19T19:01:22+00:00,799,0,0,65.78
,43575,2026-03-19T19:01:22+00:00,439,0,0,62.85
,43576,2026-03-19T19:01:22+00:00,125,0,0,61.25
,43577,2026-03-19T19:01:22+00:00,129,0,0,61.25
,43578,2026-03-19T19:01:22+00:00,499,0,0,61.25
,43579,2026-03-19T19:01:22+00:00,179,0,0,61.25
,43580,2026-03-19T19:01:22+00:00,229,0,0,61.25
,43581,2026-03-19T19:01:22+00:00,409,0,0,61.25
,43582,2026-03-19T19:01:22+00:00,199,0,0,61.25
,43583,2026-03-19T19:01:22+00:00,159,0,0,61.25
,43584,2026-03-19T19:01:22+00:00,439,0,0,61.25
,43585,2026-03-19T19:01:22+00:00,299,0,0,61.25
,43586,2026-03-19T19:01:22+00:00,119,0,0,61.25
,43587,2026-03-19T19:01:22+00:00,199,0,0,61.25
,43588,2026-03-19T19:01:22+00:00,259,0,0,61.25
,43589,2026-03-19T19:01:22+00:00,599,0,0,61.25
,43590,2026-03-19T19:01:22+00:00,699,0,0,61.25
,43591,2026-03-19T19:01:22+00:00,49,0,0,61.25
,43592,2026-03-19T19:01:22+00:00,49,0,0,61.25
,43593,2026-03-19T19:01:22+00:00,19,0,0,61.25
,43594,2026-03-19T19:01:22+00:00,79,0,0,61.25
,43595,2026-03-19T19:01:22+00:00,85,0,0,61.25
,43596,2026-03-19T19:01:22+00:00,199,0,0,71.82
,43597,2026-03-19T19:01:22+00:00,89,0,0,61.25
,43598,2026-03-19T19:01:22+00:00,179,0,0,61.25
,43599,2026-03-19T19:01:22+00:00,235,0,0,61.25
,43600,2026-03-19T19:01:22+00:00,499,0,0,61.25
,43601,2026-03-19T19:01:22+00:00,229,0,0,61.25
,43605,2026-03-19T19:01:22+00:00,469,0,0,72.74
,43606,2026-03-19T19:01:22+00:00,1359,0,0,58.76
,43607,2026-03-19T19:01:22+00:00,789,0,0,53.58
,43608,2026-03-19T19:01:22+00:00,1199,0,0,59.51
,43609,2026-03-19T19:01:22+00:00,499,0,0,61.25
,43610,2026-03-19T19:01:22+00:00,1679,0,0,61.25
,43611,2026-03-19T19:01:22+00:00,799,0,0,75.73
,43612,2026-03-19T19:01:22+00:00,1359,0,0,68.93
,43613,2026-03-19T19:01:22+00:00,679,0,0,44.47
,43614,2026-03-19T19:01:22+00:00,339,0,0,68.13
,43615,2026-03-19T19:01:22+00:00,239,0,0,61.25
,43616,2026-03-19T19:01:22+00:00,219,0,0,75.73
,43617,2026-03-19T19:01:22+00:00,2499,0,0,73.5
,43618,2026-03-19T19:01:22+00:00,889,0,0,61.25
,43619,2026-03-19T19:01:22+00:00,1499,0,0,56.78
,43621,2026-03-19T19:01:22+00:00,889,0,0,53.46
,43622,2026-03-19T19:01:22+00:00,799,0,0,61.25
,43623,2026-03-19T19:01:22+00:00,1169,0,0,75.73
,43624,2026-03-19T19:01:22+00:00,169,0,0,61.25
,43625,2026-03-19T19:01:22+00:00,339,0,0,61.25
,43626,2026-03-19T19:01:22+00:00,139,0,0,61.25
,43627,2026-03-19T19:01:22+00:00,3499,0,1,34.75
,43628,2026-03-19T19:01:22+00:00,2459,0,0,75.73
,43629,2026-03-19T19:01:22+00:00,4499,0,0,61.25
,43630,2026-03-19T19:01:22+00:00,639,0,0,61.25
,43631,2026-03-19T19:01:22+00:00,1899,0,0,61.25
,43632,2026-03-19T19:01:22+00:00,1929,0,0,61.25
,43633,2026-03-19T19:01:22+00:00,1359,0,0,75.73
,43634,2026-03-19T19:01:22+00:00,1169,0,0,75.73
,43635,2026-03-19T19:01:22+00:00,1189,0,0,75.73
,43636,2026-03-19T19:01:22+00:00,1049,0,0,61.25
,43637,2026-03-19T19:01:22+00:00,5299,0,1,34.75
,43638,2026-03-19T19:01:22+00:00,1469,0,0,61.25
,43639,2026-03-19T19:01:22+00:00,1729,0,0,61.25
,43640,2026-03-19T19:01:22+00:00,2329,0,0,61.25
,43641,2026-03-19T19:01:22+00:00,2369,0,0,61.25
,43642,2026-03-19T19:01:22+00:00,1049,0,0,61.25
,43643,2026-03-19T19:01:22+00:00,979,0,0,61.25
,43644,2026-03-19T19:01:22+00:00,1149,0,0,75.73
,43645,2026-03-19T19:01:22+00:00,1399,0,0,61.25
,43646,2026-03-19T19:01:22+00:00,1129,0,0,61.25
,43647,2026-03-19T19:01:22+00:00,2299,0,0,61.25
,43648,2026-03-19T19:01:22+00:00,909,0,0,75.73
,43649,2026-03-19T19:01:22+00:00,1129,0,0,61.25
,43650,2026-03-19T19:01:22+00:00,2399,0,0,49.89
,43651,2026-03-19T19:01:22+00:00,1199,0,0,66.28
,43652,2026-03-19T19:01:22+00:00,1669,0,0,75.73
,43653,2026-03-19T19:01:22+00:00,1899,0,0,61.25
,43654,2026-03-19T19:01:22+00:00,3449,0,0,61.25
,43655,2026-03-19T19:01:22+00:00,929,0,0,61.25
,43656,2026-03-19T19:01:22+00:00,109,0,0,61.25
,43657,2026-03-19T19:01:22+00:00,159,0,0,61.25
,43658,2026-03-19T19:01:22+00:00,699,0,0,61.25
,43659,2026-03-19T19:01:22+00:00,569,0,0,75.73
,43660,2026-03-19T19:01:22+00:00,749,0,0,61.25
,43661,2026-03-19T19:01:22+00:00,479,0,0,61.25
,43662,2026-03-19T19:01:22+00:00,209,0,0,61.25
,43663,2026-03-19T19:01:22+00:00,169,0,0,75.73
,43664,2026-03-19T19:01:22+00:00,229,0,0,44.47
,43665,2026-03-19T19:01:22+00:00,589,0,0,61.25
,43666,2026-03-19T19:01:22+00:00,205,0,0,61.25
,43667,2026-03-19T19:01:22+00:00,299,0,0,44.47
,43668,2026-03-19T19:01:22+00:00,389,0,0,61.25
,43669,2026-03-19T19:01:22+00:00,329,0,0,61.25
,43670,2026-03-19T19:01:22+00:00,365,0,0,61.25
,43671,2026-03-19T19:01:23+00:00,365,0,0,61.25
,43672,2026-03-19T19:01:23+00:00,389,0,0,61.25
,43673,2026-03-19T19:01:23+00:00,629,0,0,61.25
,43674,2026-03-19T19:01:23+00:00,639,0,0,61.25
,43675,2026-03-19T19:01:23+00:00,759,0,0,61.25
,43676,2026-03-19T19:01:23+00:00,539,0,0,61.25
,43677,2026-03-19T19:01:23+00:00,379,0,0,61.25
,43678,2026-03-19T19:01:23+00:00,175,0,0,75.73
,43679,2026-03-19T19:01:23+00:00,659,0,0,61.25
,43680,2026-03-19T19:01:23+00:00,699,0,0,75.73
,43681,2026-03-19T19:01:23+00:00,185,0,0,61.25
,43682,2026-03-19T19:01:23+00:00,419,0,1,34.75
,43683,2026-03-19T19:01:23+00:00,459,0,0,61.25
,43684,2026-03-19T19:01:23+00:00,369,0,0,75.73
,43685,2026-03-19T19:01:23+00:00,399,0,0,61.25
,43686,2026-03-19T19:01:23+00:00,649,0,0,61.25
,43687,2026-03-19T19:01:23+00:00,749,0,0,61.25
,43688,2026-03-19T19:01:23+00:00,539,0,0,75.73
,43689,2026-03-19T19:01:23+00:00,389,0,0,61.25
,43690,2026-03-19T19:01:23+00:00,299,0,0,61.25
,43691,2026-03-19T19:01:23+00:00,329,0,0,61.25
,43692,2026-03-19T19:01:23+00:00,549,0,0,61.25
,43693,2026-03-19T19:01:23+00:00,359,0,0,61.25
,43694,2026-03-19T19:01:23+00:00,325,0,0,61.25
,43698,2026-03-19T19:01:23+00:00,209,0,0,61.25
,43699,2026-03-19T19:01:23+00:00,379,0,0,44.47
,43700,2026-03-19T19:01:23+00:00,225,0,0,61.25
,43701,2026-03-19T19:01:23+00:00,659,0,0,61.25
,43702,2026-03-19T19:01:23+00:00,329,0,0,44.47
,43703,2026-03-19T19:01:23+00:00,199,0,0,61.25
,43704,2026-03-19T19:01:23+00:00,1369,0,0,44.47
,43705,2026-03-19T19:01:23+00:00,889,0,0,61.25
,43706,2026-03-19T19:01:23+00:00,829,0,0,61.25
,43707,2026-03-19T19:01:23+00:00,895,0,0,61.25
,43708,2026-03-19T19:01:23+00:00,1299,0,0,61.25
,43709,2026-03-19T19:01:23+00:00,799,0,0,44.47
,43710,2026-03-19T19:01:23+00:00,799,0,0,61.25
,43711,2026-03-19T19:01:23+00:00,789,0,0,61.25
,43712,2026-03-19T19:01:23+00:00,1119,0,0,61.25
,43713,2026-03-19T19:01:23+00:00,909,0,0,61.25
,43714,2026-03-19T19:01:23+00:00,919,0,0,61.25
,43715,2026-03-19T19:01:23+00:00,889,0,0,61.25
,43716,2026-03-19T19:01:23+00:00,929,0,0,61.25
,43717,2026-03-19T19:01:23+00:00,1039,0,0,61.25
,43718,2026-03-19T19:01:23+00:00,819,0,0,61.25
,43719,2026-03-19T19:01:23+00:00,799,0,0,61.25
,43720,2026-03-19T19:01:23+00:00,899,0,0,61.25
,43721,2026-03-19T19:01:23+00:00,829,0,0,44.47
,43722,2026-03-19T19:01:23+00:00,899,0,0,61.25
,43723,2026-03-19T19:01:23+00:00,799,0,0,61.25
,43724,2026-03-19T19:01:23+00:00,279,0,0,61.25
,43725,2026-03-19T19:01:23+00:00,649,0,0,61.25
,43726,2026-03-19T19:01:23+00:00,599,0,0,61.25
,43727,2026-03-19T19:01:23+00:00,134,0,0,72.09
,43728,2026-03-19T19:01:23+00:00,299,0,0,62.85
,43729,2026-03-19T19:01:23+00:00,215,0,0,61.25
,43730,2026-03-19T19:01:23+00:00,219,0,0,75.73
,43731,2026-03-19T19:01:23+00:00,79,0,0,61.25
,43732,2026-03-19T19:01:23+00:00,209,0,0,61.25
,43733,2026-03-19T19:01:23+00:00,199,0,0,61.25
,43734,2026-03-19T19:01:23+00:00,259,0,0,61.25
,43735,2026-03-19T19:01:23+00:00,339,0,0,61.25
,43736,2026-03-19T19:01:23+00:00,99,0,0,61.25
,43737,2026-03-19T19:01:23+00:00,349,0,0,61.25
,43738,2026-03-19T19:01:23+00:00,189,0,0,44.47
,43739,2026-03-19T19:01:23+00:00,129,0,0,75.73
,43740,2026-03-19T19:01:23+00:00,89,0,0,75.73
,43741,2026-03-19T19:01:23+00:00,139,0,1,34.75
,43742,2026-03-19T19:01:23+00:00,139,0,1,34.75
,43743,2026-03-19T19:01:23+00:00,199,0,0,61.25
,43745,2026-03-19T19:01:23+00:00,169,0,0,61.25
,43746,2026-03-19T19:01:23+00:00,105,0,0,61.25
,43747,2026-03-19T19:01:23+00:00,195,0,0,61.25
,43748,2026-03-19T19:01:23+00:00,259,0,0,61.25
,43749,2026-03-19T19:01:23+00:00,199,0,0,75.73
,43750,2026-03-19T19:01:23+00:00,379,0,0,61.25
,43751,2026-03-19T19:01:23+00:00,389,0,0,61.25
,43752,2026-03-19T19:01:23+00:00,409,0,0,61.25
,43753,2026-03-19T19:01:23+00:00,419,0,0,61.25
,43754,2026-03-19T19:01:23+00:00,199,0,0,75.73
,43755,2026-03-19T19:01:23+00:00,145,0,0,44.47
,43756,2026-03-19T19:01:23+00:00,369,0,0,44.47
,43757,2026-03-19T19:01:23+00:00,389,0,0,61.25
,43758,2026-03-19T19:01:23+00:00,269,0,0,61.25
,43759,2026-03-19T19:01:23+00:00,299,0,0,44.47
,43760,2026-03-19T19:01:23+00:00,419,0,0,61.25
,43761,2026-03-19T19:01:23+00:00,439,0,0,61.25
,43762,2026-03-19T19:01:23+00:00,109,0,0,75.73
,43763,2026-03-19T19:01:23+00:00,149,0,0,75.73
,43764,2026-03-19T19:01:23+00:00,79,0,0,61.25
,43765,2026-03-19T19:01:23+00:00,135,0,0,75.73
,43766,2026-03-19T19:01:23+00:00,119,0,0,61.25
,43767,2026-03-19T19:01:23+00:00,1349,0,0,61.25
,43768,2026-03-19T19:01:23+00:00,899,0,0,61.25
,43769,2026-03-19T19:01:23+00:00,1109,0,0,44.47
,43770,2026-03-19T19:01:23+00:00,659,0,0,44.47
,43771,2026-03-19T19:01:23+00:00,889,0,0,61.25
,43772,2026-03-19T19:01:23+00:00,849,0,0,61.25
,43773,2026-03-19T19:01:23+00:00,1599,0,0,61.25
,43774,2026-03-19T19:01:23+00:00,649,0,0,61.25
,43775,2026-03-19T19:01:23+00:00,649,0,0,61.25
,43776,2026-03-19T19:01:23+00:00,899,0,0,61.25
,43777,2026-03-19T19:01:23+00:00,1059,0,0,61.25
,43778,2026-03-19T19:01:23+00:00,1699,0,0,61.25
,43779,2026-03-19T19:01:23+00:00,689,0,0,61.25
,43780,2026-03-19T19:01:23+00:00,28,0,0,61.25
,43781,2026-03-19T19:01:23+00:00,115,0,0,61.25
,43782,2026-03-19T19:01:23+00:00,599,0,0,61.25
,43783,2026-03-19T19:01:23+00:00,699,0,0,75.73
,43784,2026-03-19T19:01:23+00:00,309,0,0,61.25
,43785,2026-03-19T19:01:23+00:00,159,0,1,34.75
,43786,2026-03-19T19:01:23+00:00,259,0,0,61.25
,43787,2026-03-19T19:01:23+00:00,385,0,0,61.25
,43788,2026-03-19T19:01:23+00:00,269,0,0,61.25
,43789,2026-03-19T19:01:23+00:00,179,0,0,61.25
,43790,2026-03-19T19:01:23+00:00,258,0,0,61.25
,43792,2026-03-19T19:01:23+00:00,169,0,0,61.25
,43793,2026-03-19T19:01:23+00:00,1099,0,0,61.25
,43794,2026-03-19T19:01:23+00:00,79,0,0,61.25
,43795,2026-03-19T19:01:23+00:00,105,0,0,61.25
,43796,2026-03-19T19:01:23+00:00,139,0,0,61.25
,43797,2026-03-19T19:01:23+00:00,775,0,0,61.25
,43798,2026-03-19T19:01:23+00:00,899,0,0,61.25
,43799,2026-03-19T19:01:23+00:00,129,0,0,61.25
,43800,2026-03-19T19:01:23+00:00,579,0,0,61.25
,43801,2026-03-19T19:01:23+00:00,509,0,0,61.25
,43802,2026-03-19T19:01:23+00:00,229,0,0,61.25
,43803,2026-03-19T19:01:23+00:00,259,0,0,61.25
,43804,2026-03-19T19:01:23+00:00,439,0,0,61.25
,43805,2026-03-19T19:01:23+00:00,499,0,0,61.25
,43806,2026-03-19T19:01:23+00:00,329,0,0,61.25
,43807,2026-03-19T19:01:23+00:00,159,0,0,61.25
,43808,2026-03-19T19:01:23+00:00,179,0,0,61.25
,43809,2026-03-19T19:01:23+00:00,129,0,0,61.25
,43810,2026-03-19T19:01:23+00:00,349,0,0,61.25
,43811,2026-03-19T19:01:23+00:00,169,0,0,61.25
,43812,2026-03-19T19:01:23+00:00,209,0,0,61.25
,43813,2026-03-19T19:01:23+00:00,65,0,0,61.25
,43814,2026-03-19T19:01:23+00:00,59,0,0,61.25
,43815,2026-03-19T19:01:23+00:00,369,0,0,61.25
,43816,2026-03-19T19:01:23+00:00,649,0,0,61.25
,43817,2026-03-19T19:01:23+00:00,129,0,0,61.25
,43818,2026-03-19T19:01:23+00:00,28,0,0,75.73
,43819,2026-03-19T19:01:23+00:00,28,0,0,75.73
,43820,2026-03-19T19:01:23+00:00,28,0,0,61.25
,43821,2026-03-19T19:01:23+00:00,28,0,0,61.25
,43822,2026-03-19T19:01:23+00:00,28,0,0,44.47
,43823,2026-03-19T19:01:23+00:00,28,0,0,75.73
,43824,2026-03-19T19:01:23+00:00,28,0,0,61.25
,43825,2026-03-19T19:01:23+00:00,28,0,0,61.25
,43826,2026-03-19T19:01:23+00:00,27,0,0,61.25
,43827,2026-03-19T19:01:23+00:00,28,0,0,75.73
,43828,2026-03-19T19:01:23+00:00,28,0,0,75.73
,43829,2026-03-19T19:01:23+00:00,28,0,0,61.25
,43830,2026-03-19T19:01:23+00:00,28,0,0,44.47
,43831,2026-03-19T19:01:23+00:00,28,0,0,75.73
,43832,2026-03-19T19:01:23+00:00,28,0,0,75.73
,43833,2026-03-19T19:01:23+00:00,28,0,0,44.47
,43834,2026-03-19T19:01:23+00:00,28,0,0,44.47
,43835,2026-03-19T19:01:23+00:00,28,0,0,61.25
,43836,2026-03-19T19:01:23+00:00,25,0,0,75.73
,43837,2026-03-19T19:01:23+00:00,28,0,0,61.25
,43838,2026-03-19T19:01:23+00:00,28,0,0,61.25
,43839,2026-03-19T19:01:23+00:00,359,0,0,61.25
,43840,2026-03-19T19:01:23+00:00,69,0,0,75.73
,43841,2026-03-19T19:01:23+00:00,69,0,0,61.25
,43842,2026-03-19T19:01:23+00:00,28,0,0,61.25
,43843,2026-03-19T19:01:23+00:00,69,0,0,61.25
,43844,2026-03-19T19:01:23+00:00,69,0,0,44.47
,43845,2026-03-19T19:01:23+00:00,69,0,0,61.25
,43846,2026-03-19T19:01:23+00:00,59,0,0,61.25
,43847,2026-03-19T19:01:23+00:00,38,0,0,61.25
,43848,2026-03-19T19:01:23+00:00,75,0,0,61.25
,43849,2026-03-19T19:01:23+00:00,89,0,0,61.25
,43850,2026-03-19T19:01:23+00:00,35,0,0,61.25
,43851,2026-03-19T19:01:23+00:00,49,0,0,61.25
,43852,2026-03-19T19:01:23+00:00,89,0,0,61.25
,43853,2026-03-19T19:01:23+00:00,95,0,0,75.73
,43854,2026-03-19T19:01:23+00:00,99,0,0,61.25
,43855,2026-03-19T19:01:23+00:00,99,0,1,34.75
,43856,2026-03-19T19:01:23+00:00,99,0,0,61.25
,43857,2026-03-19T19:01:23+00:00,99,0,0,61.25
,43858,2026-03-19T19:01:23+00:00,95,0,0,75.73
,43859,2026-03-19T19:01:23+00:00,119,0,0,61.25
,43860,2026-03-19T19:01:23+00:00,115,0,0,61.25
,43861,2026-03-19T19:01:23+00:00,119,0,0,61.25
,43862,2026-03-19T19:01:23+00:00,109,0,0,61.25
,43863,2026-03-19T19:01:23+00:00,99,0,0,61.25
,43864,2026-03-19T19:01:23+00:00,59,0,0,75.73
,43865,2026-03-19T19:01:23+00:00,45,0,0,61.25
,43866,2026-03-19T19:01:23+00:00,159,0,0,61.25
,43867,2026-03-19T19:01:23+00:00,149,0,0,61.25
,43868,2026-03-19T19:01:23+00:00,145,0,0,61.25
,43869,2026-03-19T19:01:23+00:00,45,0,0,61.25
,43870,2026-03-19T19:01:23+00:00,59,0,0,61.25
,43871,2026-03-19T19:01:23+00:00,69,0,0,61.25
,43872,2026-03-19T19:01:23+00:00,42,0,0,61.25
,43873,2026-03-19T19:01:23+00:00,42,0,0,61.25
,43874,2026-03-19T19:01:23+00:00,42,0,0,61.25
,43875,2026-03-19T19:01:23+00:00,12,0,0,61.25
,43876,2026-03-19T19:01:23+00:00,24,0,0,61.25
,43877,2026-03-19T19:01:23+00:00,39,0,0,61.25
,43878,2026-03-19T19:01:23+00:00,49,0,0,61.25
,43879,2026-03-19T19:01:23+00:00,69,0,0,61.25
,43880,2026-03-19T19:01:23+00:00,49,0,0,61.25
,43881,2026-03-19T19:01:23+00:00,59,0,0,61.25
,43882,2026-03-19T19:01:23+00:00,17,0,0,61.25
,43884,2026-03-19T19:01:23+00:00,19,0,0,61.25
,43885,2026-03-19T19:01:23+00:00,6,0,0,61.25
,43886,2026-03-19T19:01:23+00:00,15,0,0,61.25
,43887,2026-03-19T19:01:23+00:00,17,0,0,61.25
,43888,2026-03-19T19:01:23+00:00,1,0,0,61.25
,43889,2026-03-19T19:01:23+00:00,0,0,0,61.25
,43890,2026-03-19T19:01:23+00:00,1,0,0,61.25
,43891,2026-03-19T19:01:23+00:00,0,0,0,61.25
,43892,2026-03-19T19:01:23+00:00,1,0,0,61.25
,43893,2026-03-19T19:01:23+00:00,4439,0,0,61.25
,43894,2026-03-19T19:01:23+00:00,7799,0,0,61.25
,43895,2026-03-19T19:01:23+00:00,3079,0,0,61.25
,43896,2026-03-19T19:01:23+00:00,4519,0,0,61.25
,43897,2026-03-19T19:01:23+00:00,4915,0,0,61.25
,43898,2026-03-19T19:01:23+00:00,4939,0,0,61.25
,43899,2026-03-19T19:01:23+00:00,5389,0,0,61.25
,43900,2026-03-19T19:01:23+00:00,5549,0,0,61.25
,43901,2026-03-19T19:01:23+00:00,6095,0,0,61.25
,43902,2026-03-19T19:01:23+00:00,7249,0,0,61.25
,43903,2026-03-19T19:01:23+00:00,7599,0,0,61.25
,43904,2026-03-19T19:01:23+00:00,7899,0,0,61.25
,43905,2026-03-19T19:01:23+00:00,8059,0,0,61.25
,43906,2026-03-19T19:01:23+00:00,8259,0,0,61.25
,43907,2026-03-19T19:01:23+00:00,8499,0,0,61.25
,43908,2026-03-19T19:01:23+00:00,8349,0,0,61.25
,43909,2026-03-19T19:01:23+00:00,8459,0,0,61.25
,43910,2026-03-19T19:01:23+00:00,8539,0,0,61.25
,43911,2026-03-19T19:01:23+00:00,7129,0,0,61.25
,43912,2026-03-19T19:01:23+00:00,4199,0,0,61.25
,43913,2026-03-19T19:01:23+00:00,7859,0,0,61.25
,43914,2026-03-19T19:01:23+00:00,8059,0,0,61.25
,43915,2026-03-19T19:01:23+00:00,7499,0,0,61.25
,43916,2026-03-19T19:01:23+00:00,6759,0,0,76.15
,43917,2026-03-19T19:01:23+00:00,3525,0,0,61.25
,43918,2026-03-19T19:01:23+00:00,8639,0,0,75.73
,43919,2026-03-19T19:01:23+00:00,8639,0,0,44.47
,43920,2026-03-19T19:01:23+00:00,7699,0,0,61.25
,43921,2026-03-19T19:01:23+00:00,7599,0,0,61.25
,43922,2026-03-19T19:01:23+00:00,3939,0,0,61.25
,43923,2026-03-19T19:01:23+00:00,5199,0,0,61.25
,43924,2026-03-19T19:01:23+00:00,5779,0,0,61.25
,43925,2026-03-19T19:01:23+00:00,8819,0,0,61.25
,43926,2026-03-19T19:01:23+00:00,7119,0,0,61.25
,43927,2026-03-19T19:01:23+00:00,4019,0,0,61.25
,43928,2026-03-19T19:01:23+00:00,4839,0,0,61.25
,43929,2026-03-19T19:01:23+00:00,6299,0,0,61.25
,43930,2026-03-19T19:01:23+00:00,7299,0,0,61.25
,43931,2026-03-19T19:01:23+00:00,5199,0,0,61.25
,43932,2026-03-19T19:01:23+00:00,5699,0,0,61.25
,43933,2026-03-19T19:01:23+00:00,6439,0,0,61.25
,43934,2026-03-19T19:01:23+00:00,4399,0,0,61.25
,43935,2026-03-19T19:01:23+00:00,6699,0,0,61.25
,43936,2026-03-19T19:01:23+00:00,6999,0,0,75.73
,43937,2026-03-19T19:01:23+00:00,4599,0,0,75.73
,43938,2026-03-19T19:01:23+00:00,5059,0,0,61.25
,43939,2026-03-19T19:01:23+00:00,8299,0,0,61.25
,43940,2026-03-19T19:01:23+00:00,1129,0,0,61.25
,43941,2026-03-19T19:01:23+00:00,68,0,0,61.25
,43942,2026-03-19T19:01:23+00:00,749,0,0,61.25
,43943,2026-03-19T19:01:23+00:00,475,0,0,61.25
,43944,2026-03-19T19:01:23+00:00,31,0,0,61.25
,43945,2026-03-19T19:01:23+00:00,39,0,0,61.25
,43946,2026-03-19T19:01:23+00:00,42,0,0,61.25
,43947,2026-03-19T19:01:23+00:00,55,0,0,61.25
,43948,2026-03-19T19:01:23+00:00,199,0,0,61.25
,43949,2026-03-19T19:01:23+00:00,89,0,0,61.25
,43950,2026-03-19T19:01:23+00:00,699,0,0,61.25
,43951,2026-03-19T19:01:23+00:00,999,0,0,75.73
,43952,2026-03-19T19:01:23+00:00,459,0,0,61.25
,43953,2026-03-19T19:01:23+00:00,299,0,0,61.25
,43954,2026-03-19T19:01:23+00:00,349,0,0,61.25
,43955,2026-03-19T19:01:23+00:00,369,0,0,61.25
,43956,2026-03-19T19:01:23+00:00,369,0,0,61.25
,43957,2026-03-19T19:01:23+00:00,189,0,0,61.25
,43958,2026-03-19T19:01:23+00:00,289,0,0,61.25
,43959,2026-03-19T19:01:23+00:00,229,0,0,61.25
,43960,2026-03-19T19:01:23+00:00,85,0,0,44.47
,43961,2026-03-19T19:01:23+00:00,399,0,0,61.25
,43962,2026-03-19T19:01:23+00:00,399,0,0,61.25
,43963,2026-03-19T19:01:23+00:00,95,0,0,44.47
,43964,2026-03-19T19:01:23+00:00,399,0,0,61.25
,43965,2026-03-19T19:01:23+00:00,399,0,0,61.25
,43966,2026-03-19T19:01:23+00:00,99,0,0,61.25
,43967,2026-03-19T19:01:23+00:00,329,0,0,61.25
,43968,2026-03-19T19:01:23+00:00,279,0,0,44.47
,43969,2026-03-19T19:01:23+00:00,209,0,0,61.25
,43970,2026-03-19T19:01:23+00:00,249,0,0,61.25
,43971,2026-03-19T19:01:23+00:00,249,0,0,61.25
,43972,2026-03-19T19:01:23+00:00,399,0,0,44.47
,43973,2026-03-19T19:01:23+00:00,185,0,0,61.25
,43974,2026-03-19T19:01:23+00:00,279,0,0,75.73
,43975,2026-03-19T19:01:23+00:00,199,0,0,44.47
,43976,2026-03-19T19:01:23+00:00,189,0,0,44.47
,43977,2026-03-19T19:01:23+00:00,259,0,0,61.25
,43978,2026-03-19T19:01:23+00:00,299,0,0,61.25
,43979,2026-03-19T19:01:23+00:00,319,0,0,61.25
,43980,2026-03-19T19:01:23+00:00,339,0,0,61.25
,43981,2026-03-19T19:01:23+00:00,329,0,0,61.25
,43982,2026-03-19T19:01:23+00:00,299,0,0,44.47
,43983,2026-03-19T19:01:23+00:00,189,0,0,61.25
,43984,2026-03-19T19:01:23+00:00,369,0,0,61.25
,43985,2026-03-19T19:01:23+00:00,359,0,0,61.25
,43986,2026-03-19T19:01:23+00:00,199,0,0,61.25
,43987,2026-03-19T19:01:23+00:00,249,0,0,61.25
,43988,2026-03-19T19:01:23+00:00,369,0,0,61.25
,43989,2026-03-19T19:01:23+00:00,309,0,0,61.25
,43990,2026-03-19T19:01:23+00:00,189,0,0,61.25
,43991,2026-03-19T19:01:23+00:00,349,0,0,61.25
,43992,2026-03-19T19:01:23+00:00,239,0,0,61.25
,43993,2026-03-19T19:01:23+00:00,389,0,0,61.25
,43994,2026-03-19T19:01:23+00:00,389,0,0,61.25
,43995,2026-03-19T19:01:23+00:00,179,0,0,75.73
,43996,2026-03-19T19:01:23+00:00,185,0,0,61.25
,43997,2026-03-19T19:01:23+00:00,209,0,0,61.25
,43998,2026-03-19T19:01:23+00:00,269,0,0,61.25
,43999,2026-03-19T19:01:23+00:00,329,0,0,61.25
,44000,2026-03-19T19:01:23+00:00,279,0,0,61.25
,44001,2026-03-19T19:01:23+00:00,299,0,0,44.47
,44002,2026-03-19T19:01:23+00:00,449,0,0,61.25
,44003,2026-03-19T19:01:23+00:00,499,0,0,75.73
,44004,2026-03-19T19:01:23+00:00,479,0,0,61.25
,44005,2026-03-19T19:01:23+00:00,509,0,0,61.25
,44006,2026-03-19T19:01:23+00:00,569,0,0,61.25
,44007,2026-03-19T19:01:23+00:00,649,0,0,61.25
,44008,2026-03-19T19:01:23+00:00,559,0,0,75.73
,44009,2026-03-19T19:01:23+00:00,489,0,0,61.25
,44010,2026-03-19T19:01:23+00:00,499,0,0,61.25
,44011,2026-03-19T19:01:23+00:00,569,0,0,61.25
,44012,2026-03-19T19:01:23+00:00,459,0,0,61.25
,44013,2026-03-19T19:01:23+00:00,399,0,0,44.47
,44014,2026-03-19T19:01:23+00:00,599,0,0,61.25
,44015,2026-03-19T19:01:23+00:00,399,0,0,61.25
,44016,2026-03-19T19:01:23+00:00,489,0,0,61.25
,44017,2026-03-19T19:01:23+00:00,589,0,0,61.25
,44018,2026-03-19T19:01:23+00:00,599,0,0,61.25
,44019,2026-03-19T19:01:23+00:00,599,0,0,61.25
,44020,2026-03-19T19:01:23+00:00,559,0,0,61.25
,44021,2026-03-19T19:01:23+00:00,629,0,0,61.25
,44022,2026-03-19T19:01:23+00:00,529,0,0,61.25
,44023,2026-03-19T19:01:23+00:00,619,0,0,61.25
,44024,2026-03-19T19:01:23+00:00,549,0,0,61.25
,44025,2026-03-19T19:01:23+00:00,549,0,0,61.25
,44026,2026-03-19T19:01:23+00:00,569,0,0,61.25
,44027,2026-03-19T19:01:23+00:00,589,0,0,61.25
,44028,2026-03-19T19:01:23+00:00,569,0,0,61.25
,44029,2026-03-19T19:01:23+00:00,459,0,0,61.25
,44030,2026-03-19T19:01:23+00:00,519,0,0,61.25
,44031,2026-03-19T19:01:23+00:00,485,0,0,61.25
,44032,2026-03-19T19:01:23+00:00,419,0,0,75.73
,44033,2026-03-19T19:01:23+00:00,499,0,0,61.25
,44034,2026-03-19T19:01:23+00:00,499,0,0,61.25
,44035,2026-03-19T19:01:23+00:00,599,0,0,61.25
,44036,2026-03-19T19:01:23+00:00,539,0,0,61.25
,44037,2026-03-19T19:01:23+00:00,469,0,0,61.25
,44038,2026-03-19T19:01:23+00:00,509,0,0,61.25
,44039,2026-03-19T19:01:23+00:00,659,0,0,61.25
,44040,2026-03-19T19:01:23+00:00,469,0,0,61.25
,44041,2026-03-19T19:01:23+00:00,399,0,0,61.25
,44042,2026-03-19T19:01:23+00:00,549,0,0,61.25
,44043,2026-03-19T19:01:23+00:00,399,0,0,61.25
,44044,2026-03-19T19:01:23+00:00,459,0,0,44.47
,44045,2026-03-19T19:01:23+00:00,399,0,0,61.25
,44046,2026-03-19T19:01:23+00:00,399,0,0,61.25
,44047,2026-03-19T19:01:23+00:00,489,0,0,61.25
,44048,2026-03-19T19:01:23+00:00,599,0,0,61.25
,44049,2026-03-19T19:01:23+00:00,819,0,0,61.25
,44050,2026-03-19T19:01:23+00:00,1319,0,0,61.25
,44051,2026-03-19T19:01:23+00:00,1265,0,0,61.25
,44052,2026-03-19T19:01:23+00:00,1239,0,0,61.25
,44053,2026-03-19T19:01:23+00:00,1219,0,0,61.25
,44054,2026-03-19T19:01:23+00:00,1129,0,0,61.25
,44055,2026-03-19T19:01:23+00:00,669,0,0,44.47
,44056,2026-03-19T19:01:23+00:00,829,0,0,61.25
,44057,2026-03-19T19:01:23+00:00,1199,0,0,61.25
,44237,2026-03-19T19:01:23+00:00,49,0,0,61.25
,44058,2026-03-19T19:01:23+00:00,1180,0,0,75.73
,44059,2026-03-19T19:01:23+00:00,819,0,0,61.25
,44060,2026-03-19T19:01:23+00:00,829,0,0,61.25
,44061,2026-03-19T19:01:23+00:00,869,0,0,61.25
,44062,2026-03-19T19:01:23+00:00,699,0,0,61.25
,44063,2026-03-19T19:01:23+00:00,749,0,0,61.25
,44064,2026-03-19T19:01:23+00:00,759,0,0,61.25
,44065,2026-03-19T19:01:23+00:00,709,0,0,61.25
,44066,2026-03-19T19:01:23+00:00,1129,0,0,61.25
,44067,2026-03-19T19:01:23+00:00,1299,0,0,61.25
,44068,2026-03-19T19:01:23+00:00,1099,0,0,75.73
,44069,2026-03-19T19:01:23+00:00,809,0,0,61.25
,44070,2026-03-19T19:01:23+00:00,729,0,0,61.25
,44071,2026-03-19T19:01:23+00:00,899,0,0,61.25
,44072,2026-03-19T19:01:23+00:00,769,0,0,61.25
,44073,2026-03-19T19:01:23+00:00,1399,0,0,61.25
,44074,2026-03-19T19:01:23+00:00,1149,0,0,61.25
,44075,2026-03-19T19:01:23+00:00,729,0,0,61.25
,44076,2026-03-19T19:01:23+00:00,1399,0,0,61.25
,44077,2026-03-19T19:01:23+00:00,859,0,0,61.25
,44078,2026-03-19T19:01:23+00:00,679,0,0,61.25
,44079,2026-03-19T19:01:23+00:00,1069,0,0,61.25
,44080,2026-03-19T19:01:23+00:00,899,0,0,61.25
,44081,2026-03-19T19:01:23+00:00,739,0,0,61.25
,44082,2026-03-19T19:01:23+00:00,669,0,0,61.25
,44083,2026-03-19T19:01:23+00:00,1199,0,0,61.25
,44084,2026-03-19T19:01:23+00:00,969,0,0,61.25
,44085,2026-03-19T19:01:23+00:00,719,0,0,44.47
,44086,2026-03-19T19:01:23+00:00,679,0,0,61.25
,44087,2026-03-19T19:01:23+00:00,1019,0,0,61.25
,44088,2026-03-19T19:01:23+00:00,889,0,0,61.25
,44089,2026-03-19T19:01:23+00:00,749,0,0,61.25
,44090,2026-03-19T19:01:23+00:00,729,0,0,61.25
,44091,2026-03-19T19:01:23+00:00,1089,0,0,61.25
,44092,2026-03-19T19:01:23+00:00,1479,0,0,61.25
,44093,2026-03-19T19:01:23+00:00,1729,0,0,61.25
,44094,2026-03-19T19:01:23+00:00,1539,0,0,61.25
,44095,2026-03-19T19:01:23+00:00,1459,0,0,61.25
,44096,2026-03-19T19:01:23+00:00,1899,0,0,61.25
,44097,2026-03-19T19:01:23+00:00,1539,0,0,61.25
,44098,2026-03-19T19:01:23+00:00,1699,0,0,61.25
,44099,2026-03-19T19:01:23+00:00,1719,0,0,61.25
,44100,2026-03-19T19:01:23+00:00,2599,0,0,61.25
,44101,2026-03-19T19:01:23+00:00,2709,0,0,61.25
,44102,2026-03-19T19:01:23+00:00,1639,0,0,61.25
,44103,2026-03-19T19:01:23+00:00,1749,0,0,61.25
,44104,2026-03-19T19:01:23+00:00,1679,0,0,61.25
,44105,2026-03-19T19:01:23+00:00,1509,0,0,61.25
,44106,2026-03-19T19:01:23+00:00,1669,0,0,61.25
,44107,2026-03-19T19:01:23+00:00,1449,0,0,61.25
,44108,2026-03-19T19:01:23+00:00,2369,0,0,61.25
,44109,2026-03-19T19:01:23+00:00,1429,0,0,61.25
,44110,2026-03-19T19:01:23+00:00,1699,0,0,61.25
,44111,2026-03-19T19:01:23+00:00,1629,0,0,61.25
,44112,2026-03-19T19:01:23+00:00,1539,0,0,61.25
,44113,2026-03-19T19:01:23+00:00,1499,0,0,61.25
,44114,2026-03-19T19:01:23+00:00,22,0,0,61.25
,44115,2026-03-19T19:01:23+00:00,12,0,0,75.73
,44116,2026-03-19T19:01:23+00:00,12,0,0,75.73
,44117,2026-03-19T19:01:23+00:00,12,0,0,75.73
,44118,2026-03-19T19:01:23+00:00,16,0,0,75.73
,44119,2026-03-19T19:01:23+00:00,14,0,0,75.73
,44120,2026-03-19T19:01:23+00:00,16,0,0,61.25
,44121,2026-03-19T19:01:23+00:00,13,0,0,61.25
,44122,2026-03-19T19:01:23+00:00,11,0,0,44.47
,44123,2026-03-19T19:01:23+00:00,19,0,0,75.73
,44124,2026-03-19T19:01:23+00:00,12,0,0,75.73
,44125,2026-03-19T19:01:23+00:00,11,0,0,61.25
,44126,2026-03-19T19:01:23+00:00,12,0,0,56.24
,44127,2026-03-19T19:01:23+00:00,29,0,0,61.25
,44128,2026-03-19T19:01:23+00:00,10,0,0,61.25
,44129,2026-03-19T19:01:23+00:00,15,0,0,61.25
,44130,2026-03-19T19:01:23+00:00,15,0,0,61.25
,44131,2026-03-19T19:01:23+00:00,19,0,0,49.68
,44132,2026-03-19T19:01:23+00:00,18,0,0,44.47
,44133,2026-03-19T19:01:23+00:00,15,0,0,55.06
,44134,2026-03-19T19:01:23+00:00,18,0,0,44.47
,44135,2026-03-19T19:01:23+00:00,23,0,0,61.25
,44136,2026-03-19T19:01:23+00:00,27,0,0,61.25
,44137,2026-03-19T19:01:23+00:00,25,0,0,44.47
,44138,2026-03-19T19:01:23+00:00,27,0,0,61.25
,44139,2026-03-19T19:01:23+00:00,14,0,0,75.73
,44140,2026-03-19T19:01:23+00:00,11,0,0,61.25
,44141,2026-03-19T19:01:23+00:00,8,0,0,75.73
,44142,2026-03-19T19:01:23+00:00,16,0,0,57.47
,44143,2026-03-19T19:01:23+00:00,14,0,0,61.25
,44144,2026-03-19T19:01:23+00:00,9,0,0,44.47
,44145,2026-03-19T19:01:23+00:00,9,0,0,75.73
,44146,2026-03-19T19:01:23+00:00,10,0,0,57.15
,44147,2026-03-19T19:01:23+00:00,19,0,0,44.47
,44148,2026-03-19T19:01:23+00:00,19,0,0,75.73
,44149,2026-03-19T19:01:23+00:00,19,0,0,75.73
,44150,2026-03-19T19:01:23+00:00,14,0,0,75.73
,44151,2026-03-19T19:01:23+00:00,17,0,0,61.25
,44152,2026-03-19T19:01:23+00:00,16,0,0,75.73
,44153,2026-03-19T19:01:23+00:00,18,0,0,44.47
,44154,2026-03-19T19:01:23+00:00,16,0,0,61.25
,44155,2026-03-19T19:01:23+00:00,11,0,0,61.25
,44156,2026-03-19T19:01:23+00:00,13,0,0,61.25
,44157,2026-03-19T19:01:23+00:00,15,0,0,44.47
,44158,2026-03-19T19:01:23+00:00,39,0,0,61.25
,44159,2026-03-19T19:01:23+00:00,39,0,0,61.25
,44160,2026-03-19T19:01:23+00:00,123,0,0,44.47
,44161,2026-03-19T19:01:23+00:00,31,0,0,61.25
,44162,2026-03-19T19:01:23+00:00,42,0,0,61.25
,44163,2026-03-19T19:01:23+00:00,44,0,0,75.73
,44164,2026-03-19T19:01:23+00:00,36,0,0,61.25
,44165,2026-03-19T19:01:23+00:00,73,0,1,51.25
,44166,2026-03-19T19:01:23+00:00,45,0,0,61.25
,44167,2026-03-19T19:01:23+00:00,179,0,0,44.47
,44168,2026-03-19T19:01:23+00:00,45,0,0,61.25
,44169,2026-03-19T19:01:23+00:00,89,0,0,44.47
,44170,2026-03-19T19:01:23+00:00,62,0,0,61.25
,44171,2026-03-19T19:01:23+00:00,67,0,0,61.25
,44172,2026-03-19T19:01:23+00:00,44,0,0,61.25
,44173,2026-03-19T19:01:23+00:00,489,0,0,61.25
,44174,2026-03-19T19:01:23+00:00,259,0,0,44.47
,44175,2026-03-19T19:01:23+00:00,69,0,0,47.54
,44176,2026-03-19T19:01:23+00:00,29,0,0,61.25
,44177,2026-03-19T19:01:23+00:00,32,0,0,61.25
,44178,2026-03-19T19:01:23+00:00,32,0,0,61.25
,44179,2026-03-19T19:01:23+00:00,209,0,0,61.25
,44180,2026-03-19T19:01:23+00:00,33,0,0,61.25
,44181,2026-03-19T19:01:23+00:00,31,0,0,61.25
,44182,2026-03-19T19:01:23+00:00,39,0,0,61.25
,44183,2026-03-19T19:01:23+00:00,119,0,0,71.84
,44184,2026-03-19T19:01:23+00:00,23,0,0,83.73
,44185,2026-03-19T19:01:23+00:00,16,0,0,75.73
,44186,2026-03-19T19:01:23+00:00,69,0,0,44.47
,44187,2026-03-19T19:01:23+00:00,34,0,0,75.73
,44188,2026-03-19T19:01:23+00:00,29,0,0,61.25
,44189,2026-03-19T19:01:23+00:00,69,0,0,61.25
,44190,2026-03-19T19:01:23+00:00,9,0,0,61.25
,44191,2026-03-19T19:01:23+00:00,11,0,0,61.25
,44192,2026-03-19T19:01:23+00:00,45,0,0,61.25
,44193,2026-03-19T19:01:23+00:00,11,0,0,61.25
,44194,2026-03-19T19:01:23+00:00,12,0,0,61.25
,44195,2026-03-19T19:01:23+00:00,219,0,0,61.25
,44196,2026-03-19T19:01:23+00:00,27,0,0,75.73
,44197,2026-03-19T19:01:23+00:00,8,0,0,61.25
,44198,2026-03-19T19:01:23+00:00,79,0,0,61.25
,44199,2026-03-19T19:01:23+00:00,26,0,0,61.25
,44200,2026-03-19T19:01:23+00:00,27,0,0,61.25
,44201,2026-03-19T19:01:23+00:00,26,0,0,61.25
,44202,2026-03-19T19:01:23+00:00,27,0,0,61.25
,44203,2026-03-19T19:01:23+00:00,19,0,0,44.47
,44204,2026-03-19T19:01:23+00:00,37,0,0,44.47
,44205,2026-03-19T19:01:23+00:00,25,0,0,61.25
,44206,2026-03-19T19:01:23+00:00,10,0,0,44.47
,44207,2026-03-19T19:01:23+00:00,25,0,0,61.25
,44208,2026-03-19T19:01:23+00:00,34,0,0,61.25
,44209,2026-03-19T19:01:23+00:00,34,0,0,61.25
,44210,2026-03-19T19:01:23+00:00,8,0,0,61.25
,44211,2026-03-19T19:01:23+00:00,89,0,0,61.25
,44212,2026-03-19T19:01:23+00:00,32,0,0,61.25
,44213,2026-03-19T19:01:23+00:00,69,0,0,61.25
,44214,2026-03-19T19:01:23+00:00,14,0,0,75.73
,44215,2026-03-19T19:01:23+00:00,10,0,0,75.73
,44216,2026-03-19T19:01:23+00:00,13,0,0,61.25
,44217,2026-03-19T19:01:23+00:00,11,0,0,75.73
,44218,2026-03-19T19:01:23+00:00,39,0,0,61.25
,44219,2026-03-19T19:01:23+00:00,35,0,0,61.25
,44220,2026-03-19T19:01:23+00:00,65,0,0,44.47
,44221,2026-03-19T19:01:23+00:00,67,0,0,61.25
,44222,2026-03-19T19:01:23+00:00,44,0,0,75.73
,44223,2026-03-19T19:01:23+00:00,59,0,0,61.25
,44224,2026-03-19T19:01:23+00:00,99,0,0,61.25
,44225,2026-03-19T19:01:23+00:00,159,0,0,61.25
,44226,2026-03-19T19:01:23+00:00,23,0,0,61.25
,44227,2026-03-19T19:01:23+00:00,29,0,0,44.47
,44228,2026-03-19T19:01:23+00:00,19,0,0,61.25
,44229,2026-03-19T19:01:23+00:00,15,0,0,61.25
,44230,2026-03-19T19:01:23+00:00,37,0,0,61.25
,44231,2026-03-19T19:01:23+00:00,59,0,0,75.73
,44232,2026-03-19T19:01:23+00:00,89,0,0,62.85
,44233,2026-03-19T19:01:23+00:00,59,0,0,75.73
,44234,2026-03-19T19:01:23+00:00,59,0,0,61.25
,44235,2026-03-19T19:01:23+00:00,49,0,0,61.25
,44236,2026-03-19T19:01:23+00:00,49,0,0,61.25
,44238,2026-03-19T19:01:23+00:00,49,0,0,61.25
,44239,2026-03-19T19:01:23+00:00,38,0,0,44.47
,44240,2026-03-19T19:01:23+00:00,38,0,0,44.47
,44241,2026-03-19T19:01:23+00:00,38,0,0,61.25
,44242,2026-03-19T19:01:23+00:00,38,0,0,61.25
,44243,2026-03-19T19:01:23+00:00,37,0,0,61.25
,44244,2026-03-19T19:01:23+00:00,37,0,0,61.25
,44245,2026-03-19T19:01:23+00:00,49,0,0,76.59
,44246,2026-03-19T19:01:23+00:00,49,0,0,76.59
,44247,2026-03-19T19:01:23+00:00,49,0,0,76.59
,44248,2026-03-19T19:01:23+00:00,49,0,0,76.59
,44249,2026-03-19T19:01:23+00:00,49,0,0,76.59
,44250,2026-03-19T19:01:23+00:00,49,0,0,76.59
,44251,2026-03-19T19:01:23+00:00,49,0,0,76.59
,44252,2026-03-19T19:01:23+00:00,35,0,0,61.25
,44253,2026-03-19T19:01:23+00:00,35,0,0,61.25
,44254,2026-03-19T19:01:23+00:00,35,0,0,61.25
,44255,2026-03-19T19:01:23+00:00,39,0,0,61.25
,44256,2026-03-19T19:01:23+00:00,39,0,0,61.25
,44257,2026-03-19T19:01:23+00:00,39,0,0,75.73
,44258,2026-03-19T19:01:23+00:00,39,0,0,61.25
,44259,2026-03-19T19:01:23+00:00,59,0,0,62.34
,44260,2026-03-19T19:01:23+00:00,59,0,0,62.34
,44261,2026-03-19T19:01:23+00:00,59,0,0,62.34
,44262,2026-03-19T19:01:23+00:00,59,0,0,62.34
,44263,2026-03-19T19:01:23+00:00,59,0,0,62.34
,44264,2026-03-19T19:01:23+00:00,59,0,0,62.34
,44265,2026-03-19T19:01:23+00:00,38,0,0,61.25
,44266,2026-03-19T19:01:23+00:00,38,0,0,61.25
,44267,2026-03-19T19:01:23+00:00,38,0,0,61.25
,44268,2026-03-19T19:01:23+00:00,38,0,0,61.25
,44269,2026-03-19T19:01:23+00:00,38,0,0,61.25
,44270,2026-03-19T19:01:23+00:00,38,0,0,61.25
,44271,2026-03-19T19:01:23+00:00,51,0,0,61.25
,44272,2026-03-19T19:01:23+00:00,51,0,0,61.25
,44273,2026-03-19T19:01:23+00:00,51,0,0,61.25
,44274,2026-03-19T19:01:23+00:00,49,0,0,61.25
,44275,2026-03-19T19:01:23+00:00,49,0,0,61.25
,44276,2026-03-19T19:01:23+00:00,299,0,0,70.81
,44277,2026-03-19T19:01:23+00:00,85,0,0,75.73
,44278,2026-03-19T19:01:23+00:00,85,0,0,61.25
,44279,2026-03-19T19:01:23+00:00,99,0,0,61.25
,44280,2026-03-19T19:01:23+00:00,99,0,0,44.47
,44281,2026-03-19T19:01:23+00:00,99,0,0,61.25
,44282,2026-03-19T19:01:23+00:00,99,0,0,61.25
,44283,2026-03-19T19:01:23+00:00,99,0,0,61.25
,44284,2026-03-19T19:01:23+00:00,59,0,0,61.25
,44285,2026-03-19T19:01:23+00:00,85,0,0,61.25
,44286,2026-03-19T19:01:23+00:00,85,0,0,61.25
,44287,2026-03-19T19:01:23+00:00,69,0,0,61.25
,44288,2026-03-19T19:01:23+00:00,69,0,0,61.25
,44289,2026-03-19T19:01:23+00:00,69,0,0,61.25
,44290,2026-03-19T19:01:23+00:00,99,0,0,61.25
,44291,2026-03-19T19:01:23+00:00,99,0,0,61.25
,44292,2026-03-19T19:01:23+00:00,69,0,0,75.73
,44293,2026-03-19T19:01:23+00:00,79,0,0,61.25
,44294,2026-03-19T19:01:23+00:00,349,0,0,68.04
,44295,2026-03-19T19:01:23+00:00,179,0,0,61.25
,44296,2026-03-19T19:01:23+00:00,179,0,0,61.25
,44297,2026-03-19T19:01:23+00:00,199,0,0,61.25
,44298,2026-03-19T19:01:23+00:00,289,0,0,61.25
,44299,2026-03-19T19:01:23+00:00,339,0,0,75.73
,44300,2026-03-19T19:01:23+00:00,339,0,0,75.73
,44301,2026-03-19T19:01:23+00:00,265,0,0,61.25
,44302,2026-03-19T19:01:23+00:00,319,0,0,61.25
,44303,2026-03-19T19:01:23+00:00,319,0,0,61.25
,44304,2026-03-19T19:01:23+00:00,319,0,0,61.25
,44305,2026-03-19T19:01:23+00:00,269,0,0,61.25
,44306,2026-03-19T19:01:23+00:00,269,0,0,61.25
,44307,2026-03-19T19:01:23+00:00,229,0,0,68.09
,44308,2026-03-19T19:01:23+00:00,229,0,0,68.09
,44309,2026-03-19T19:01:23+00:00,229,0,0,68.09
,44310,2026-03-19T19:01:23+00:00,179,0,0,61.25
,44311,2026-03-19T19:01:23+00:00,199,0,0,61.25
,44312,2026-03-19T19:01:23+00:00,259,0,0,44.47
,44313,2026-03-19T19:01:23+00:00,259,0,0,44.47
,44314,2026-03-19T19:01:23+00:00,259,0,0,44.47
,44315,2026-03-19T19:01:23+00:00,259,0,0,44.47
,44316,2026-03-19T19:01:23+00:00,339,0,0,61.25
,44317,2026-03-19T19:01:23+00:00,259,0,0,61.25
,44318,2026-03-19T19:01:23+00:00,299,0,0,61.25
,44319,2026-03-19T19:01:23+00:00,299,0,0,61.25
,44320,2026-03-19T19:01:23+00:00,299,0,0,61.25
,44321,2026-03-19T19:01:23+00:00,339,0,0,75.73
,44322,2026-03-19T19:01:23+00:00,339,0,0,61.25
,44323,2026-03-19T19:01:23+00:00,339,0,0,61.25
,44324,2026-03-19T19:01:23+00:00,289,0,0,61.25
,44325,2026-03-19T19:01:23+00:00,199,0,0,61.25
,44326,2026-03-19T19:01:23+00:00,329,0,0,61.25
,44327,2026-03-19T19:01:23+00:00,329,0,0,61.25
,44328,2026-03-19T19:01:23+00:00,159,0,0,61.25
,44329,2026-03-19T19:01:23+00:00,159,0,0,61.25
,44330,2026-03-19T19:01:23+00:00,219,0,0,61.25
,44331,2026-03-19T19:01:23+00:00,219,0,0,61.25
,44332,2026-03-19T19:01:23+00:00,289,0,0,75.73
,44333,2026-03-19T19:01:23+00:00,289,0,0,61.25
,44334,2026-03-19T19:01:23+00:00,59,0,0,75.73
,44335,2026-03-19T19:01:23+00:00,539,0,0,55.13
,44336,2026-03-19T19:01:23+00:00,419,0,0,61.25
,44337,2026-03-19T19:01:23+00:00,499,0,0,72.9
,44338,2026-03-19T19:01:23+00:00,459,0,0,61.25
,44339,2026-03-19T19:01:23+00:00,459,0,0,61.25
,44340,2026-03-19T19:01:23+00:00,369,0,0,61.25
,44341,2026-03-19T19:01:23+00:00,369,0,0,61.25
,44342,2026-03-19T19:01:23+00:00,429,0,0,75.73
,44343,2026-03-19T19:01:23+00:00,429,0,0,61.25
,44344,2026-03-19T19:01:23+00:00,429,0,0,61.25
,44345,2026-03-19T19:01:23+00:00,429,0,0,61.25
,44346,2026-03-19T19:01:23+00:00,469,0,0,61.25
,44347,2026-03-19T19:01:23+00:00,469,0,0,61.25
,44348,2026-03-19T19:01:23+00:00,469,0,0,61.25
,44349,2026-03-19T19:01:23+00:00,359,0,0,61.25
,44350,2026-03-19T19:01:23+00:00,449,0,0,61.25
,44351,2026-03-19T19:01:23+00:00,449,0,0,61.25
,44352,2026-03-19T19:01:23+00:00,449,0,0,61.25
,44353,2026-03-19T19:01:23+00:00,449,0,0,61.25
,44354,2026-03-19T19:01:23+00:00,479,0,0,61.25
,44355,2026-03-19T19:01:23+00:00,479,0,0,61.25
,44356,2026-03-19T19:01:23+00:00,399,0,0,61.25
,44357,2026-03-19T19:01:23+00:00,399,0,0,61.25
,44358,2026-03-19T19:01:23+00:00,379,0,0,61.25
,44359,2026-03-19T19:01:23+00:00,379,0,0,61.25
,44360,2026-03-19T19:01:23+00:00,419,0,0,61.25
,44361,2026-03-19T19:01:23+00:00,359,0,0,61.25
,44362,2026-03-19T19:01:23+00:00,419,0,0,61.25
,44363,2026-03-19T19:01:23+00:00,419,0,0,61.25
,44364,2026-03-19T19:01:23+00:00,419,0,0,61.25
,44365,2026-03-19T19:01:23+00:00,419,0,0,61.25
,44366,2026-03-19T19:01:23+00:00,419,0,0,61.25
,44367,2026-03-19T19:01:23+00:00,419,0,0,61.25
,44368,2026-03-19T19:01:23+00:00,479,0,0,75.73
,44369,2026-03-19T19:01:23+00:00,499,0,0,83.4
,44370,2026-03-19T19:01:23+00:00,419,0,0,61.25
,44371,2026-03-19T19:01:23+00:00,379,0,0,61.25
,44372,2026-03-19T19:01:23+00:00,379,0,0,61.25
,44373,2026-03-19T19:01:23+00:00,379,0,0,61.25
,44374,2026-03-19T19:01:23+00:00,429,0,0,61.25
,44375,2026-03-19T19:01:23+00:00,429,0,0,61.25
,44376,2026-03-19T19:01:23+00:00,429,0,0,61.25
,44377,2026-03-19T19:01:23+00:00,469,0,0,61.25
,44378,2026-03-19T19:01:23+00:00,419,0,0,61.25
,44379,2026-03-19T19:01:23+00:00,699,0,0,70.5
,44380,2026-03-19T19:01:23+00:00,499,0,0,61.25
,44381,2026-03-19T19:01:23+00:00,649,0,0,54.65
,44382,2026-03-19T19:01:23+00:00,549,0,0,61.25
,44383,2026-03-19T19:01:23+00:00,549,0,0,68.23
,44384,2026-03-19T19:01:23+00:00,549,0,0,68.23
,44385,2026-03-19T19:01:23+00:00,599,0,0,70.8
,44386,2026-03-19T19:01:23+00:00,599,0,0,70.8
,44387,2026-03-19T19:01:23+00:00,599,0,0,70.8
,44388,2026-03-19T19:01:23+00:00,599,0,0,61.25
,44389,2026-03-19T19:01:23+00:00,599,0,0,61.25
,44390,2026-03-19T19:01:23+00:00,499,0,0,61.25
,44391,2026-03-19T19:01:23+00:00,499,0,0,61.25
,44392,2026-03-19T19:01:23+00:00,599,0,0,61.25
,44393,2026-03-19T19:01:23+00:00,499,0,0,61.25
,44394,2026-03-19T19:01:23+00:00,729,0,0,71.95
,44395,2026-03-19T19:01:23+00:00,529,0,0,66.9
,44396,2026-03-19T19:01:23+00:00,529,0,0,66.9
,44397,2026-03-19T19:01:23+00:00,529,0,0,50.59
,44398,2026-03-19T19:01:23+00:00,599,0,0,67.94
,44399,2026-03-19T19:01:23+00:00,559,0,0,75.73
,44400,2026-03-19T19:01:23+00:00,559,0,0,61.25
,44401,2026-03-19T19:01:23+00:00,559,0,0,61.25
,44402,2026-03-19T19:01:23+00:00,529,0,0,50.59
,44403,2026-03-19T19:01:23+00:00,549,0,0,61.25
,44404,2026-03-19T19:01:23+00:00,549,0,0,75.73
,44405,2026-03-19T19:01:23+00:00,549,0,0,61.25
,44406,2026-03-19T19:01:23+00:00,549,0,0,61.25
,44407,2026-03-19T19:01:23+00:00,559,0,0,61.25
,44408,2026-03-19T19:01:23+00:00,559,0,0,61.25
,44409,2026-03-19T19:01:23+00:00,529,0,0,61.25
,44410,2026-03-19T19:01:23+00:00,529,0,0,61.25
,44411,2026-03-19T19:01:23+00:00,499,0,0,61.25
,44412,2026-03-19T19:01:23+00:00,499,0,0,61.25
,44413,2026-03-19T19:01:23+00:00,699,0,0,72.59
,44414,2026-03-19T19:01:23+00:00,699,0,0,72.59
,44415,2026-03-19T19:01:23+00:00,699,0,0,72.59
,44416,2026-03-19T19:01:23+00:00,479,0,0,61.25
,44417,2026-03-19T19:01:23+00:00,499,0,0,61.25
,44418,2026-03-19T19:01:23+00:00,499,0,0,61.25
,44419,2026-03-19T19:01:23+00:00,999,0,0,74.37
,44420,2026-03-19T19:01:23+00:00,999,0,0,72.36
,44421,2026-03-19T19:01:23+00:00,999,0,0,72.36
,44422,2026-03-19T19:01:23+00:00,999,0,0,72.36
,44423,2026-03-19T19:01:23+00:00,789,0,0,66.65
,44424,2026-03-19T19:01:23+00:00,699,0,0,67.48
,44425,2026-03-19T19:01:23+00:00,789,0,0,66.65
,44426,2026-03-19T19:01:23+00:00,799,0,0,69.44
,44427,2026-03-19T19:01:23+00:00,799,0,0,69.44
,44428,2026-03-19T19:01:23+00:00,699,0,0,61.25
,44429,2026-03-19T19:01:23+00:00,699,0,0,61.25
,44430,2026-03-19T19:01:23+00:00,599,0,0,61.25
,44431,2026-03-19T19:01:23+00:00,599,0,0,61.25
,44432,2026-03-19T19:01:23+00:00,899,0,0,69.72
,44433,2026-03-19T19:01:23+00:00,899,0,0,53.85
,44434,2026-03-19T19:01:23+00:00,599,0,0,61.25
,44435,2026-03-19T19:01:23+00:00,599,0,0,61.25
,44436,2026-03-19T19:01:23+00:00,599,0,0,61.25
,44437,2026-03-19T19:01:23+00:00,599,0,0,61.25
,44438,2026-03-19T19:01:23+00:00,699,0,0,67.48
,44439,2026-03-19T19:01:23+00:00,699,0,0,67.48
,44440,2026-03-19T19:01:23+00:00,669,0,0,65.77
,44441,2026-03-19T19:01:23+00:00,789,0,0,66.65
,44442,2026-03-19T19:01:23+00:00,669,0,0,61.25
,44443,2026-03-19T19:01:23+00:00,669,0,0,61.25
,44444,2026-03-19T19:01:23+00:00,669,0,0,61.25
,44445,2026-03-19T19:01:23+00:00,699,0,0,61.25
,44446,2026-03-19T19:01:23+00:00,699,0,0,61.25
,44447,2026-03-19T19:01:23+00:00,699,0,0,61.25
,44448,2026-03-19T19:01:23+00:00,639,0,0,61.25
,44449,2026-03-19T19:01:23+00:00,639,0,0,61.25
,44450,2026-03-19T19:01:23+00:00,639,0,0,61.25
,44451,2026-03-19T19:01:23+00:00,899,0,0,75.11
,44452,2026-03-19T19:01:23+00:00,599,0,0,61.25
,44453,2026-03-19T19:01:23+00:00,599,0,0,61.25
,44454,2026-03-19T19:01:23+00:00,719,0,0,61.25
,44455,2026-03-19T19:01:23+00:00,719,0,0,61.25
,44456,2026-03-19T19:01:23+00:00,719,0,0,61.25
,44457,2026-03-19T19:01:23+00:00,699,0,0,75.73
,44458,2026-03-19T19:01:23+00:00,699,0,0,61.25
,44459,2026-03-19T19:01:23+00:00,699,0,0,61.25
,44460,2026-03-19T19:01:23+00:00,699,0,0,61.25
,44461,2026-03-19T19:01:23+00:00,979,0,0,69
,44462,2026-03-19T19:01:23+00:00,1019,0,0,66.98
,44463,2026-03-19T19:01:23+00:00,919,0,0,67.66
,44464,2026-03-19T19:01:23+00:00,1019,0,0,66.98
,44465,2026-03-19T19:01:23+00:00,1019,0,0,66.98
,44466,2026-03-19T19:01:23+00:00,1099,0,0,68.89
,44467,2026-03-19T19:01:23+00:00,899,0,0,61.25
,44468,2026-03-19T19:01:23+00:00,899,0,0,61.25
,44469,2026-03-19T19:01:23+00:00,899,0,0,61.25
,44470,2026-03-19T19:01:23+00:00,899,0,0,61.25
,44471,2026-03-19T19:01:23+00:00,979,0,0,61.25
,44472,2026-03-19T19:01:23+00:00,999,0,0,72.36
,44473,2026-03-19T19:01:23+00:00,999,0,0,72.36
,44474,2026-03-19T19:01:23+00:00,799,0,0,61.25
,44475,2026-03-19T19:01:23+00:00,799,0,0,61.25
,44476,2026-03-19T19:01:23+00:00,799,0,0,61.25
,44477,2026-03-19T19:01:23+00:00,799,0,0,61.25
,44478,2026-03-19T19:01:23+00:00,799,0,0,61.25
,44479,2026-03-19T19:01:23+00:00,799,0,0,61.25
,44480,2026-03-19T19:01:23+00:00,799,0,0,61.25
,44481,2026-03-19T19:01:23+00:00,799,0,0,61.25
,44482,2026-03-19T19:01:23+00:00,999,0,0,75.73
,44483,2026-03-19T19:01:23+00:00,999,0,0,61.25
,44484,2026-03-19T19:01:23+00:00,959,0,0,61.25
,44485,2026-03-19T19:01:23+00:00,979,0,0,61.25
,44486,2026-03-19T19:01:23+00:00,999,0,0,44.47
,44487,2026-03-19T19:01:23+00:00,799,0,0,61.25
,44488,2026-03-19T19:01:23+00:00,799,0,0,61.25
,44489,2026-03-19T19:01:23+00:00,799,0,0,61.25
,44490,2026-03-19T19:01:23+00:00,979,0,0,61.25
,44491,2026-03-19T19:01:23+00:00,979,0,0,61.25
,44492,2026-03-19T19:01:23+00:00,979,0,0,61.25
,44493,2026-03-19T19:01:23+00:00,1099,0,0,73.03
,44494,2026-03-19T19:01:23+00:00,799,0,0,61.25
,44495,2026-03-19T19:01:23+00:00,799,0,0,61.25
,44496,2026-03-19T19:01:23+00:00,799,0,0,61.25
,44497,2026-03-19T19:01:23+00:00,799,0,0,61.25
,44498,2026-03-19T19:01:23+00:00,899,0,0,61.25
,44499,2026-03-19T19:01:23+00:00,899,0,0,61.25
,44500,2026-03-19T19:01:23+00:00,899,0,0,61.25
,44501,2026-03-19T19:01:23+00:00,899,0,0,44.47
,44502,2026-03-19T19:01:23+00:00,979,0,0,44.47
,44503,2026-03-19T19:01:23+00:00,979,0,0,61.25
,44504,2026-03-19T19:01:23+00:00,1399,0,0,70.04
,44505,2026-03-19T19:01:23+00:00,1399,0,0,70.04
,44506,2026-03-19T19:01:23+00:00,1199,0,0,68.86
,44507,2026-03-19T19:01:23+00:00,1199,0,0,68.86
,44508,2026-03-19T19:01:23+00:00,1199,0,0,68.86
,44509,2026-03-19T19:01:23+00:00,1299,0,0,65.48
,44510,2026-03-19T19:01:23+00:00,1299,0,0,65.48
,44511,2026-03-19T19:01:23+00:00,1399,0,0,65.72
,44512,2026-03-19T19:01:23+00:00,1399,0,0,65.72
,44513,2026-03-19T19:01:23+00:00,1599,0,0,65.83
,44514,2026-03-19T19:01:23+00:00,1599,0,0,65.83
,44515,2026-03-19T19:01:23+00:00,1599,0,0,65.83
,44516,2026-03-19T19:01:23+00:00,1699,0,0,61.25
,44517,2026-03-19T19:01:23+00:00,1699,0,0,61.25
,44518,2026-03-19T19:01:23+00:00,1499,0,0,61.25
,44519,2026-03-19T19:01:23+00:00,1499,0,0,61.25
,44520,2026-03-19T19:01:23+00:00,1169,0,0,67.02
,44521,2026-03-19T19:01:23+00:00,1169,0,0,67.02
,44522,2026-03-19T19:01:23+00:00,1349,0,0,66.08
,44523,2026-03-19T19:01:23+00:00,1349,0,0,66.08
,44524,2026-03-19T19:01:23+00:00,999,0,0,61.25
,44525,2026-03-19T19:01:23+00:00,1199,0,0,61.25
,44526,2026-03-19T19:01:23+00:00,1199,0,0,61.25
,44527,2026-03-19T19:01:23+00:00,1199,0,0,61.25
,44528,2026-03-19T19:01:23+00:00,1299,0,0,72.65
,44529,2026-03-19T19:01:23+00:00,1299,0,0,72.65
,44530,2026-03-19T19:01:23+00:00,1299,0,0,72.65
,44531,2026-03-19T19:01:23+00:00,1299,0,0,61.25
,44532,2026-03-19T19:01:23+00:00,1299,0,0,61.25
,44533,2026-03-19T19:01:23+00:00,1299,0,0,61.25
,44534,2026-03-19T19:01:23+00:00,1399,0,0,70.04
,44535,2026-03-19T19:01:23+00:00,999,0,0,61.25
,44536,2026-03-19T19:01:23+00:00,1259,0,0,44.47
,44537,2026-03-19T19:01:23+00:00,1199,0,0,61.25
,44538,2026-03-19T19:01:23+00:00,1199,0,0,61.25
,44539,2026-03-19T19:01:23+00:00,1109,0,0,44.47
,44540,2026-03-19T19:01:23+00:00,1109,0,0,61.25
,44541,2026-03-19T19:01:23+00:00,1109,0,0,44.47
,44542,2026-03-19T19:01:23+00:00,1339,0,0,44.47
,44543,2026-03-19T19:01:23+00:00,1339,0,0,61.25
,44544,2026-03-19T19:01:23+00:00,1659,0,0,61.25
,44680,2026-03-19T19:01:23+00:00,189,0,0,61.25
,44545,2026-03-19T19:01:23+00:00,3849,0,1,41.42
,44546,2026-03-19T19:01:23+00:00,1999,0,0,61.25
,44547,2026-03-19T19:01:23+00:00,1999,0,0,61.25
,44548,2026-03-19T19:01:23+00:00,1749,0,0,61.25
,44549,2026-03-19T19:01:23+00:00,1749,0,0,61.25
,44550,2026-03-19T19:01:23+00:00,1749,0,0,61.25
,44551,2026-03-19T19:01:23+00:00,3999,0,0,61.25
,44552,2026-03-19T19:01:23+00:00,4599,0,0,69.62
,44553,2026-03-19T19:01:23+00:00,5999,0,0,70.8
,44554,2026-03-19T19:01:23+00:00,1999,0,0,66.62
,44555,2026-03-19T19:01:23+00:00,1999,0,0,66.62
,44556,2026-03-19T19:01:23+00:00,1999,0,0,61.25
,44557,2026-03-19T19:01:23+00:00,1999,0,0,61.25
,44558,2026-03-19T19:01:23+00:00,2399,0,0,48.89
,44559,2026-03-19T19:01:23+00:00,2399,0,0,48.89
,44560,2026-03-19T19:01:23+00:00,2399,0,0,65.38
,44561,2026-03-19T19:01:23+00:00,2399,0,0,48.89
,44562,2026-03-19T19:01:23+00:00,2099,0,0,61.25
,44563,2026-03-19T19:01:23+00:00,2099,0,0,61.25
,44564,2026-03-19T19:01:23+00:00,2399,0,0,61.25
,44565,2026-03-19T19:01:23+00:00,2399,0,0,61.25
,44566,2026-03-19T19:01:23+00:00,1999,0,0,61.25
,44567,2026-03-19T19:01:23+00:00,3999,0,0,73.77
,44568,2026-03-19T19:01:23+00:00,6899,0,0,69.62
,44569,2026-03-19T19:01:23+00:00,6099,0,0,67.25
,44570,2026-03-19T19:01:23+00:00,6899,0,0,69.62
,44571,2026-03-19T19:01:23+00:00,6899,0,0,69.62
,44572,2026-03-19T19:01:23+00:00,6099,0,0,67.25
,44573,2026-03-19T19:01:23+00:00,4929,0,0,70.21
,44574,2026-03-19T19:01:23+00:00,7299,0,0,54.52
,44575,2026-03-19T19:01:23+00:00,6899,0,0,67.52
,44576,2026-03-19T19:01:23+00:00,5599,0,0,71.69
,44577,2026-03-19T19:01:23+00:00,6199,0,0,67.84
,44578,2026-03-19T19:01:23+00:00,4929,0,0,70.21
,44579,2026-03-19T19:01:23+00:00,6799,0,0,61.25
,44580,2026-03-19T19:01:23+00:00,4929,0,0,70.21
,44581,2026-03-19T19:01:23+00:00,5599,0,0,71.69
,44582,2026-03-19T19:01:23+00:00,6199,0,0,67.84
,44583,2026-03-19T19:01:23+00:00,6899,0,0,67.52
,44584,2026-03-19T19:01:23+00:00,7299,0,0,70.29
,44585,2026-03-19T19:01:23+00:00,4929,0,0,70.21
,44586,2026-03-19T19:01:23+00:00,4929,0,0,70.21
,44587,2026-03-19T19:01:23+00:00,7299,0,0,54.52
,44588,2026-03-19T19:01:23+00:00,6199,0,0,67.84
,44589,2026-03-19T19:01:23+00:00,4629,0,0,72.99
,44590,2026-03-19T19:01:23+00:00,4629,0,1,47.66
,44591,2026-03-19T19:01:23+00:00,4629,0,1,47.66
,44592,2026-03-19T19:01:23+00:00,3999,0,1,48.65
,44593,2026-03-19T19:01:23+00:00,3099,0,0,74.14
,44594,2026-03-19T19:01:23+00:00,3599,0,0,61.25
,44595,2026-03-19T19:01:23+00:00,3599,0,0,75.73
,44596,2026-03-19T19:01:23+00:00,4999,0,0,44.47
,44597,2026-03-19T19:01:23+00:00,3999,0,1,48.65
,44598,2026-03-19T19:01:23+00:00,6499,0,0,66.46
,44599,2026-03-19T19:01:23+00:00,4999,0,0,61.25
,44600,2026-03-19T19:01:23+00:00,4999,0,0,61.25
,44601,2026-03-19T19:01:23+00:00,4999,0,0,61.25
,44602,2026-03-19T19:01:23+00:00,4999,0,0,61.25
,44603,2026-03-19T19:01:23+00:00,4999,0,0,61.25
,44604,2026-03-19T19:01:23+00:00,6499,0,0,65.81
,44605,2026-03-19T19:01:23+00:00,6499,0,0,65.81
,44606,2026-03-19T19:01:23+00:00,6499,0,0,65.81
,44607,2026-03-19T19:01:23+00:00,6499,0,0,65.81
,44608,2026-03-19T19:01:23+00:00,6959,0,1,38.31
,44609,2026-03-19T19:01:23+00:00,6959,0,0,64.83
,44610,2026-03-19T19:01:23+00:00,6959,0,1,38.31
,44611,2026-03-19T19:01:23+00:00,5699,0,0,70.52
,44612,2026-03-19T19:01:23+00:00,6299,0,0,61.25
,44613,2026-03-19T19:01:23+00:00,6299,0,0,61.25
,44614,2026-03-19T19:01:23+00:00,3099,0,0,74.14
,44615,2026-03-19T19:01:23+00:00,7799,0,0,61.25
,44616,2026-03-19T19:01:23+00:00,7799,0,0,61.25
,44617,2026-03-19T19:01:23+00:00,7799,0,0,44.47
,44618,2026-03-19T19:01:23+00:00,7799,0,0,61.25
,44619,2026-03-19T19:01:23+00:00,8859,0,0,61.25
,44620,2026-03-19T19:01:23+00:00,8859,0,0,61.25
,44621,2026-03-19T19:01:23+00:00,7699,0,0,61.25
,44622,2026-03-19T19:01:23+00:00,7699,0,0,61.25
,44623,2026-03-19T19:01:23+00:00,7699,0,0,61.25
,44624,2026-03-19T19:01:23+00:00,439,0,0,86.83
,44625,2026-03-19T19:01:23+00:00,199,0,0,76.96
,44626,2026-03-19T19:01:23+00:00,199,0,0,76.96
,44627,2026-03-19T19:01:23+00:00,99,0,1,52.95
,44628,2026-03-19T19:01:23+00:00,19,0,0,75.73
,44629,2026-03-19T19:01:23+00:00,195,0,0,76.96
,44630,2026-03-19T19:01:23+00:00,99,0,0,62.85
,44631,2026-03-19T19:01:23+00:00,99,0,0,71.85
,44632,2026-03-19T19:01:23+00:00,129,0,0,74.59
,44633,2026-03-19T19:01:23+00:00,99,0,0,76.96
,44634,2026-03-19T19:01:23+00:00,49,0,1,52.95
,44635,2026-03-19T19:01:23+00:00,49,0,0,76.96
,44636,2026-03-19T19:01:23+00:00,99,0,0,61.25
,44637,2026-03-19T19:01:23+00:00,99,0,0,61.25
,44638,2026-03-19T19:01:23+00:00,49,0,0,61.25
,44639,2026-03-19T19:01:23+00:00,59,0,0,76.96
,44640,2026-03-19T19:01:23+00:00,59,0,0,76.96
,44641,2026-03-19T19:01:23+00:00,69,0,0,61.25
,44642,2026-03-19T19:01:23+00:00,99,0,0,76.96
,44643,2026-03-19T19:01:23+00:00,129,0,0,76.2
,44644,2026-03-19T19:01:23+00:00,129,0,0,76.2
,44645,2026-03-19T19:01:23+00:00,129,0,0,76.2
,44646,2026-03-19T19:01:23+00:00,129,0,0,76.2
,44647,2026-03-19T19:01:23+00:00,119,0,0,75.16
,44648,2026-03-19T19:01:23+00:00,119,0,0,75.16
,44649,2026-03-19T19:01:23+00:00,69,0,0,76.96
,44650,2026-03-19T19:01:23+00:00,69,0,0,76.96
,44651,2026-03-19T19:01:23+00:00,69,0,0,76.96
,44652,2026-03-19T19:01:23+00:00,69,0,0,76.96
,44653,2026-03-19T19:01:23+00:00,69,0,0,76.96
,44654,2026-03-19T19:01:23+00:00,119,0,0,76.96
,44655,2026-03-19T19:01:23+00:00,119,0,0,76.96
,44656,2026-03-19T19:01:23+00:00,119,0,0,76.96
,44657,2026-03-19T19:01:23+00:00,199,0,0,76.96
,44658,2026-03-19T19:01:23+00:00,79,0,0,61.25
,44659,2026-03-19T19:01:23+00:00,79,0,0,61.25
,44660,2026-03-19T19:01:23+00:00,79,0,0,61.25
,44661,2026-03-19T19:01:23+00:00,99,0,0,76.51
,44662,2026-03-19T19:01:23+00:00,119,0,0,75.16
,44663,2026-03-19T19:01:23+00:00,119,0,0,75.16
,44664,2026-03-19T19:01:23+00:00,119,0,1,50.48
,44665,2026-03-19T19:01:23+00:00,119,0,0,73.2
,44666,2026-03-19T19:01:23+00:00,119,0,0,75.16
,44667,2026-03-19T19:01:23+00:00,329,0,0,76.96
,44668,2026-03-19T19:01:23+00:00,209,0,0,74.06
,44669,2026-03-19T19:01:23+00:00,169,0,0,61.25
,44670,2026-03-19T19:01:23+00:00,129,0,0,51.52
,44671,2026-03-19T19:01:23+00:00,129,0,0,51.52
,44672,2026-03-19T19:01:23+00:00,179,0,0,58.89
,44673,2026-03-19T19:01:23+00:00,199,0,0,71.82
,44674,2026-03-19T19:01:23+00:00,199,0,0,74.39
,44675,2026-03-19T19:01:23+00:00,139,0,0,61.25
,44676,2026-03-19T19:01:23+00:00,249,0,0,56.89
,44677,2026-03-19T19:01:23+00:00,249,0,0,56.89
,44678,2026-03-19T19:01:23+00:00,199,0,0,69.29
,44679,2026-03-19T19:01:23+00:00,199,0,0,73.18
,44681,2026-03-19T19:01:23+00:00,199,0,0,75.9
,44682,2026-03-19T19:01:23+00:00,179,0,0,58.89
,44683,2026-03-19T19:01:23+00:00,299,0,0,76.96
,44684,2026-03-19T19:01:23+00:00,159,0,0,61.25
,44685,2026-03-19T19:01:23+00:00,259,0,0,75.4
,44686,2026-03-19T19:01:23+00:00,249,0,0,56.34
,44687,2026-03-19T19:01:23+00:00,279,0,0,74.05
,44688,2026-03-19T19:01:23+00:00,159,0,0,61.25
,44689,2026-03-19T19:01:23+00:00,139,0,0,61.25
,44690,2026-03-19T19:01:23+00:00,109,0,0,61.25
,44691,2026-03-19T19:01:23+00:00,159,0,0,61.25
,44692,2026-03-19T19:01:23+00:00,159,0,0,73.19
,44693,2026-03-19T19:01:23+00:00,159,0,0,73.19
,44694,2026-03-19T19:01:23+00:00,199,0,0,74.39
,44695,2026-03-19T19:01:23+00:00,199,0,0,74.39
,44696,2026-03-19T19:01:23+00:00,199,0,0,71.82
,44697,2026-03-19T19:01:23+00:00,199,0,0,61.25
,44698,2026-03-19T19:01:23+00:00,99,0,0,61.25
,44699,2026-03-19T19:01:23+00:00,99,0,0,61.25
,44700,2026-03-19T19:01:23+00:00,199,0,0,61.25
,44701,2026-03-19T19:01:23+00:00,99,0,0,61.25
,44702,2026-03-19T19:01:23+00:00,205,0,0,73.72
,44703,2026-03-19T19:01:23+00:00,225,0,0,75.2
,44704,2026-03-19T19:01:23+00:00,299,0,0,75.12
,44705,2026-03-19T19:01:23+00:00,129,0,0,61.25
,44706,2026-03-19T19:01:23+00:00,99,0,0,44.47
,44707,2026-03-19T19:01:23+00:00,149,0,0,61.25
,44708,2026-03-19T19:01:23+00:00,149,0,0,61.25
,44709,2026-03-19T19:01:23+00:00,199,0,0,74.39
,44710,2026-03-19T19:01:23+00:00,119,0,0,61.25
,44711,2026-03-19T19:01:23+00:00,269,0,0,50.37
,44712,2026-03-19T19:01:23+00:00,229,0,0,68.73
,44713,2026-03-19T19:01:23+00:00,2449,0,0,68.63
,44714,2026-03-19T19:01:23+00:00,399,0,0,61.25
,44715,2026-03-19T19:01:23+00:00,1299,0,0,51.5
,44716,2026-03-19T19:01:23+00:00,1199,0,0,51.78
,44717,2026-03-19T19:01:23+00:00,319,0,0,69.45
,44718,2026-03-19T19:01:23+00:00,219,0,0,67.19
,44719,2026-03-19T19:01:23+00:00,249,0,0,61.25
,44720,2026-03-19T19:01:23+00:00,599,0,0,74.37
,44721,2026-03-19T19:01:23+00:00,419,0,0,61.25
,44722,2026-03-19T19:01:23+00:00,1199,0,0,51.78
,44723,2026-03-19T19:01:23+00:00,1199,0,0,67.94
,44724,2026-03-19T19:01:23+00:00,2359,0,0,54.59
,44725,2026-03-19T19:01:23+00:00,249,0,0,61.25
,44726,2026-03-19T19:01:23+00:00,249,0,0,61.25
,44727,2026-03-19T19:01:23+00:00,249,0,0,61.25
,44728,2026-03-19T19:01:23+00:00,599,0,0,59.52
,44729,2026-03-19T19:01:23+00:00,1299,0,0,67.7
,44730,2026-03-19T19:01:23+00:00,299,0,0,61.25
,44731,2026-03-19T19:01:23+00:00,299,0,0,61.25
,44732,2026-03-19T19:01:23+00:00,299,0,0,61.25
,44733,2026-03-19T19:01:23+00:00,329,0,0,44.47
,44734,2026-03-19T19:01:23+00:00,329,0,0,61.25
,44735,2026-03-19T19:01:23+00:00,1199,0,0,61.25
,44736,2026-03-19T19:01:23+00:00,1299,0,1,34.75
,44737,2026-03-19T19:01:23+00:00,1759,0,0,44.47
,44738,2026-03-19T19:01:23+00:00,229,0,0,61.25
,44739,2026-03-19T19:01:23+00:00,229,0,0,61.25
,44740,2026-03-19T19:01:23+00:00,259,0,0,61.25
,44741,2026-03-19T19:01:23+00:00,259,0,0,61.25
,44742,2026-03-19T19:01:23+00:00,229,0,0,61.25
,44743,2026-03-19T19:01:23+00:00,229,0,0,61.25
,44744,2026-03-19T19:01:23+00:00,249,0,0,61.25
,44745,2026-03-19T19:01:23+00:00,449,0,0,52.96
,44746,2026-03-19T19:01:23+00:00,199,0,0,61.25
,44747,2026-03-19T19:01:23+00:00,649,0,0,61.25
,44748,2026-03-19T19:01:23+00:00,199,0,0,61.25
,44749,2026-03-19T19:01:23+00:00,219,0,1,34.75
,44750,2026-03-19T19:01:23+00:00,629,0,0,61.25
,44751,2026-03-19T19:01:23+00:00,219,0,0,61.25
,44752,2026-03-19T19:01:23+00:00,199,0,0,61.25
,44753,2026-03-19T19:01:23+00:00,699,0,1,41.15
,44754,2026-03-19T19:01:23+00:00,649,0,0,61.25
,44755,2026-03-19T19:01:23+00:00,699,0,0,67.48
,44756,2026-03-19T19:01:23+00:00,919,0,0,61.25
,44757,2026-03-19T19:01:23+00:00,3889,0,0,61.25
,44758,2026-03-19T19:01:23+00:00,3889,0,0,61.25
,44759,2026-03-19T19:01:23+00:00,3889,0,0,61.25
,44760,2026-03-19T19:01:23+00:00,2449,0,0,68.63
,44761,2026-03-19T19:01:23+00:00,6,0,0,76.96
,44762,2026-03-19T19:01:23+00:00,25,0,1,52.95
,44763,2026-03-19T19:01:23+00:00,12,0,0,76.96
,44764,2026-03-19T19:01:23+00:00,5,0,0,86.83
,44765,2026-03-19T19:01:23+00:00,12,0,0,76.96
,44766,2026-03-19T19:01:23+00:00,12,0,0,76.96
,44767,2026-03-19T19:01:23+00:00,12,0,0,76.96
,44768,2026-03-19T19:01:23+00:00,12,0,0,76.96
,44769,2026-03-19T19:01:23+00:00,12,0,0,76.96
,44770,2026-03-19T19:01:23+00:00,20,0,0,76.96
,44771,2026-03-19T19:01:23+00:00,5,0,0,76.96
,44772,2026-03-19T19:01:23+00:00,10,0,0,76.96
,44773,2026-03-19T19:01:23+00:00,10,0,0,76.96
,44774,2026-03-19T19:01:23+00:00,10,0,0,76.96
,44775,2026-03-19T19:01:23+00:00,10,0,0,76.96
,44776,2026-03-19T19:01:23+00:00,10,0,0,76.96
,44777,2026-03-19T19:01:23+00:00,10,0,0,76.96
,44778,2026-03-19T19:01:23+00:00,10,0,1,52.95
,44779,2026-03-19T19:01:23+00:00,19,0,0,76.96
,44780,2026-03-19T19:01:23+00:00,12,0,0,76.96
,44781,2026-03-19T19:01:23+00:00,8,0,0,76.96
,44782,2026-03-19T19:01:23+00:00,12,0,0,76.96
,44783,2026-03-19T19:01:23+00:00,3,0,1,52.95
,44784,2026-03-19T19:01:23+00:00,5,0,0,76.96
,44785,2026-03-19T19:01:23+00:00,10,0,0,76.96
,44786,2026-03-19T19:01:23+00:00,10,0,0,76.96
,44787,2026-03-19T19:01:23+00:00,10,0,0,76.96
,44788,2026-03-19T19:01:23+00:00,10,0,0,76.96
,44789,2026-03-19T19:01:23+00:00,10,0,0,76.96
,44790,2026-03-19T19:01:23+00:00,10,0,0,76.96
,44791,2026-03-19T19:01:23+00:00,10,0,0,76.96
,44792,2026-03-19T19:01:23+00:00,12,0,0,76.96
,44793,2026-03-19T19:01:23+00:00,12,0,0,76.96
,44794,2026-03-19T19:01:23+00:00,10,0,0,76.96
,44795,2026-03-19T19:01:23+00:00,12,0,0,76.96
,44796,2026-03-19T19:01:23+00:00,12,0,0,76.96
,44797,2026-03-19T19:01:23+00:00,12,0,0,76.96
,44798,2026-03-19T19:01:23+00:00,12,0,0,76.96
,44799,2026-03-19T19:01:23+00:00,12,0,0,76.96
,44800,2026-03-19T19:01:23+00:00,12,0,0,76.96
,44801,2026-03-19T19:01:23+00:00,12,0,0,76.96
,44802,2026-03-19T19:01:23+00:00,12,0,0,76.96
,44803,2026-03-19T19:01:23+00:00,12,0,0,76.96
,44804,2026-03-19T19:01:23+00:00,12,0,0,76.96
,44805,2026-03-19T19:01:23+00:00,12,0,0,76.96
,44806,2026-03-19T19:01:23+00:00,12,0,0,76.96
,44807,2026-03-19T19:01:23+00:00,12,0,0,76.96
,44808,2026-03-19T19:01:23+00:00,12,0,0,76.96
,44809,2026-03-19T19:01:23+00:00,12,0,0,76.96
,44810,2026-03-19T19:01:23+00:00,12,0,0,76.96
,44811,2026-03-19T19:01:23+00:00,12,0,0,76.96
,44812,2026-03-19T19:01:23+00:00,12,0,0,76.96
,44813,2026-03-19T19:01:23+00:00,12,0,0,76.96
,44814,2026-03-19T19:01:23+00:00,12,0,0,76.96
,44815,2026-03-19T19:01:23+00:00,12,0,0,76.96
,44816,2026-03-19T19:01:23+00:00,12,0,0,76.96
,44817,2026-03-19T19:01:23+00:00,12,0,0,76.96
,44818,2026-03-19T19:01:23+00:00,12,0,0,76.96
,44819,2026-03-19T19:01:23+00:00,1,0,0,61.25
,44820,2026-03-19T19:01:23+00:00,12,0,0,76.96
,44821,2026-03-19T19:01:23+00:00,12,0,0,76.96
,44822,2026-03-19T19:01:23+00:00,12,0,0,76.96
,44823,2026-03-19T19:01:23+00:00,1,0,0,61.25
,44824,2026-03-19T19:01:23+00:00,12,0,0,76.96
,44825,2026-03-19T19:01:23+00:00,12,0,0,62.85
,44826,2026-03-19T19:01:23+00:00,12,0,0,76.96
,44827,2026-03-19T19:01:23+00:00,12,0,0,62.85
,44828,2026-03-19T19:01:23+00:00,12,0,0,76.96
,44829,2026-03-19T19:01:23+00:00,12,0,0,76.96
,44830,2026-03-19T19:01:23+00:00,12,0,0,76.96
,44831,2026-03-19T19:01:23+00:00,12,0,0,76.96
,44832,2026-03-19T19:01:23+00:00,15,0,0,76.96
,44833,2026-03-19T19:01:23+00:00,13,0,0,76.96
,44834,2026-03-19T19:01:23+00:00,13,0,0,76.96
,44835,2026-03-19T19:01:23+00:00,13,0,0,76.96
,44836,2026-03-19T19:01:23+00:00,13,0,0,76.96
,44837,2026-03-19T19:01:23+00:00,13,0,0,76.96
,44838,2026-03-19T19:01:23+00:00,13,0,0,76.96
,44839,2026-03-19T19:01:23+00:00,15,0,0,76.96
,44840,2026-03-19T19:01:23+00:00,12,0,0,76.96
,44841,2026-03-19T19:01:23+00:00,12,0,0,76.96
,44842,2026-03-19T19:01:23+00:00,12,0,0,76.96
,44843,2026-03-19T19:01:23+00:00,12,0,0,76.96
,44844,2026-03-19T19:01:23+00:00,12,0,0,76.96
,44845,2026-03-19T19:01:23+00:00,3,0,0,76.96
,44846,2026-03-19T19:01:23+00:00,12,0,0,76.96
,44847,2026-03-19T19:01:23+00:00,12,0,0,76.96
,44848,2026-03-19T19:01:23+00:00,12,0,0,76.96
,44849,2026-03-19T19:01:23+00:00,12,0,0,76.96
,44850,2026-03-19T19:01:23+00:00,12,0,1,52.95
,44851,2026-03-19T19:01:23+00:00,12,0,0,76.96
,44852,2026-03-19T19:01:23+00:00,12,0,0,76.96
,44853,2026-03-19T19:01:23+00:00,12,0,0,76.96
,44854,2026-03-19T19:01:23+00:00,12,0,0,76.96
,44855,2026-03-19T19:01:23+00:00,12,0,0,76.96
,44856,2026-03-19T19:01:23+00:00,5,0,0,61.25
,44857,2026-03-19T19:01:23+00:00,15,0,0,76.96
,44858,2026-03-19T19:01:23+00:00,2,0,0,61.25
,44859,2026-03-19T19:01:23+00:00,2,0,0,61.25
,44860,2026-03-19T19:01:23+00:00,2,0,0,61.25
,44861,2026-03-19T19:01:23+00:00,2,0,0,61.25
,44862,2026-03-19T19:01:23+00:00,2,0,0,61.25
,44863,2026-03-19T19:01:23+00:00,12,0,0,76.96
,44864,2026-03-19T19:01:23+00:00,12,0,0,76.96
,44865,2026-03-19T19:01:23+00:00,15,0,0,76.96
,44866,2026-03-19T19:01:23+00:00,13,0,0,76.96
,44867,2026-03-19T19:01:23+00:00,15,0,0,62.85
,44868,2026-03-19T19:01:23+00:00,15,0,0,76.96
,44869,2026-03-19T19:01:23+00:00,15,0,0,76.96
,44870,2026-03-19T19:01:23+00:00,15,0,0,76.96
,44871,2026-03-19T19:01:23+00:00,17,0,0,76.96
,44872,2026-03-19T19:01:23+00:00,17,0,0,76.96
,44873,2026-03-19T19:01:23+00:00,17,0,0,76.96
,44874,2026-03-19T19:01:23+00:00,17,0,0,76.96
,44875,2026-03-19T19:01:23+00:00,25,0,0,76.96
,44876,2026-03-19T19:01:23+00:00,25,0,0,76.96
,44877,2026-03-19T19:01:23+00:00,25,0,0,76.96
,44878,2026-03-19T19:01:23+00:00,25,0,1,52.95
,44879,2026-03-19T19:01:23+00:00,25,0,0,76.96
,44880,2026-03-19T19:01:23+00:00,25,0,0,76.96
,44881,2026-03-19T19:01:23+00:00,25,0,0,76.96
,44882,2026-03-19T19:01:23+00:00,4,0,0,76.96
,44883,2026-03-19T19:01:23+00:00,12,0,0,76.96
,44884,2026-03-19T19:01:23+00:00,12,0,0,76.96
,44885,2026-03-19T19:01:23+00:00,12,0,0,76.96
,44886,2026-03-19T19:01:23+00:00,26,0,0,76.96
,44887,2026-03-19T19:01:23+00:00,5,0,1,52.95
,44888,2026-03-19T19:01:23+00:00,1,0,0,61.25
,44889,2026-03-19T19:01:23+00:00,19,0,0,76.96
,44890,2026-03-19T19:01:23+00:00,2,0,0,61.25
,44891,2026-03-19T19:01:23+00:00,12,0,0,76.96
,44892,2026-03-19T19:01:23+00:00,15,0,0,76.96
,44893,2026-03-19T19:01:23+00:00,15,0,0,76.96
,44894,2026-03-19T19:01:23+00:00,2,0,0,76.96
,44895,2026-03-19T19:01:23+00:00,3,0,0,76.96
,44896,2026-03-19T19:01:23+00:00,5,0,0,76.96
,44897,2026-03-19T19:01:23+00:00,10,0,0,76.96
,44898,2026-03-19T19:01:23+00:00,12,0,0,61.25
,44899,2026-03-19T19:01:23+00:00,34,0,0,61.25
,44900,2026-03-19T19:01:23+00:00,16,0,0,61.25
,44901,2026-03-19T19:01:23+00:00,15,0,0,61.25
,44902,2026-03-19T19:01:23+00:00,59,0,1,34.75
,44903,2026-03-19T19:01:23+00:00,59,0,0,61.25
,44904,2026-03-19T19:01:23+00:00,59,0,0,61.25
,44905,2026-03-19T19:01:23+00:00,49,0,1,34.75
,44906,2026-03-19T19:01:23+00:00,49,0,0,61.25
,44907,2026-03-19T19:01:23+00:00,49,0,0,61.25
,44908,2026-03-19T19:01:23+00:00,59,0,0,61.25
,44909,2026-03-19T19:01:23+00:00,59,0,0,61.25
,44910,2026-03-19T19:01:23+00:00,59,0,0,61.25
,44911,2026-03-19T19:01:23+00:00,85,0,0,44.47
,44912,2026-03-19T19:01:23+00:00,259,0,0,61.25
,44913,2026-03-19T19:01:23+00:00,39,0,0,61.25
,44914,2026-03-19T19:01:23+00:00,69,0,0,75.73
,44915,2026-03-19T19:01:23+00:00,349,0,0,44.47
,44916,2026-03-19T19:01:23+00:00,99,0,0,61.25
,44917,2026-03-19T19:01:23+00:00,105,0,0,61.25
,44918,2026-03-19T19:01:23+00:00,49,0,0,76.59
,44919,2026-03-19T19:01:23+00:00,79,0,0,76.05
,44920,2026-03-19T19:01:23+00:00,49,0,0,61.25
,44921,2026-03-19T19:01:23+00:00,169,0,0,61.25
,44922,2026-03-19T19:01:23+00:00,65,0,0,61.25
,44923,2026-03-19T19:01:23+00:00,49,0,0,61.25
,44924,2026-03-19T19:01:23+00:00,55,0,0,61.25
,44925,2026-03-19T19:01:23+00:00,79,0,0,76.05
,44926,2026-03-19T19:01:23+00:00,179,0,0,61.25
,44927,2026-03-19T19:01:23+00:00,99,0,0,61.25
,44928,2026-03-19T19:01:23+00:00,59,0,0,75.22
,44929,2026-03-19T19:01:23+00:00,219,0,0,61.25
,44930,2026-03-19T19:01:23+00:00,37,0,0,61.25
,44931,2026-03-19T19:01:23+00:00,69,0,0,61.25
,44932,2026-03-19T19:01:23+00:00,69,0,0,61.25
,44933,2026-03-19T19:01:23+00:00,129,0,0,61.25
,44934,2026-03-19T19:01:23+00:00,69,0,0,61.25
,44935,2026-03-19T19:01:23+00:00,49,0,0,61.25
,44936,2026-03-19T19:01:23+00:00,159,0,0,70.3
,44937,2026-03-19T19:01:23+00:00,129,0,0,74.59
,44938,2026-03-19T19:01:23+00:00,129,0,0,61.25
,44939,2026-03-19T19:01:23+00:00,129,0,0,61.25
,44940,2026-03-19T19:01:23+00:00,85,0,0,61.25
,44941,2026-03-19T19:01:23+00:00,159,0,0,61.25
,44942,2026-03-19T19:01:23+00:00,119,0,0,61.25
,44943,2026-03-19T19:01:23+00:00,179,0,0,61.25
,44944,2026-03-19T19:01:23+00:00,129,0,0,61.25
,44945,2026-03-19T19:01:23+00:00,259,0,0,61.25
,44946,2026-03-19T19:01:23+00:00,249,0,0,61.25
,44947,2026-03-19T19:01:23+00:00,119,0,0,61.25
,44948,2026-03-19T19:01:23+00:00,59,0,0,75.22
,44949,2026-03-19T19:01:23+00:00,90,0,0,76.23
,44950,2026-03-19T19:01:23+00:00,90,0,0,76.23
,44951,2026-03-19T19:01:23+00:00,19,0,0,61.25
,44952,2026-03-19T19:01:23+00:00,99,0,0,71.85
,44953,2026-03-19T19:01:23+00:00,99,0,0,71.85
,44954,2026-03-19T19:01:23+00:00,79,0,0,76.05
,44955,2026-03-19T19:01:23+00:00,39,0,0,61.25
,44956,2026-03-19T19:01:23+00:00,18,0,0,61.25
,44957,2026-03-19T19:01:23+00:00,17,0,1,34.75
,44958,2026-03-19T19:01:23+00:00,17,0,0,61.25
,44959,2026-03-19T19:01:23+00:00,17,0,0,61.25
,44960,2026-03-19T19:01:23+00:00,12,0,0,61.25
,44961,2026-03-19T19:01:23+00:00,14,0,0,61.25
,44962,2026-03-19T19:01:23+00:00,14,0,0,75.73
,44963,2026-03-19T19:01:23+00:00,8,0,0,75.73
,44964,2026-03-19T19:01:23+00:00,8,0,0,61.25
,44965,2026-03-19T19:01:23+00:00,11,0,0,61.25
,44966,2026-03-19T19:01:23+00:00,11,0,0,61.25
,44967,2026-03-19T19:01:23+00:00,22,0,0,44.47
,44968,2026-03-19T19:01:23+00:00,10,0,0,75.73
,44969,2026-03-19T19:01:23+00:00,10,0,0,61.25
,44970,2026-03-19T19:01:23+00:00,59,0,0,76.96
,44971,2026-03-19T19:01:23+00:00,19,0,0,61.25
,44972,2026-03-19T19:01:23+00:00,99,0,0,86.83
,44973,2026-03-19T19:01:23+00:00,19,0,0,75.83
,44974,2026-03-19T19:01:23+00:00,10,0,0,61.25
,44975,2026-03-19T19:01:23+00:00,19,0,0,76.96
,44976,2026-03-19T19:01:23+00:00,19,0,0,76.96
,44977,2026-03-19T19:01:23+00:00,19,0,0,76.96
,44978,2026-03-19T19:01:23+00:00,19,0,0,76.96
,44979,2026-03-19T19:01:23+00:00,19,0,0,62.85
,44980,2026-03-19T19:01:23+00:00,19,0,0,76.96
,44981,2026-03-19T19:01:23+00:00,29,0,0,76.96
,44982,2026-03-19T19:01:23+00:00,29,0,0,76.96
,44983,2026-03-19T19:01:23+00:00,8,0,0,75.73
,44984,2026-03-19T19:01:23+00:00,11,0,0,61.25
,44985,2026-03-19T19:01:23+00:00,15,0,0,61.25
,44986,2026-03-19T19:01:23+00:00,15,0,0,61.25
,44987,2026-03-19T19:01:23+00:00,69,0,0,76.96
,44988,2026-03-19T19:01:23+00:00,69,0,0,76.96
,44989,2026-03-19T19:01:23+00:00,39,0,0,76.96
,44990,2026-03-19T19:01:23+00:00,39,0,0,76.96
,44991,2026-03-19T19:01:23+00:00,39,0,0,76.96
,44992,2026-03-19T19:01:23+00:00,29,0,0,76.96
,44993,2026-03-19T19:01:23+00:00,29,0,0,62.85
,44994,2026-03-19T19:01:23+00:00,29,0,0,76.96
,44995,2026-03-19T19:01:23+00:00,14,0,0,61.25
,44996,2026-03-19T19:01:23+00:00,14,0,0,61.25
,44997,2026-03-19T19:01:23+00:00,14,0,0,61.25
,44998,2026-03-19T19:01:23+00:00,14,0,0,61.25
,44999,2026-03-19T19:01:23+00:00,19,0,0,61.25
,45000,2026-03-19T19:01:23+00:00,119,0,0,62.85
,45001,2026-03-19T19:01:23+00:00,79,0,0,61.25
,45002,2026-03-19T19:01:23+00:00,39,0,0,75.73
,45003,2026-03-19T19:01:23+00:00,49,0,0,75.73
,45004,2026-03-19T19:01:23+00:00,29,0,1,34.75
,45005,2026-03-19T19:01:23+00:00,79,0,0,76.96
,45006,2026-03-19T19:01:23+00:00,25,0,0,61.25
,45007,2026-03-19T19:01:23+00:00,29,0,0,61.25
,45008,2026-03-19T19:01:23+00:00,25,0,0,61.25
,45009,2026-03-19T19:01:23+00:00,99,0,0,76.51
,45010,2026-03-19T19:01:23+00:00,99,0,0,76.96
,45011,2026-03-19T19:01:23+00:00,49,0,0,76.59
,45012,2026-03-19T19:01:23+00:00,79,0,0,61.25
,45013,2026-03-19T19:01:23+00:00,95,0,0,61.25
,45014,2026-03-19T19:01:23+00:00,99,0,0,76.96
,45015,2026-03-19T19:01:23+00:00,49,0,0,76.59
,45016,2026-03-19T19:01:23+00:00,79,0,0,61.25
,45017,2026-03-19T19:01:23+00:00,99,0,0,61.25
,45018,2026-03-19T19:01:23+00:00,99,0,0,61.25
,45019,2026-03-19T19:01:23+00:00,45,0,0,61.25
,45020,2026-03-19T19:01:23+00:00,55,0,0,61.25
,45021,2026-03-19T19:01:23+00:00,59,0,0,61.25
,45022,2026-03-19T19:01:23+00:00,69,0,0,61.25
,45023,2026-03-19T19:01:23+00:00,89,0,0,61.25
,45024,2026-03-19T19:01:23+00:00,79,0,0,61.25
,45025,2026-03-19T19:01:23+00:00,29,0,0,61.25
,45026,2026-03-19T19:01:23+00:00,29,0,0,61.25
,45027,2026-03-19T19:01:23+00:00,29,0,0,61.25
,45028,2026-03-19T19:01:23+00:00,39,0,0,61.25
,45029,2026-03-19T19:01:23+00:00,39,0,0,61.25
,45030,2026-03-19T19:01:23+00:00,29,0,0,61.25
,45031,2026-03-19T19:01:23+00:00,29,0,0,61.25
,45032,2026-03-19T19:01:23+00:00,29,0,0,61.25
,45033,2026-03-19T19:01:23+00:00,29,0,0,61.25
,45034,2026-03-19T19:01:23+00:00,99,0,0,76.96
,45035,2026-03-19T19:01:23+00:00,49,0,0,61.25
,45036,2026-03-19T19:01:23+00:00,79,0,0,76.96
,45037,2026-03-19T19:01:23+00:00,79,0,0,76.96
,45038,2026-03-19T19:01:23+00:00,59,0,0,76.96
,45039,2026-03-19T19:01:23+00:00,59,0,0,76.96
,45040,2026-03-19T19:01:23+00:00,59,0,0,76.96
,45041,2026-03-19T19:01:23+00:00,99,0,0,76.51
,45042,2026-03-19T19:01:23+00:00,59,0,0,61.25
,45043,2026-03-19T19:01:23+00:00,79,0,0,61.25
,45044,2026-03-19T19:01:23+00:00,24,0,0,61.25
,45045,2026-03-19T19:01:23+00:00,24,0,0,61.25
,45046,2026-03-19T19:01:23+00:00,29,0,0,61.25
,45047,2026-03-19T19:01:23+00:00,29,0,0,61.25
,45048,2026-03-19T19:01:23+00:00,129,0,1,34.75
,45049,2026-03-19T19:01:23+00:00,119,0,0,55.76
,45050,2026-03-19T19:01:23+00:00,185,0,1,34.75
,45051,2026-03-19T19:01:23+00:00,99,0,0,61.25
,45052,2026-03-19T19:01:23+00:00,99,0,0,61.25
,45053,2026-03-19T19:01:23+00:00,5,0,0,75.73
,45054,2026-03-19T19:01:23+00:00,5,0,0,61.25
,45055,2026-03-19T19:01:23+00:00,5,0,0,61.25
,45056,2026-03-19T19:01:23+00:00,5,0,0,61.25
,45057,2026-03-19T19:01:23+00:00,5,0,0,61.25
,45058,2026-03-19T19:01:23+00:00,8,0,0,76.96
,45059,2026-03-19T19:01:23+00:00,8,0,0,76.96
,45060,2026-03-19T19:01:23+00:00,8,0,0,76.96
,45061,2026-03-19T19:01:23+00:00,4,0,0,61.25
,45062,2026-03-19T19:01:23+00:00,5,0,0,61.25
,45063,2026-03-19T19:01:23+00:00,8,0,0,76.96
,45064,2026-03-19T19:01:23+00:00,3,0,0,61.25
,45065,2026-03-19T19:01:23+00:00,2,0,1,34.75
,45066,2026-03-19T19:01:23+00:00,3,0,0,61.25
,45067,2026-03-19T19:01:23+00:00,8,0,0,61.25
,45068,2026-03-19T19:01:23+00:00,3,0,0,61.25
,45069,2026-03-19T19:01:23+00:00,19,0,0,62.85
,45070,2026-03-19T19:01:23+00:00,8,0,0,76.96
,45071,2026-03-19T19:01:23+00:00,6,0,0,61.25
,45072,2026-03-19T19:01:23+00:00,6,0,0,61.25
,45073,2026-03-19T19:01:23+00:00,6,0,0,44.47
,45074,2026-03-19T19:01:23+00:00,9,0,0,61.25
,45075,2026-03-19T19:01:23+00:00,9,0,0,61.25
,45076,2026-03-19T19:01:23+00:00,9,0,0,61.25
,45077,2026-03-19T19:01:23+00:00,9,0,0,61.25
,45078,2026-03-19T19:01:23+00:00,9,0,0,61.25
,45079,2026-03-19T19:01:23+00:00,9,0,0,61.25
,45080,2026-03-19T19:01:23+00:00,9,0,0,61.25
,45081,2026-03-19T19:01:23+00:00,39,0,0,76.96
,45082,2026-03-19T19:01:23+00:00,9,0,1,52.95
,45083,2026-03-19T19:01:23+00:00,9,0,0,76.96
,45084,2026-03-19T19:01:23+00:00,9,0,0,76.96
,45085,2026-03-19T19:01:23+00:00,19,0,0,76.96
,45086,2026-03-19T19:01:23+00:00,4,0,0,61.25
,45087,2026-03-19T19:01:23+00:00,5,0,0,61.25
,45088,2026-03-19T19:01:23+00:00,19,0,0,76.96
,45089,2026-03-19T19:01:23+00:00,19,0,0,76.96
,45090,2026-03-19T19:01:23+00:00,29,0,0,76.96
,45091,2026-03-19T19:01:23+00:00,29,0,0,76.96
,45092,2026-03-19T19:01:23+00:00,29,0,0,76.96
,45093,2026-03-19T19:01:23+00:00,29,0,0,76.96
,45094,2026-03-19T19:01:23+00:00,29,0,0,62.85
,45095,2026-03-19T19:01:23+00:00,9,0,0,76.96
,45096,2026-03-19T19:01:23+00:00,9,0,1,52.95
,45097,2026-03-19T19:01:23+00:00,9,0,0,61.25
,45098,2026-03-19T19:01:23+00:00,9,0,0,76.96
,45099,2026-03-19T19:01:23+00:00,49,0,0,76.96
,45100,2026-03-19T19:01:23+00:00,49,0,0,61.25
,45101,2026-03-19T19:01:23+00:00,49,0,0,62.85
,45102,2026-03-19T19:01:23+00:00,99,0,0,74.43
,45103,2026-03-19T19:01:23+00:00,49,0,0,61.25
,45104,2026-03-19T19:01:23+00:00,99,0,0,61.25
,45105,2026-03-19T19:01:23+00:00,99,0,0,76.96
,45106,2026-03-19T19:01:23+00:00,99,0,1,52.95
,45107,2026-03-19T19:01:23+00:00,55,0,0,61.25
,45108,2026-03-19T19:01:23+00:00,59,0,1,34.75
,45109,2026-03-19T19:01:23+00:00,19,0,0,61.25
,45110,2026-03-19T19:01:23+00:00,14,0,0,61.25
,45111,2026-03-19T19:01:23+00:00,14,0,0,61.25
,45112,2026-03-19T19:01:23+00:00,14,0,0,61.25
,45113,2026-03-19T19:01:23+00:00,14,0,0,61.25
,45114,2026-03-19T19:01:23+00:00,14,0,1,34.75
,45115,2026-03-19T19:01:23+00:00,14,0,0,61.25
,45116,2026-03-19T19:01:23+00:00,14,0,0,61.25
,45117,2026-03-19T19:01:23+00:00,14,0,0,61.25
,45118,2026-03-19T19:01:23+00:00,14,0,0,61.25
,45119,2026-03-19T19:01:23+00:00,14,0,0,61.25
,45120,2026-03-19T19:01:23+00:00,14,0,0,61.25
,45121,2026-03-19T19:01:23+00:00,14,0,0,61.25
,45122,2026-03-19T19:01:23+00:00,14,0,0,61.25
,45123,2026-03-19T19:01:23+00:00,99,0,0,76.51
,45124,2026-03-19T19:01:23+00:00,14,0,0,61.25
,45125,2026-03-19T19:01:23+00:00,14,0,0,61.25
,45126,2026-03-19T19:01:23+00:00,79,0,0,61.25
,45127,2026-03-19T19:01:23+00:00,79,0,0,61.25
,45128,2026-03-19T19:01:23+00:00,59,0,0,61.25
,45129,2026-03-19T19:01:23+00:00,69,0,0,61.25
,45130,2026-03-19T19:01:23+00:00,89,0,0,61.25
,45131,2026-03-19T19:01:23+00:00,79,0,0,61.25
,45132,2026-03-19T19:01:23+00:00,49,0,0,61.25
,45133,2026-03-19T19:01:23+00:00,69,0,1,34.75
,45134,2026-03-19T19:01:23+00:00,15,0,0,61.25
,45135,2026-03-19T19:01:23+00:00,39,0,0,76.96
,45136,2026-03-19T19:01:23+00:00,69,0,0,74.12
,45137,2026-03-19T19:01:23+00:00,39,0,0,76.96
,45138,2026-03-19T19:01:23+00:00,39,0,0,76.96
,45139,2026-03-19T19:01:23+00:00,39,0,0,76.96
,45140,2026-03-19T19:01:23+00:00,29,0,0,76.96
,45141,2026-03-19T19:01:23+00:00,29,0,0,76.96
,45142,2026-03-19T19:01:23+00:00,29,0,0,76.96
,45143,2026-03-19T19:01:23+00:00,29,0,0,76.96
,45144,2026-03-19T19:01:23+00:00,99,0,0,61.25
,45145,2026-03-19T19:01:23+00:00,15,0,0,61.25
,45146,2026-03-19T19:01:23+00:00,849,0,0,69.19
,45147,2026-03-19T19:01:23+00:00,139,0,1,34.75
,45148,2026-03-19T19:01:23+00:00,139,0,0,61.25
,45149,2026-03-19T19:01:23+00:00,339,0,0,76.68
,45150,2026-03-19T19:01:23+00:00,99,0,0,76.96
,45151,2026-03-19T19:01:23+00:00,199,0,0,61.25
,45152,2026-03-19T19:01:23+00:00,259,0,0,61.25
,45153,2026-03-19T19:01:23+00:00,10,0,0,61.25
,45154,2026-03-19T19:01:23+00:00,119,0,0,61.25
,45155,2026-03-19T19:01:23+00:00,29,0,0,76.96
,45156,2026-03-19T19:01:23+00:00,19,0,0,62.85
,45157,2026-03-19T19:01:23+00:00,42,0,0,61.25
,45158,2026-03-19T19:01:23+00:00,19,0,0,61.25
,45159,2026-03-19T19:01:23+00:00,19,0,0,76.96
,45160,2026-03-19T19:01:23+00:00,39,0,0,61.25
,45161,2026-03-19T19:01:23+00:00,29,0,0,76.96
,45162,2026-03-19T19:01:23+00:00,99,0,0,76.96
,45163,2026-03-19T19:01:23+00:00,79,0,0,76.96
,45164,2026-03-19T19:01:23+00:00,59,0,0,76.96
,45165,2026-03-19T19:01:23+00:00,69,0,0,76.96
,45166,2026-03-19T19:01:23+00:00,599,0,0,61.25
,45167,2026-03-19T19:01:23+00:00,129,0,1,34.75
,45168,2026-03-19T19:01:23+00:00,169,0,0,61.25
,45169,2026-03-19T19:01:23+00:00,99,0,0,61.25
,45170,2026-03-19T19:01:23+00:00,559,0,0,61.25
,45171,2026-03-19T19:01:23+00:00,369,0,0,61.25
,45172,2026-03-19T19:01:23+00:00,255,0,0,61.25
,45173,2026-03-19T19:01:23+00:00,209,0,0,61.25
,45174,2026-03-19T19:01:23+00:00,59,0,0,61.25
,45175,2026-03-19T19:01:23+00:00,119,0,0,61.25
,45176,2026-03-19T19:01:23+00:00,269,0,0,61.25
,45177,2026-03-19T19:01:23+00:00,219,0,0,61.25
,45178,2026-03-19T19:01:23+00:00,129,0,0,61.25
,45179,2026-03-19T19:01:23+00:00,99,0,0,61.25
,45180,2026-03-19T19:01:23+00:00,4,0,0,61.25
,45181,2026-03-19T19:01:23+00:00,99,0,0,61.25
,45182,2026-03-19T19:01:23+00:00,1249,0,0,66.21
,45183,2026-03-19T19:01:23+00:00,879,0,0,50.59
,45184,2026-03-19T19:01:23+00:00,1529,0,0,81.59
,45185,2026-03-19T19:01:23+00:00,1599,0,0,66.62
,45186,2026-03-19T19:01:23+00:00,1279,0,0,68.33
,45187,2026-03-19T19:01:23+00:00,1449,0,0,61.25
,45188,2026-03-19T19:01:23+00:00,1549,0,0,61.25
,45189,2026-03-19T19:01:23+00:00,1649,0,0,61.25
,45190,2026-03-19T19:01:23+00:00,1399,0,0,61.25
,45191,2026-03-19T19:01:23+00:00,899,0,0,51.53
,45192,2026-03-19T19:01:23+00:00,999,0,0,50.74
,45193,2026-03-19T19:01:23+00:00,899,0,0,61.25
,45194,2026-03-19T19:01:23+00:00,1359,0,0,44.47
,45195,2026-03-19T19:01:23+00:00,1659,0,0,49.63
,45196,2026-03-19T19:01:23+00:00,1369,0,0,80.22
,45197,2026-03-19T19:01:23+00:00,1149,0,0,51.93
,45198,2026-03-19T19:01:23+00:00,739,0,0,66.79
,45199,2026-03-19T19:01:23+00:00,839,0,0,61.25
,45200,2026-03-19T19:01:23+00:00,1259,0,0,68.09
,45201,2026-03-19T19:01:23+00:00,699,0,0,61.25
,45202,2026-03-19T19:01:23+00:00,1499,0,0,61.25
,45203,2026-03-19T19:01:23+00:00,559,0,0,61.25
,45204,2026-03-19T19:01:23+00:00,599,0,0,55.13
,45205,2026-03-19T19:01:23+00:00,1399,0,0,61.25
,45206,2026-03-19T19:01:23+00:00,1099,0,0,61.25
,45207,2026-03-19T19:01:23+00:00,729,0,0,49.87
,45208,2026-03-19T19:01:23+00:00,1489,0,0,61.25
,45209,2026-03-19T19:01:23+00:00,1479,0,0,61.25
,45210,2026-03-19T19:01:23+00:00,589,0,0,61.25
,45211,2026-03-19T19:01:23+00:00,1259,0,1,34.75
,45212,2026-03-19T19:01:23+00:00,849,0,0,61.25
,45213,2026-03-19T19:01:23+00:00,1199,0,0,61.25
,45214,2026-03-19T19:01:23+00:00,1399,0,0,61.25
,45215,2026-03-19T19:01:23+00:00,879,0,0,61.25
,45216,2026-03-19T19:01:23+00:00,1609,0,1,39.07
,45217,2026-03-19T19:01:23+00:00,1479,0,0,44.47
,45218,2026-03-19T19:01:23+00:00,1499,0,1,28.21
,45219,2026-03-19T19:01:23+00:00,1399,0,1,42.35
,45220,2026-03-19T19:01:23+00:00,1289,0,1,34.75
,45221,2026-03-19T19:01:23+00:00,459,0,1,34.75
,45222,2026-03-19T19:01:23+00:00,799,0,0,44.47
,45223,2026-03-19T19:01:23+00:00,1499,0,0,61.25
,45224,2026-03-19T19:01:23+00:00,2499,0,0,61.25
,45225,2026-03-19T19:01:23+00:00,3549,0,0,52.07
,45226,2026-03-19T19:01:23+00:00,2349,0,0,44.47
,45227,2026-03-19T19:01:23+00:00,3199,0,0,65.83
,45228,2026-03-19T19:01:23+00:00,2229,0,0,50.86
,45229,2026-03-19T19:01:23+00:00,2099,0,0,61.25
,45230,2026-03-19T19:01:23+00:00,3249,0,0,61.25
,45231,2026-03-19T19:01:23+00:00,3799,0,0,61.25
,45232,2026-03-19T19:01:23+00:00,2199,0,0,61.25
,45233,2026-03-19T19:01:23+00:00,2449,0,0,61.25
,45234,2026-03-19T19:01:23+00:00,3149,0,0,61.25
,45235,2026-03-19T19:01:23+00:00,3749,0,0,61.25
,45236,2026-03-19T19:01:23+00:00,1829,0,0,61.25
,45237,2026-03-19T19:01:23+00:00,2899,0,0,61.25
,45238,2026-03-19T19:01:23+00:00,2069,0,0,61.25
,45239,2026-03-19T19:01:23+00:00,2259,0,0,51.22
,45240,2026-03-19T19:01:23+00:00,1949,0,0,50.81
,45241,2026-03-19T19:01:23+00:00,3399,0,0,79.58
,45242,2026-03-19T19:01:23+00:00,2799,0,0,61.25
,45243,2026-03-19T19:01:23+00:00,2339,0,0,61.25
,45244,2026-03-19T19:01:23+00:00,2049,0,0,44.47
,45245,2026-03-19T19:01:23+00:00,1999,0,0,53.51
,45246,2026-03-19T19:01:23+00:00,2199,0,0,67.35
,45247,2026-03-19T19:01:23+00:00,3599,0,0,61.25
,45248,2026-03-19T19:01:23+00:00,1699,0,0,49.31
,45249,2026-03-19T19:01:23+00:00,2099,0,0,54.22
,45250,2026-03-19T19:01:23+00:00,3299,0,0,61.25
,45251,2026-03-19T19:01:23+00:00,2599,0,0,61.25
,45252,2026-03-19T19:01:23+00:00,3999,0,0,68.56
,45253,2026-03-19T19:01:23+00:00,3799,0,0,72.09
,45254,2026-03-19T19:01:23+00:00,2699,0,0,75.73
,45255,2026-03-19T19:01:23+00:00,3279,0,0,61.25
,45256,2026-03-19T19:01:23+00:00,1949,0,0,66.68
,45257,2026-03-19T19:01:23+00:00,2379,0,0,65.93
,45258,2026-03-19T19:01:23+00:00,1799,0,0,75.73
,45259,2026-03-19T19:01:23+00:00,1919,0,0,61.25
,45260,2026-03-19T19:01:23+00:00,3049,0,0,61.25
,45261,2026-03-19T19:01:23+00:00,1999,0,0,61.25
,45262,2026-03-19T19:01:23+00:00,2499,0,0,61.25
,45263,2026-03-19T19:01:23+00:00,2989,0,0,61.25
,45264,2026-03-19T19:01:23+00:00,1999,0,0,61.25
,45265,2026-03-19T19:01:23+00:00,2899,0,0,67.39
,45266,2026-03-19T19:01:23+00:00,3099,0,0,61.25
,45267,2026-03-19T19:01:23+00:00,3309,0,0,61.25
,45268,2026-03-19T19:01:23+00:00,3999,0,0,61.25
,45269,2026-03-19T19:01:23+00:00,14299,0,0,76.96
,45270,2026-03-19T19:01:23+00:00,4539,0,0,61.25
,45271,2026-03-19T19:01:23+00:00,5469,0,0,51.28
,45272,2026-03-19T19:01:23+00:00,8299,0,0,44.47
,45273,2026-03-19T19:01:23+00:00,4299,0,0,61.25
,45274,2026-03-19T19:01:23+00:00,6999,0,0,61.25
,45275,2026-03-19T19:01:23+00:00,5069,0,0,69.68
,45276,2026-03-19T19:01:23+00:00,4099,0,0,61.25
,45277,2026-03-19T19:01:23+00:00,7099,0,0,61.25
,45278,2026-03-19T19:01:23+00:00,6599,0,0,61.25
,45279,2026-03-19T19:01:23+00:00,9529,0,0,61.25
,45280,2026-03-19T19:01:23+00:00,4199,0,0,61.25
,45281,2026-03-19T19:01:23+00:00,6969,0,0,50.09
,45282,2026-03-19T19:01:23+00:00,4069,0,0,61.25
,45283,2026-03-19T19:01:23+00:00,10899,0,0,64.85
,45284,2026-03-19T19:01:23+00:00,6629,0,0,61.25
,45285,2026-03-19T19:01:23+00:00,6409,0,0,64.5
,45286,2026-03-19T19:01:23+00:00,4159,0,0,61.25
,45287,2026-03-19T19:01:23+00:00,729,0,0,52.89
,45288,2026-03-19T19:01:23+00:00,429,0,0,59.56
,45289,2026-03-19T19:01:23+00:00,479,0,0,72.61
,45290,2026-03-19T19:01:23+00:00,629,0,0,68.39
,45291,2026-03-19T19:01:23+00:00,699,0,0,65.72
,45292,2026-03-19T19:01:23+00:00,799,0,0,54.01
,45293,2026-03-19T19:01:23+00:00,389,0,0,61.25
,45294,2026-03-19T19:01:23+00:00,1299,0,0,53.13
,45295,2026-03-19T19:01:23+00:00,3399,0,0,71.27
,45296,2026-03-19T19:01:23+00:00,6699,0,0,68.34
,45297,2026-03-19T19:01:23+00:00,5999,0,0,55.46
,45298,2026-03-19T19:01:23+00:00,8899,0,0,69
,45299,2026-03-19T19:01:23+00:00,1999,0,0,53.31
,45300,2026-03-19T19:01:23+00:00,5899,0,0,53.53
,45301,2026-03-19T19:01:23+00:00,1699,0,0,51.99
,45302,2026-03-19T19:01:23+00:00,699,0,0,61.25
,45303,2026-03-19T19:01:23+00:00,719,0,0,61.25
,45304,2026-03-19T19:01:23+00:00,1299,0,0,61.25
,45305,2026-03-19T19:01:23+00:00,1999,0,0,71.05
,45306,2026-03-19T19:01:23+00:00,1559,0,0,61.25
,45307,2026-03-19T19:01:23+00:00,779,0,0,52.6
,45308,2026-03-19T19:01:23+00:00,659,0,0,61.25
,45309,2026-03-19T19:01:23+00:00,1099,0,0,61.25
,45310,2026-03-19T19:01:23+00:00,729,0,0,61.25
,45311,2026-03-19T19:01:23+00:00,699,0,0,76.45
,45312,2026-03-19T19:01:23+00:00,499,0,0,76.96
,45313,2026-03-19T19:01:23+00:00,469,0,0,61.25
,45314,2026-03-19T19:01:23+00:00,739,0,0,61.25
,45315,2026-03-19T19:01:23+00:00,499,0,0,61.25
,45316,2026-03-19T19:01:23+00:00,499,0,0,71.8
,45317,2026-03-19T19:01:23+00:00,799,0,0,61.25
,45318,2026-03-19T19:01:23+00:00,339,0,0,61.25
,45319,2026-03-19T19:01:23+00:00,799,0,0,70.67
,45320,2026-03-19T19:01:23+00:00,1399,0,0,68.3
,45321,2026-03-19T19:01:23+00:00,1469,0,0,61.25
,45322,2026-03-19T19:01:23+00:00,529,0,0,61.25
,45323,2026-03-19T19:01:23+00:00,199,0,0,75.49
,45324,2026-03-19T19:01:23+00:00,299,0,0,56.34
,45325,2026-03-19T19:01:23+00:00,599,0,0,70.8
,45326,2026-03-19T19:01:23+00:00,1799,0,0,68.96
,45327,2026-03-19T19:01:23+00:00,199,0,0,61.25
,45328,2026-03-19T19:01:23+00:00,399,0,0,75.73
,45329,2026-03-19T19:01:23+00:00,1779,0,0,44.47
,45330,2026-03-19T19:01:23+00:00,649,0,0,61.25
,45331,2026-03-19T19:01:23+00:00,499,0,0,56.33
,45332,2026-03-19T19:01:23+00:00,299,0,0,57.47
,45333,2026-03-19T19:01:23+00:00,499,0,0,54.11
,45334,2026-03-19T19:01:23+00:00,299,0,0,74.38
,45335,2026-03-19T19:01:23+00:00,999,0,0,56.67
,45336,2026-03-19T19:01:23+00:00,1449,0,0,61.25
,45337,2026-03-19T19:01:23+00:00,449,0,0,57.09
,45338,2026-03-19T19:01:23+00:00,399,0,0,52.49
,45339,2026-03-19T19:01:23+00:00,499,0,0,57.02
,45340,2026-03-19T19:01:23+00:00,499,0,0,51.1
,45341,2026-03-19T19:01:23+00:00,79,0,0,58.08
,45342,2026-03-19T19:01:23+00:00,99,0,0,71.85
,45343,2026-03-19T19:01:23+00:00,82,0,0,61.25
,45344,2026-03-19T19:01:23+00:00,159,0,0,74.69
,45345,2026-03-19T19:01:23+00:00,99,0,0,76.51
,45346,2026-03-19T19:01:23+00:00,99,0,0,71.85
,45347,2026-03-19T19:01:23+00:00,59,0,0,61.25
,45348,2026-03-19T19:01:23+00:00,99,0,0,71.85
,45349,2026-03-19T19:01:23+00:00,8,0,1,34.75
,45350,2026-03-19T19:01:23+00:00,2599,0,0,68.13
,45351,2026-03-19T19:01:23+00:00,1599,0,0,61.25
,45352,2026-03-19T19:01:23+00:00,59,0,0,76.96
,45353,2026-03-19T19:01:23+00:00,1699,0,0,69.98
,45354,2026-03-19T19:01:23+00:00,1699,0,0,69.98
,45355,2026-03-19T19:01:23+00:00,9,0,0,62.85
,45356,2026-03-19T19:01:23+00:00,1649,0,0,68.22
,45357,2026-03-19T19:01:23+00:00,99,0,0,76.51
,45358,2026-03-19T19:01:23+00:00,99,0,0,76.51
,45359,2026-03-19T19:01:23+00:00,1699,0,0,69.98
,45360,2026-03-19T19:01:23+00:00,1179,0,0,72.13
,45361,2026-03-19T19:01:23+00:00,1179,0,0,72.13
,45362,2026-03-19T19:01:23+00:00,99,0,0,76.51
,45363,2026-03-19T19:01:23+00:00,329,0,0,61.25
,45364,2026-03-19T19:01:23+00:00,329,0,0,61.25
,45365,2026-03-19T19:01:23+00:00,329,0,0,61.25
,45366,2026-03-19T19:01:23+00:00,79,0,0,76.05
,45367,2026-03-19T19:01:23+00:00,2619,0,0,61.25
,45368,2026-03-19T19:01:23+00:00,2529,0,0,61.25
,45369,2026-03-19T19:01:23+00:00,59,0,0,76.96
,45370,2026-03-19T19:01:23+00:00,199,0,0,76.48
,45371,2026-03-19T19:01:23+00:00,139,0,0,72.23
,45372,2026-03-19T19:01:23+00:00,59,0,0,76.96
,45373,2026-03-19T19:01:23+00:00,59,0,0,76.96
,45374,2026-03-19T19:01:23+00:00,2499,0,0,61.25
,45375,2026-03-19T19:01:23+00:00,99,0,0,74.43
,45376,2026-03-19T19:01:23+00:00,69,0,0,61.25
,45377,2026-03-19T19:01:23+00:00,99,0,0,61.25
,45378,2026-03-19T19:01:23+00:00,99,0,0,74.43
,45379,2026-03-19T19:01:23+00:00,2959,0,0,69.32
,45380,2026-03-19T19:01:23+00:00,79,0,0,76.05
,45381,2026-03-19T19:01:23+00:00,79,0,0,76.05
,45382,2026-03-19T19:01:23+00:00,79,0,0,76.05
,45383,2026-03-19T19:01:23+00:00,99,0,0,76.51
,45384,2026-03-19T19:01:23+00:00,99,0,0,76.51
,45385,2026-03-19T19:01:23+00:00,2619,0,0,61.25
,45386,2026-03-19T19:01:23+00:00,99,0,0,76.51
,45387,2026-03-19T19:01:23+00:00,59,0,0,61.25
,45388,2026-03-19T19:01:23+00:00,99,0,0,76.51
,45389,2026-03-19T19:01:23+00:00,99,0,0,76.51
,45390,2026-03-19T19:01:23+00:00,99,0,0,76.96
,45391,2026-03-19T19:01:23+00:00,59,0,0,76.96
,45392,2026-03-19T19:01:23+00:00,149,0,0,76.49
,45393,2026-03-19T19:01:23+00:00,129,0,0,61.87
,45394,2026-03-19T19:01:23+00:00,99,0,0,76.96
,45395,2026-03-19T19:01:23+00:00,99,0,0,76.96
,45396,2026-03-19T19:01:23+00:00,99,0,0,76.96
,45397,2026-03-19T19:01:23+00:00,2799,0,0,61.25
,45398,2026-03-19T19:01:23+00:00,3859,0,0,61.25
,45399,2026-03-19T19:01:23+00:00,2799,0,0,61.25
,45400,2026-03-19T19:01:23+00:00,4289,0,0,74.38
,45401,2026-03-19T19:01:23+00:00,2999,0,0,61.25
,45402,2026-03-19T19:01:23+00:00,2999,0,0,61.25
,45403,2026-03-19T19:01:23+00:00,3299,0,0,61.25
,45404,2026-03-19T19:01:23+00:00,4199,0,0,61.25
,45405,2026-03-19T19:01:23+00:00,2999,0,0,61.25
,45406,2026-03-19T19:01:23+00:00,2999,0,0,68.56
,45407,2026-03-19T19:01:23+00:00,2699,0,0,61.25
,45408,2026-03-19T19:01:23+00:00,229,0,0,61.25
,45409,2026-03-19T19:01:23+00:00,199,0,0,61.25
,45410,2026-03-19T19:01:23+00:00,279,0,0,61.25
,45411,2026-03-19T19:01:23+00:00,107,0,0,76.96
,45412,2026-03-19T19:01:23+00:00,249,0,0,76.47
,45413,2026-03-19T19:01:23+00:00,299,0,0,75.12
,45414,2026-03-19T19:01:23+00:00,287,0,0,61.25
,45415,2026-03-19T19:01:23+00:00,69,0,0,61.25
,45416,2026-03-19T19:01:23+00:00,289,0,0,74.62
,45417,2026-03-19T19:01:23+00:00,289,0,0,74.62
,45418,2026-03-19T19:01:23+00:00,279,0,0,61.25
,45419,2026-03-19T19:01:23+00:00,279,0,0,74.05
,45420,2026-03-19T19:01:23+00:00,25,0,0,44.47
,45421,2026-03-19T19:01:23+00:00,99,0,0,61.25
,45422,2026-03-19T19:01:23+00:00,99,0,1,34.75
,45423,2026-03-19T19:01:23+00:00,209,0,1,34.75
,45424,2026-03-19T19:01:23+00:00,131,0,0,61.25
,45425,2026-03-19T19:01:23+00:00,119,0,0,61.25
,45426,2026-03-19T19:01:23+00:00,129,0,0,61.25
,45427,2026-03-19T19:01:23+00:00,75,0,0,61.25
,45428,2026-03-19T19:01:23+00:00,169,0,0,61.25
,45429,2026-03-19T19:01:23+00:00,129,0,0,61.25
,45430,2026-03-19T19:01:23+00:00,189,0,0,61.25
,45431,2026-03-19T19:01:23+00:00,25,0,0,61.25
,45432,2026-03-19T19:01:23+00:00,19,0,0,61.25
,45433,2026-03-19T19:01:23+00:00,25,0,0,61.25
,45434,2026-03-19T19:01:23+00:00,129,0,0,61.25
,45435,2026-03-19T19:01:23+00:00,14,0,0,44.47
,45436,2026-03-19T19:01:23+00:00,55,0,0,61.25
,45437,2026-03-19T19:01:23+00:00,195,0,0,61.25
,45438,2026-03-19T19:01:23+00:00,19,0,0,61.25
,45439,2026-03-19T19:01:23+00:00,159,0,0,61.25
,45440,2026-03-19T19:01:23+00:00,159,0,0,61.25
,45441,2026-03-19T19:01:23+00:00,25,0,0,61.25
,45442,2026-03-19T19:01:23+00:00,25,0,0,61.25
,45443,2026-03-19T19:01:23+00:00,104,0,0,61.25
,45444,2026-03-19T19:01:23+00:00,25,0,0,61.25
,45445,2026-03-19T19:01:23+00:00,55,0,0,61.25
,45446,2026-03-19T19:01:23+00:00,55,0,0,61.25
,45447,2026-03-19T19:01:23+00:00,55,0,0,61.25
,45448,2026-03-19T19:01:23+00:00,59,0,0,61.25
,45449,2026-03-19T19:01:23+00:00,99,0,0,61.25
,45450,2026-03-19T19:01:23+00:00,99,0,0,61.25
,45451,2026-03-19T19:01:23+00:00,209,0,0,61.25
,45452,2026-03-19T19:01:23+00:00,119,0,0,61.25
,45453,2026-03-19T19:01:23+00:00,299,0,0,61.25
,45454,2026-03-19T19:01:23+00:00,299,0,0,61.25
,45455,2026-03-19T19:01:23+00:00,1199,0,0,75.73
,45456,2026-03-19T19:01:23+00:00,359,0,0,61.25
,45457,2026-03-19T19:01:23+00:00,359,0,1,34.75
,45458,2026-03-19T19:01:23+00:00,299,0,0,61.25
,45459,2026-03-19T19:01:23+00:00,299,0,0,61.25
,45460,2026-03-19T19:01:23+00:00,1499,0,0,44.47
,45461,2026-03-19T19:01:23+00:00,2999,0,0,61.25
,45462,2026-03-19T19:01:23+00:00,2299,0,0,61.25
,45463,2026-03-19T19:01:23+00:00,649,0,0,61.25
,45464,2026-03-19T19:01:23+00:00,1950,0,0,61.25
,45465,2026-03-19T19:01:23+00:00,2799,0,0,68.81
,45466,2026-03-19T19:01:23+00:00,699,0,0,61.25
,45467,2026-03-19T19:01:23+00:00,299,0,0,61.25
,45468,2026-03-19T19:01:23+00:00,359,0,0,61.25
,45469,2026-03-19T19:01:23+00:00,359,0,0,61.25
,45470,2026-03-19T19:01:23+00:00,359,0,0,61.25
,45471,2026-03-19T19:01:23+00:00,329,0,0,61.25
,45472,2026-03-19T19:01:23+00:00,359,0,0,61.25
,45473,2026-03-19T19:01:23+00:00,359,0,0,61.25
,45474,2026-03-19T19:01:23+00:00,2299,0,0,61.25
,45475,2026-03-19T19:01:23+00:00,2499,0,0,61.25
,45476,2026-03-19T19:01:23+00:00,129,0,0,76.96
,45477,2026-03-19T19:01:23+00:00,69,0,0,61.25
,45478,2026-03-19T19:01:23+00:00,89,0,0,61.25
,45479,2026-03-19T19:01:23+00:00,69,0,0,61.25
,45480,2026-03-19T19:01:23+00:00,55,0,0,61.25
,45481,2026-03-19T19:01:23+00:00,89,0,0,61.25
,45482,2026-03-19T19:01:23+00:00,189,0,0,61.25
,45483,2026-03-19T19:01:23+00:00,179,0,0,61.25
,45484,2026-03-19T19:01:23+00:00,109,0,0,61.25
,45485,2026-03-19T19:01:23+00:00,99,0,0,76.96
,45486,2026-03-19T19:01:23+00:00,159,0,0,76
,45487,2026-03-19T19:01:23+00:00,119,0,0,76.81
,45488,2026-03-19T19:01:23+00:00,79,0,0,76.96
,45489,2026-03-19T19:01:23+00:00,349,0,0,71.81
,45490,2026-03-19T19:01:23+00:00,349,0,0,72.6
,45491,2026-03-19T19:01:23+00:00,199,0,1,34.75
,45492,2026-03-19T19:01:23+00:00,339,0,0,61.25
,45493,2026-03-19T19:01:23+00:00,189,0,0,66.74
,45494,2026-03-19T19:01:23+00:00,179,0,0,73.87
,45495,2026-03-19T19:01:23+00:00,199,0,0,66.63
,45496,2026-03-19T19:01:23+00:00,199,0,0,70.29
,45497,2026-03-19T19:01:23+00:00,219,0,0,69.84
,45498,2026-03-19T19:01:23+00:00,299,0,0,73.59
,45499,2026-03-19T19:01:23+00:00,319,0,0,73.17
,45500,2026-03-19T19:01:23+00:00,219,0,0,69.84
,45501,2026-03-19T19:01:23+00:00,159,0,0,76.96
,45502,2026-03-19T19:01:23+00:00,139,0,0,74.07
,45503,2026-03-19T19:01:23+00:00,359,0,0,70.81
,45504,2026-03-19T19:01:23+00:00,9,0,0,61.25
,45505,2026-03-19T19:01:23+00:00,25,0,0,61.25
,45506,2026-03-19T19:01:23+00:00,29,0,0,61.25
,45507,2026-03-19T19:01:23+00:00,39,0,0,61.25
,45508,2026-03-19T19:01:23+00:00,19,0,0,61.25
,45509,2026-03-19T19:01:23+00:00,99,0,0,76.96
,45510,2026-03-19T19:01:23+00:00,99,0,0,76.96
,45511,2026-03-19T19:01:23+00:00,99,0,0,76.96
,45512,2026-03-19T19:01:23+00:00,99,0,0,62.85
,45513,2026-03-19T19:01:23+00:00,99,0,0,62.85
,45514,2026-03-19T19:01:23+00:00,79,0,0,76.96
,45515,2026-03-19T19:01:23+00:00,79,0,0,76.96
,45516,2026-03-19T19:01:23+00:00,99,0,0,76.96
,45517,2026-03-19T19:01:23+00:00,99,0,0,76.96
,45518,2026-03-19T19:01:23+00:00,99,0,0,76.96
,45519,2026-03-19T19:01:23+00:00,99,0,0,76.96
,45520,2026-03-19T19:01:23+00:00,99,0,0,62.85
,45521,2026-03-19T19:01:23+00:00,59,0,0,76.96
,45522,2026-03-19T19:01:23+00:00,59,0,0,76.96
,45523,2026-03-19T19:01:23+00:00,59,0,0,76.96
,45524,2026-03-19T19:01:23+00:00,59,0,0,62.85
,45525,2026-03-19T19:01:23+00:00,59,0,0,76.96
,45526,2026-03-19T19:01:23+00:00,99,0,0,62.85
,45527,2026-03-19T19:01:23+00:00,59,0,0,76.96
,45528,2026-03-19T19:01:23+00:00,59,0,0,76.96
,45529,2026-03-19T19:01:23+00:00,79,0,0,76.96
,45530,2026-03-19T19:01:23+00:00,99,0,0,76.96
,45531,2026-03-19T19:01:23+00:00,99,0,0,76.96
,45532,2026-03-19T19:01:23+00:00,99,0,0,76.96
,45533,2026-03-19T19:01:23+00:00,99,0,0,76.96
,45534,2026-03-19T19:01:23+00:00,99,0,0,76.96
,45535,2026-03-19T19:01:23+00:00,69,0,0,62.85
,45536,2026-03-19T19:01:23+00:00,79,0,0,76.96
,45537,2026-03-19T19:01:23+00:00,59,0,0,76.96
,45538,2026-03-19T19:01:23+00:00,79,0,0,76.96
,45539,2026-03-19T19:01:23+00:00,99,0,0,76.96
,45540,2026-03-19T19:01:23+00:00,79,0,0,76.96
,45541,2026-03-19T19:01:23+00:00,79,0,0,76.96
,45542,2026-03-19T19:01:23+00:00,79,0,0,76.96
,45543,2026-03-19T19:01:23+00:00,79,0,0,76.96
,45544,2026-03-19T19:01:23+00:00,79,0,0,76.96
,45545,2026-03-19T19:01:23+00:00,29,0,0,61.25
,45546,2026-03-19T19:01:23+00:00,59,0,1,52.95
,45547,2026-03-19T19:01:23+00:00,99,0,0,76.96
,45548,2026-03-19T19:01:23+00:00,99,0,0,76.96
,45549,2026-03-19T19:01:23+00:00,29,0,0,61.25
,45550,2026-03-19T19:01:23+00:00,129,0,0,76.96
,45551,2026-03-19T19:01:23+00:00,129,0,0,76.96
,45552,2026-03-19T19:01:23+00:00,129,0,0,76.96
,45553,2026-03-19T19:01:23+00:00,129,0,0,76.96
,45554,2026-03-19T19:01:23+00:00,129,0,0,76.96
,45555,2026-03-19T19:01:23+00:00,129,0,0,76.96
,45556,2026-03-19T19:01:23+00:00,119,0,0,76.81
,45557,2026-03-19T19:01:23+00:00,99,0,0,75.32
,45558,2026-03-19T19:01:23+00:00,99,0,0,74.43
,45559,2026-03-19T19:01:23+00:00,89,0,0,61.25
,45560,2026-03-19T19:01:23+00:00,99,0,0,62.85
,45561,2026-03-19T19:01:23+00:00,99,0,1,36.31
,45562,2026-03-19T19:01:23+00:00,49,0,0,61.25
,45563,2026-03-19T19:01:23+00:00,99,0,1,34.24
,45564,2026-03-19T19:01:23+00:00,59,0,0,61.25
,45565,2026-03-19T19:01:23+00:00,69,0,0,61.25
,45566,2026-03-19T19:01:23+00:00,99,0,0,62.85
,45567,2026-03-19T19:01:23+00:00,99,0,0,76.96
,45568,2026-03-19T19:01:23+00:00,99,0,0,60.72
,45569,2026-03-19T19:01:23+00:00,99,0,0,76.96
,45570,2026-03-19T19:01:23+00:00,79,0,0,61.25
,45571,2026-03-19T19:01:23+00:00,79,0,0,61.25
,45572,2026-03-19T19:01:23+00:00,59,0,0,61.25
,45573,2026-03-19T19:01:23+00:00,99,0,0,76.51
,45574,2026-03-19T19:01:23+00:00,99,0,0,74.43
,45575,2026-03-19T19:01:23+00:00,99,0,0,74.43
,45576,2026-03-19T19:01:23+00:00,99,0,0,76.96
,45577,2026-03-19T19:01:23+00:00,99,0,0,76.51
,45578,2026-03-19T19:01:23+00:00,119,0,0,75.16
,45579,2026-03-19T19:01:23+00:00,99,0,0,74.43
,45580,2026-03-19T19:01:23+00:00,99,0,0,76.96
,45581,2026-03-19T19:01:23+00:00,99,0,0,76.51
,45582,2026-03-19T19:01:23+00:00,99,0,0,76.51
,45583,2026-03-19T19:01:23+00:00,99,0,0,62.27
,45584,2026-03-19T19:01:23+00:00,99,0,0,76.51
,45585,2026-03-19T19:01:23+00:00,99,0,0,76.51
,45586,2026-03-19T19:01:23+00:00,49,0,0,61.25
,45587,2026-03-19T19:01:23+00:00,79,0,0,61.25
,45588,2026-03-19T19:01:23+00:00,79,0,0,61.25
,45589,2026-03-19T19:01:23+00:00,69,0,0,61.25
,45590,2026-03-19T19:01:23+00:00,49,0,0,61.25
,45591,2026-03-19T19:01:23+00:00,149,0,0,73.61
,45592,2026-03-19T19:01:23+00:00,729,0,0,61.25
,45593,2026-03-19T19:01:23+00:00,399,0,0,50.28
,45594,2026-03-19T19:01:23+00:00,979,0,0,81.2
,45595,2026-03-19T19:01:23+00:00,259,0,0,56.07
,45596,2026-03-19T19:01:23+00:00,999,0,0,61.25
,45597,2026-03-19T19:01:23+00:00,729,0,0,61.25
,45598,2026-03-19T19:01:23+00:00,299,0,0,75.73
,45599,2026-03-19T19:01:23+00:00,379,0,0,61.25
,45600,2026-03-19T19:01:23+00:00,319,0,0,61.25
,45601,2026-03-19T19:01:23+00:00,319,0,1,34.75
,45602,2026-03-19T19:01:23+00:00,319,0,1,51.25
,45603,2026-03-19T19:01:23+00:00,1039,0,0,61.25
,45604,2026-03-19T19:01:23+00:00,729,0,0,44.47
,45605,2026-03-19T19:01:23+00:00,729,0,0,61.25
,45606,2026-03-19T19:01:23+00:00,1017,0,0,74.65
,45607,2026-03-19T19:01:23+00:00,199,0,0,58.02
,45608,2026-03-19T19:01:23+00:00,149,0,0,61.25
,45609,2026-03-19T19:01:23+00:00,259,0,0,56.07
,45610,2026-03-19T19:01:23+00:00,749,0,0,44.47
,45611,2026-03-19T19:01:23+00:00,749,0,0,61.25
,45612,2026-03-19T19:01:23+00:00,749,0,0,61.25
,45613,2026-03-19T19:01:23+00:00,749,0,0,61.25
,45614,2026-03-19T19:01:23+00:00,89,0,1,34.75
,45615,2026-03-19T19:01:23+00:00,259,0,1,34.75
,45616,2026-03-19T19:01:23+00:00,129,0,0,61.25
,45617,2026-03-19T19:01:23+00:00,999,0,0,61.25
,45618,2026-03-19T19:01:23+00:00,149,0,0,53.88
,45619,2026-03-19T19:01:23+00:00,169,0,0,61.25
,45620,2026-03-19T19:01:23+00:00,1099,0,0,66.44
,45621,2026-03-19T19:01:23+00:00,349,0,0,61.25
,45622,2026-03-19T19:01:23+00:00,129,0,0,61.25
,45623,2026-03-19T19:01:23+00:00,179,0,0,61.25
,45624,2026-03-19T19:01:23+00:00,59,0,0,76.96
,45625,2026-03-19T19:01:23+00:00,59,0,0,76.96
,45626,2026-03-19T19:01:23+00:00,9,0,0,61.25
,45627,2026-03-19T19:01:23+00:00,15,0,0,61.25
,45628,2026-03-19T19:01:23+00:00,39,0,0,76.96
,45629,2026-03-19T19:01:23+00:00,29,0,0,61.25
,45630,2026-03-19T19:01:23+00:00,35,0,0,61.25
,45631,2026-03-19T19:01:23+00:00,15,0,0,75.73
,45632,2026-03-19T19:01:23+00:00,15,0,0,61.25
,45633,2026-03-19T19:01:23+00:00,69,0,0,61.25
,45634,2026-03-19T19:01:23+00:00,69,0,0,61.25
,45635,2026-03-19T19:01:23+00:00,69,0,0,61.25
,45636,2026-03-19T19:01:23+00:00,29,0,0,76.96
,45637,2026-03-19T19:01:23+00:00,29,0,0,76.96
,45638,2026-03-19T19:01:23+00:00,29,0,0,76.96
,45639,2026-03-19T19:01:23+00:00,29,0,0,76.96
,45640,2026-03-19T19:01:23+00:00,29,0,0,76.96
,45641,2026-03-19T19:01:23+00:00,29,0,0,61.25
,45642,2026-03-19T19:01:23+00:00,29,0,0,61.25
,45643,2026-03-19T19:01:23+00:00,12,0,0,61.25
,45644,2026-03-19T19:01:23+00:00,12,0,0,61.25
,45645,2026-03-19T19:01:23+00:00,13,0,0,61.25
,45646,2026-03-19T19:01:23+00:00,24,0,0,61.25
,45647,2026-03-19T19:01:23+00:00,14,0,0,61.25
,45648,2026-03-19T19:01:23+00:00,59,0,0,76.96
,45649,2026-03-19T19:01:23+00:00,14,0,0,61.25
,45650,2026-03-19T19:01:23+00:00,14,0,0,61.25
,45651,2026-03-19T19:01:23+00:00,14,0,0,61.25
,45652,2026-03-19T19:01:23+00:00,29,0,0,71.98
,45653,2026-03-19T19:01:23+00:00,24,0,0,61.25
,45654,2026-03-19T19:01:23+00:00,14,0,0,61.25
,45655,2026-03-19T19:01:23+00:00,59,0,0,76.96
,45656,2026-03-19T19:01:23+00:00,59,0,0,76.96
,45657,2026-03-19T19:01:23+00:00,9,0,0,61.25
,45658,2026-03-19T19:01:23+00:00,39,0,0,75.73
,45659,2026-03-19T19:01:23+00:00,11,0,0,75.73
,45660,2026-03-19T19:01:23+00:00,39,0,0,61.25
,45661,2026-03-19T19:01:23+00:00,8,0,0,75.73
,45662,2026-03-19T19:01:23+00:00,35,0,0,44.47
,45663,2026-03-19T19:01:23+00:00,9,0,0,61.25
,45664,2026-03-19T19:01:23+00:00,39,0,0,75.1
,45665,2026-03-19T19:01:23+00:00,14,0,0,61.25
,45666,2026-03-19T19:01:23+00:00,29,0,0,44.47
,45667,2026-03-19T19:01:23+00:00,9,0,0,61.25
,45668,2026-03-19T19:01:23+00:00,35,0,0,61.25
,45669,2026-03-19T19:01:23+00:00,40,0,0,61.25
,45670,2026-03-19T19:01:23+00:00,59,0,0,76.96
,45671,2026-03-19T19:01:23+00:00,34,0,0,61.25
,45672,2026-03-19T19:01:23+00:00,15,0,0,61.25
,45673,2026-03-19T19:01:23+00:00,29,0,0,61.25
,45674,2026-03-19T19:01:23+00:00,29,0,0,61.25
,45675,2026-03-19T19:01:23+00:00,29,0,0,61.25
,45676,2026-03-19T19:01:23+00:00,29,0,0,61.25
,45677,2026-03-19T19:01:23+00:00,29,0,0,61.25
,45678,2026-03-19T19:01:23+00:00,29,0,0,61.25
,45679,2026-03-19T19:01:23+00:00,29,0,0,61.25
,45680,2026-03-19T19:01:23+00:00,29,0,0,61.25
,45681,2026-03-19T19:01:23+00:00,29,0,0,61.25
,45682,2026-03-19T19:01:23+00:00,36,0,1,34.75
,45683,2026-03-19T19:01:23+00:00,10,0,0,75.73
,45684,2026-03-19T19:01:23+00:00,9,0,0,75.73
,45685,2026-03-19T19:01:23+00:00,39,0,0,61.25
,45686,2026-03-19T19:01:23+00:00,59,0,0,76.96
,45687,2026-03-19T19:01:23+00:00,39,0,0,61.25
,45688,2026-03-19T19:01:23+00:00,59,0,0,75.22
,45689,2026-03-19T19:01:23+00:00,27,0,0,61.25
,45690,2026-03-19T19:01:23+00:00,9,0,0,61.25
,45691,2026-03-19T19:01:23+00:00,39,0,0,61.25
,45692,2026-03-19T19:01:23+00:00,13,0,0,61.25
,45693,2026-03-19T19:01:23+00:00,59,0,0,76.96
,45694,2026-03-19T19:01:23+00:00,55,0,0,61.25
,45695,2026-03-19T19:01:23+00:00,59,0,0,61.25
,45696,2026-03-19T19:01:23+00:00,59,0,0,61.25
,45697,2026-03-19T19:01:23+00:00,69,0,0,61.25
,45698,2026-03-19T19:01:23+00:00,59,0,0,61.25
,45699,2026-03-19T19:01:23+00:00,49,0,0,61.25
,45700,2026-03-19T19:01:23+00:00,49,0,0,44.47
,45701,2026-03-19T19:01:23+00:00,69,0,0,61.25
,45702,2026-03-19T19:01:23+00:00,69,0,0,61.25
,45703,2026-03-19T19:01:23+00:00,69,0,0,61.25
,45704,2026-03-19T19:01:23+00:00,59,0,0,61.25
,45705,2026-03-19T19:01:23+00:00,59,0,0,61.25
,45706,2026-03-19T19:01:23+00:00,59,0,0,61.25
,45707,2026-03-19T19:01:23+00:00,59,0,0,61.25
,45708,2026-03-19T19:01:23+00:00,69,0,0,61.25
,45709,2026-03-19T19:01:23+00:00,69,0,0,61.25
,45710,2026-03-19T19:01:23+00:00,69,0,0,61.25
,45711,2026-03-19T19:01:23+00:00,69,0,0,61.25
,45712,2026-03-19T19:01:23+00:00,62,0,0,61.25
,45713,2026-03-19T19:01:23+00:00,69,0,0,61.25
,45714,2026-03-19T19:01:23+00:00,65,0,0,61.25
,45715,2026-03-19T19:01:23+00:00,59,0,0,61.25
,45716,2026-03-19T19:01:23+00:00,59,0,0,61.25
,45717,2026-03-19T19:01:23+00:00,53,0,0,61.25
,45718,2026-03-19T19:01:23+00:00,60,0,0,44.47
,45719,2026-03-19T19:01:23+00:00,55,0,0,61.25
,45720,2026-03-19T19:01:23+00:00,55,0,1,34.75
,45721,2026-03-19T19:01:23+00:00,59,0,0,75.73
,45722,2026-03-19T19:01:23+00:00,59,0,0,61.25
,45723,2026-03-19T19:01:23+00:00,65,0,0,61.25
,45724,2026-03-19T19:01:23+00:00,65,0,0,61.25
,45725,2026-03-19T19:01:23+00:00,65,0,0,61.25
,45726,2026-03-19T19:01:23+00:00,65,0,0,61.25
,45727,2026-03-19T19:01:23+00:00,65,0,0,61.25
,45728,2026-03-19T19:01:23+00:00,65,0,0,61.25
,45729,2026-03-19T19:01:23+00:00,55,0,0,61.25
,45730,2026-03-19T19:01:23+00:00,55,0,0,61.25
,45731,2026-03-19T19:01:23+00:00,55,0,0,61.25
,45732,2026-03-19T19:01:23+00:00,45,0,0,61.25
,45733,2026-03-19T19:01:23+00:00,55,0,0,61.25
,45734,2026-03-19T19:01:23+00:00,99,0,0,74.43
,45735,2026-03-19T19:01:23+00:00,99,0,0,74.43
,45736,2026-03-19T19:01:23+00:00,49,0,0,61.25
,45737,2026-03-19T19:01:23+00:00,49,0,0,61.25
,45738,2026-03-19T19:01:23+00:00,59,0,0,61.25
,45739,2026-03-19T19:01:23+00:00,59,0,0,44.47
,45740,2026-03-19T19:01:23+00:00,95,0,0,61.25
,45741,2026-03-19T19:01:23+00:00,75,0,0,61.25
,45742,2026-03-19T19:01:23+00:00,95,0,0,61.25
,45743,2026-03-19T19:01:23+00:00,74,0,0,61.25
,45744,2026-03-19T19:01:23+00:00,75,0,0,61.25
,45745,2026-03-19T19:01:23+00:00,89,0,0,61.25
,45746,2026-03-19T19:01:23+00:00,99,0,0,71.85
,45747,2026-03-19T19:01:23+00:00,89,0,0,61.25
,45748,2026-03-19T19:01:23+00:00,95,0,0,61.25
,45749,2026-03-19T19:01:23+00:00,99,0,0,61.25
,45750,2026-03-19T19:01:23+00:00,82,0,0,61.25
,45751,2026-03-19T19:01:23+00:00,82,0,0,61.25
,45752,2026-03-19T19:01:23+00:00,85,0,0,61.25
,45753,2026-03-19T19:01:23+00:00,79,0,0,61.25
,45754,2026-03-19T19:01:23+00:00,75,0,0,44.47
,45755,2026-03-19T19:01:23+00:00,75,0,0,61.25
,45756,2026-03-19T19:01:23+00:00,89,0,0,75.73
,45757,2026-03-19T19:01:23+00:00,99,0,0,61.25
,45758,2026-03-19T19:01:23+00:00,99,0,0,61.25
,45759,2026-03-19T19:01:23+00:00,79,0,0,44.47
,45760,2026-03-19T19:01:23+00:00,89,0,0,61.25
,45761,2026-03-19T19:01:23+00:00,99,0,0,61.25
,45762,2026-03-19T19:01:23+00:00,82,0,0,66.06
,45763,2026-03-19T19:01:23+00:00,79,0,0,61.25
,45764,2026-03-19T19:01:23+00:00,75,0,0,61.25
,45765,2026-03-19T19:01:23+00:00,95,0,0,61.25
,45766,2026-03-19T19:01:23+00:00,95,0,0,61.25
,45767,2026-03-19T19:01:23+00:00,95,0,0,61.25
,45768,2026-03-19T19:01:23+00:00,99,0,0,54.16
,45769,2026-03-19T19:01:23+00:00,99,0,0,54.16
,45770,2026-03-19T19:01:23+00:00,89,0,0,44.47
,45771,2026-03-19T19:01:23+00:00,89,0,0,44.47
,45772,2026-03-19T19:01:23+00:00,89,0,0,61.25
,45773,2026-03-19T19:01:23+00:00,99,0,0,61.25
,45774,2026-03-19T19:01:23+00:00,95,0,0,61.25
,45775,2026-03-19T19:01:23+00:00,75,0,0,61.25
,45776,2026-03-19T19:01:23+00:00,119,0,0,73.2
,45777,2026-03-19T19:01:23+00:00,75,0,0,61.25
,45778,2026-03-19T19:01:23+00:00,69,0,0,61.25
,45779,2026-03-19T19:01:23+00:00,69,0,0,61.25
,45780,2026-03-19T19:01:23+00:00,99,0,0,74.43
,45781,2026-03-19T19:01:23+00:00,89,0,0,61.25
,45782,2026-03-19T19:01:23+00:00,89,0,0,61.25
,45783,2026-03-19T19:01:23+00:00,75,0,0,61.25
,45784,2026-03-19T19:01:23+00:00,89,0,0,61.25
,45785,2026-03-19T19:01:23+00:00,89,0,0,61.25
,45786,2026-03-19T19:01:23+00:00,119,0,0,61.25
,45787,2026-03-19T19:01:23+00:00,145,0,0,61.25
,45788,2026-03-19T19:01:23+00:00,109,0,0,61.25
,45789,2026-03-19T19:01:23+00:00,109,0,0,61.25
,45790,2026-03-19T19:01:23+00:00,105,0,0,61.25
,45791,2026-03-19T19:01:23+00:00,105,0,0,61.25
,45792,2026-03-19T19:01:23+00:00,109,0,0,61.25
,45793,2026-03-19T19:01:23+00:00,105,0,0,61.25
,45794,2026-03-19T19:01:23+00:00,105,0,0,61.25
,45795,2026-03-19T19:01:23+00:00,119,0,0,61.25
,45796,2026-03-19T19:01:23+00:00,139,0,0,61.25
,45797,2026-03-19T19:01:23+00:00,209,0,0,59.68
,45798,2026-03-19T19:01:23+00:00,127,0,0,61.25
,45799,2026-03-19T19:01:23+00:00,109,0,0,61.25
,45800,2026-03-19T19:01:23+00:00,125,0,0,50.19
,45801,2026-03-19T19:01:23+00:00,109,0,0,44.47
,45802,2026-03-19T19:01:23+00:00,119,0,0,61.25
,45803,2026-03-19T19:01:23+00:00,115,0,0,61.25
,45804,2026-03-19T19:01:23+00:00,115,0,0,61.25
,45805,2026-03-19T19:01:23+00:00,129,0,0,61.25
,45806,2026-03-19T19:01:23+00:00,119,0,0,61.25
,45807,2026-03-19T19:01:23+00:00,119,0,0,61.25
,45808,2026-03-19T19:01:23+00:00,125,0,0,61.25
,45809,2026-03-19T19:01:23+00:00,119,0,0,61.25
,45810,2026-03-19T19:01:23+00:00,109,0,0,61.25
,45811,2026-03-19T19:01:23+00:00,125,0,0,61.25
,45812,2026-03-19T19:01:23+00:00,119,0,0,61.25
,45813,2026-03-19T19:01:23+00:00,119,0,0,61.25
,45814,2026-03-19T19:01:23+00:00,99,0,0,61.25
,45815,2026-03-19T19:01:23+00:00,99,0,0,61.25
,45816,2026-03-19T19:01:23+00:00,139,0,0,61.25
,45817,2026-03-19T19:01:23+00:00,119,0,0,61.25
,45818,2026-03-19T19:01:23+00:00,119,0,0,61.25
,45819,2026-03-19T19:01:23+00:00,99,0,0,61.25
,45820,2026-03-19T19:01:23+00:00,99,0,0,61.25
,45821,2026-03-19T19:01:23+00:00,99,0,0,61.25
,45822,2026-03-19T19:01:23+00:00,99,0,0,61.25
,45823,2026-03-19T19:01:23+00:00,129,0,0,61.25
,45824,2026-03-19T19:01:23+00:00,119,0,0,61.25
,45825,2026-03-19T19:01:23+00:00,119,0,0,61.25
,45826,2026-03-19T19:01:23+00:00,119,0,0,61.25
,45827,2026-03-19T19:01:23+00:00,119,0,0,61.25
,45828,2026-03-19T19:01:23+00:00,119,0,0,61.25
,45829,2026-03-19T19:01:23+00:00,119,0,0,61.25
,45830,2026-03-19T19:01:23+00:00,99,0,0,61.25
,45831,2026-03-19T19:01:23+00:00,99,0,0,44.47
,45832,2026-03-19T19:01:23+00:00,199,0,0,63.42
,45833,2026-03-19T19:01:23+00:00,199,0,0,73.18
,45834,2026-03-19T19:01:23+00:00,199,0,0,58.02
,45835,2026-03-19T19:01:23+00:00,199,0,0,73.18
,45836,2026-03-19T19:01:23+00:00,289,0,0,59.83
,45837,2026-03-19T19:01:23+00:00,289,0,0,74.62
,45838,2026-03-19T19:01:23+00:00,289,0,0,74.62
,45839,2026-03-19T19:01:23+00:00,155,0,0,61.25
,45840,2026-03-19T19:01:23+00:00,169,0,0,61.25
,45841,2026-03-19T19:01:23+00:00,159,0,0,61.25
,45842,2026-03-19T19:01:23+00:00,152,0,0,48.84
,45843,2026-03-19T19:01:23+00:00,159,0,1,34.75
,45844,2026-03-19T19:01:23+00:00,152,0,0,61.25
,45845,2026-03-19T19:01:23+00:00,199,0,0,61.25
,45846,2026-03-19T19:01:23+00:00,159,0,0,61.25
,45847,2026-03-19T19:01:23+00:00,159,0,0,61.25
,45848,2026-03-19T19:01:23+00:00,179,0,0,61.25
,45849,2026-03-19T19:01:23+00:00,179,0,0,61.25
,45850,2026-03-19T19:01:23+00:00,152,0,0,61.25
,45851,2026-03-19T19:01:23+00:00,199,0,0,71.82
,45852,2026-03-19T19:01:23+00:00,195,0,0,61.25
,45853,2026-03-19T19:01:23+00:00,289,0,0,74.62
,45854,2026-03-19T19:01:23+00:00,199,0,0,52.51
,45855,2026-03-19T19:01:23+00:00,199,0,0,52.51
,45856,2026-03-19T19:01:23+00:00,199,0,0,61.25
,45857,2026-03-19T19:01:23+00:00,189,0,0,54.82
,45858,2026-03-19T19:01:23+00:00,189,0,0,54.82
,45859,2026-03-19T19:01:23+00:00,179,0,0,61.25
,45860,2026-03-19T19:01:23+00:00,145,0,0,61.25
,45861,2026-03-19T19:01:23+00:00,159,0,0,75.73
,45862,2026-03-19T19:01:23+00:00,199,0,0,61.25
,45863,2026-03-19T19:01:23+00:00,199,0,0,61.25
,45864,2026-03-19T19:01:23+00:00,199,0,0,61.25
,45865,2026-03-19T19:01:23+00:00,155,0,0,44.47
,45866,2026-03-19T19:01:23+00:00,155,0,0,61.25
,45867,2026-03-19T19:01:23+00:00,145,0,0,61.25
,45868,2026-03-19T19:01:23+00:00,159,0,0,61.25
,45869,2026-03-19T19:01:23+00:00,169,0,0,61.25
,45870,2026-03-19T19:01:23+00:00,199,0,0,61.25
,45871,2026-03-19T19:01:23+00:00,199,0,0,61.25
,45872,2026-03-19T19:01:23+00:00,159,0,0,61.25
,45873,2026-03-19T19:01:23+00:00,199,0,0,70.29
,45874,2026-03-19T19:01:23+00:00,169,0,0,61.25
,45875,2026-03-19T19:01:23+00:00,179,0,1,51.25
,45876,2026-03-19T19:01:23+00:00,159,0,0,61.25
,45877,2026-03-19T19:01:23+00:00,469,0,0,61.25
,45878,2026-03-19T19:01:23+00:00,499,0,0,61.25
,45879,2026-03-19T19:01:23+00:00,279,0,0,61.25
,45880,2026-03-19T19:01:23+00:00,215,0,0,61.25
,45881,2026-03-19T19:01:23+00:00,379,0,0,54.81
,45882,2026-03-19T19:01:23+00:00,379,0,0,54.81
,45883,2026-03-19T19:01:23+00:00,495,0,0,61.25
,45884,2026-03-19T19:01:23+00:00,1399,0,0,61.25
,45885,2026-03-19T19:01:23+00:00,1129,0,0,61.25
,45886,2026-03-19T19:01:23+00:00,859,0,0,61.25
,45887,2026-03-19T19:01:23+00:00,1125,0,0,61.25
,45888,2026-03-19T19:01:23+00:00,1659,0,0,61.25
,45889,2026-03-19T19:01:23+00:00,299,0,0,61.25
,45890,2026-03-19T19:01:23+00:00,249,0,0,61.25
,45891,2026-03-19T19:01:23+00:00,595,0,0,61.25
,45892,2026-03-19T19:01:23+00:00,719,0,0,76.96
,45893,2026-03-19T19:01:23+00:00,399,0,0,68.57
,45894,2026-03-19T19:01:23+00:00,2129,0,0,61.25
,45895,2026-03-19T19:01:23+00:00,239,0,0,61.25
,45896,2026-03-19T19:01:23+00:00,989,0,0,61.25
,45897,2026-03-19T19:01:23+00:00,435,0,0,61.25
,45898,2026-03-19T19:01:23+00:00,399,0,0,61.25
,45899,2026-03-19T19:01:23+00:00,449,0,0,71.41
,45900,2026-03-19T19:01:23+00:00,255,0,0,61.25
,45901,2026-03-19T19:01:23+00:00,499,0,0,61.25
,45902,2026-03-19T19:01:23+00:00,449,0,0,71.41
,45903,2026-03-19T19:01:23+00:00,199,0,0,61.25
,45904,2026-03-19T19:01:23+00:00,325,0,0,61.25
,45905,2026-03-19T19:01:23+00:00,269,0,0,44.47
,45906,2026-03-19T19:01:23+00:00,269,0,0,61.25
,45907,2026-03-19T19:01:23+00:00,299,0,1,34.75
,45908,2026-03-19T19:01:23+00:00,1099,0,0,61.25
,45909,2026-03-19T19:01:23+00:00,24,0,0,61.25
,45910,2026-03-19T19:01:23+00:00,42,0,0,61.25
,45911,2026-03-19T19:01:23+00:00,48,0,0,61.25
,45912,2026-03-19T19:01:23+00:00,29,0,0,61.25
,45913,2026-03-19T19:01:23+00:00,49,0,0,44.47
,45914,2026-03-19T19:01:23+00:00,45,0,0,61.25
,45915,2026-03-19T19:01:23+00:00,19,0,0,61.25
,45916,2026-03-19T19:01:23+00:00,169,0,0,76.96
,45917,2026-03-19T19:01:23+00:00,35,0,0,61.25
,45918,2026-03-19T19:01:23+00:00,29,0,0,61.25
,45919,2026-03-19T19:01:23+00:00,12,0,0,61.25
,45920,2026-03-19T19:01:23+00:00,25,0,0,61.25
,45921,2026-03-19T19:01:23+00:00,19,0,0,61.25
,45922,2026-03-19T19:01:23+00:00,26,0,0,44.47
,45923,2026-03-19T19:01:23+00:00,29,0,0,61.25
,45924,2026-03-19T19:01:23+00:00,26,0,0,61.25
,45925,2026-03-19T19:01:23+00:00,19,0,0,61.25
,45926,2026-03-19T19:01:23+00:00,8,0,0,75.73
,45927,2026-03-19T19:01:23+00:00,39,0,0,61.25
,45928,2026-03-19T19:01:23+00:00,9,0,0,61.25
,45929,2026-03-19T19:01:23+00:00,25,0,0,61.25
,45930,2026-03-19T19:01:23+00:00,69,0,0,76.96
,45931,2026-03-19T19:01:23+00:00,19,0,0,61.25
,45932,2026-03-19T19:01:23+00:00,45,0,0,61.25
,45933,2026-03-19T19:01:23+00:00,59,0,0,76.56
,45934,2026-03-19T19:01:23+00:00,49,0,0,61.25
,45935,2026-03-19T19:01:23+00:00,19,0,0,61.25
,45936,2026-03-19T19:01:23+00:00,49,0,0,61.25
,45937,2026-03-19T19:01:23+00:00,49,0,0,61.25
,45938,2026-03-19T19:01:23+00:00,45,0,0,76.96
,45939,2026-03-19T19:01:23+00:00,14,0,0,61.25
,45940,2026-03-19T19:01:23+00:00,29,0,0,76.96
,45941,2026-03-19T19:01:23+00:00,35,0,0,61.25
,45942,2026-03-19T19:01:23+00:00,149,0,0,76.96
,45943,2026-03-19T19:01:23+00:00,25,0,0,61.25
,45944,2026-03-19T19:01:23+00:00,89,0,0,76.96
,45945,2026-03-19T19:01:23+00:00,29,0,0,61.25
,45946,2026-03-19T19:01:23+00:00,59,0,0,75.22
,45947,2026-03-19T19:01:23+00:00,59,0,0,75.22
,45948,2026-03-19T19:01:23+00:00,59,0,0,75.22
,45949,2026-03-19T19:01:23+00:00,39,0,0,61.25
,45950,2026-03-19T19:01:23+00:00,29,0,0,61.25
,45951,2026-03-19T19:01:23+00:00,39,0,0,61.25
,45952,2026-03-19T19:01:23+00:00,39,0,0,61.25
,45953,2026-03-19T19:01:23+00:00,109,0,0,75.8
,45954,2026-03-19T19:01:23+00:00,149,0,0,75.15
,46046,2026-03-19T19:01:23+00:00,149,0,0,61.25
,45955,2026-03-19T19:01:23+00:00,85,0,0,61.25
,45956,2026-03-19T19:01:23+00:00,58,0,0,61.25
,45957,2026-03-19T19:01:23+00:00,74,0,0,61.25
,45958,2026-03-19T19:01:23+00:00,65,0,0,61.25
,45959,2026-03-19T19:01:23+00:00,53,0,0,61.25
,45960,2026-03-19T19:01:23+00:00,199,0,0,76.96
,45961,2026-03-19T19:01:23+00:00,89,0,0,61.25
,45962,2026-03-19T19:01:23+00:00,59,0,0,61.25
,45963,2026-03-19T19:01:23+00:00,59,0,0,61.25
,45964,2026-03-19T19:01:23+00:00,59,0,0,61.25
,45965,2026-03-19T19:01:23+00:00,99,0,0,61.25
,45966,2026-03-19T19:01:23+00:00,85,0,0,61.25
,45967,2026-03-19T19:01:23+00:00,69,0,0,61.25
,45968,2026-03-19T19:01:23+00:00,59,0,0,61.25
,45969,2026-03-19T19:01:23+00:00,69,0,0,61.25
,45970,2026-03-19T19:01:23+00:00,74,0,0,61.25
,45971,2026-03-19T19:01:23+00:00,74,0,0,61.25
,45972,2026-03-19T19:01:23+00:00,179,0,0,76.96
,45973,2026-03-19T19:01:23+00:00,92,0,0,61.25
,45974,2026-03-19T19:01:23+00:00,59,0,0,61.25
,45975,2026-03-19T19:01:23+00:00,73,0,0,44.47
,45976,2026-03-19T19:01:23+00:00,69,0,0,61.25
,45977,2026-03-19T19:01:23+00:00,89,0,0,61.25
,45978,2026-03-19T19:01:23+00:00,99,0,0,61.25
,45979,2026-03-19T19:01:23+00:00,99,0,0,61.25
,45980,2026-03-19T19:01:23+00:00,99,0,0,76.96
,45981,2026-03-19T19:01:23+00:00,65,0,0,61.25
,45982,2026-03-19T19:01:23+00:00,99,0,0,61.25
,45983,2026-03-19T19:01:23+00:00,55,0,0,61.25
,45984,2026-03-19T19:01:23+00:00,99,0,0,61.25
,45985,2026-03-19T19:01:23+00:00,59,0,0,44.47
,45986,2026-03-19T19:01:23+00:00,49,0,0,61.25
,45987,2026-03-19T19:01:23+00:00,49,0,0,61.25
,45988,2026-03-19T19:01:23+00:00,99,0,0,61.25
,45989,2026-03-19T19:01:23+00:00,89,0,0,61.25
,45990,2026-03-19T19:01:23+00:00,69,0,0,61.25
,45991,2026-03-19T19:01:23+00:00,69,0,0,61.25
,45992,2026-03-19T19:01:23+00:00,55,0,0,61.25
,45993,2026-03-19T19:01:23+00:00,69,0,0,61.25
,45994,2026-03-19T19:01:23+00:00,69,0,0,61.25
,45995,2026-03-19T19:01:23+00:00,79,0,0,61.25
,45996,2026-03-19T19:01:23+00:00,99,0,0,76.96
,45997,2026-03-19T19:01:23+00:00,79,0,0,61.25
,45998,2026-03-19T19:01:23+00:00,119,0,0,73.2
,45999,2026-03-19T19:01:23+00:00,199,0,0,74.74
,46000,2026-03-19T19:01:23+00:00,199,0,1,50.06
,46001,2026-03-19T19:01:23+00:00,169,0,0,61.25
,46002,2026-03-19T19:01:23+00:00,199,0,0,76.96
,46003,2026-03-19T19:01:23+00:00,179,0,0,61.25
,46004,2026-03-19T19:01:23+00:00,179,0,0,61.25
,46005,2026-03-19T19:01:23+00:00,179,0,0,61.25
,46006,2026-03-19T19:01:23+00:00,179,0,0,44.47
,46007,2026-03-19T19:01:23+00:00,179,0,0,61.25
,46008,2026-03-19T19:01:23+00:00,179,0,0,61.25
,46009,2026-03-19T19:01:23+00:00,155,0,0,61.25
,46010,2026-03-19T19:01:23+00:00,155,0,0,61.25
,46011,2026-03-19T19:01:23+00:00,155,0,0,61.25
,46012,2026-03-19T19:01:23+00:00,178,0,0,61.25
,46013,2026-03-19T19:01:23+00:00,177,0,0,61.25
,46014,2026-03-19T19:01:23+00:00,119,0,0,61.25
,46015,2026-03-19T19:01:23+00:00,179,0,0,61.25
,46016,2026-03-19T19:01:23+00:00,179,0,0,61.25
,46017,2026-03-19T19:01:23+00:00,199,0,0,68.57
,46018,2026-03-19T19:01:23+00:00,199,0,0,71.82
,46019,2026-03-19T19:01:23+00:00,109,0,0,61.25
,46020,2026-03-19T19:01:23+00:00,139,0,0,61.25
,46021,2026-03-19T19:01:23+00:00,109,0,0,61.25
,46022,2026-03-19T19:01:23+00:00,119,0,0,61.25
,46023,2026-03-19T19:01:23+00:00,169,0,0,61.25
,46024,2026-03-19T19:01:23+00:00,139,0,0,61.25
,46025,2026-03-19T19:01:23+00:00,149,0,0,61.25
,46026,2026-03-19T19:01:23+00:00,139,0,0,68.58
,46027,2026-03-19T19:01:23+00:00,139,0,0,68.58
,46028,2026-03-19T19:01:23+00:00,139,0,0,68.58
,46029,2026-03-19T19:01:23+00:00,139,0,0,68.58
,46030,2026-03-19T19:01:23+00:00,109,0,0,61.25
,46031,2026-03-19T19:01:23+00:00,109,0,0,61.25
,46032,2026-03-19T19:01:23+00:00,109,0,0,61.25
,46033,2026-03-19T19:01:23+00:00,109,0,0,61.25
,46034,2026-03-19T19:01:23+00:00,249,0,0,76.96
,46035,2026-03-19T19:01:23+00:00,249,0,0,76.96
,46036,2026-03-19T19:01:23+00:00,119,0,0,61.25
,46037,2026-03-19T19:01:23+00:00,189,0,0,75.87
,46038,2026-03-19T19:01:23+00:00,119,0,0,61.25
,46039,2026-03-19T19:01:23+00:00,119,0,0,61.25
,46040,2026-03-19T19:01:23+00:00,199,0,0,73.18
,46041,2026-03-19T19:01:23+00:00,199,0,0,73.18
,46042,2026-03-19T19:01:23+00:00,199,0,0,73.18
,46043,2026-03-19T19:01:23+00:00,119,0,0,61.25
,46044,2026-03-19T19:01:23+00:00,169,0,0,61.25
,46045,2026-03-19T19:01:23+00:00,149,0,0,61.25
,46047,2026-03-19T19:01:23+00:00,299,0,0,61.25
,46048,2026-03-19T19:01:23+00:00,349,0,0,69.08
,46049,2026-03-19T19:01:23+00:00,429,0,0,74.95
,46050,2026-03-19T19:01:23+00:00,205,0,0,61.25
,46051,2026-03-19T19:01:23+00:00,599,0,0,74.37
,46052,2026-03-19T19:01:23+00:00,399,0,0,76.46
,46053,2026-03-19T19:01:23+00:00,499,0,0,74.82
,46054,2026-03-19T19:01:23+00:00,699,0,0,75.31
,46055,2026-03-19T19:01:23+00:00,539,0,0,68.01
,46056,2026-03-19T19:01:23+00:00,239,0,0,70.82
,46057,2026-03-19T19:01:23+00:00,239,0,0,55.14
,46058,2026-03-19T19:01:23+00:00,249,0,0,61.25
,46059,2026-03-19T19:01:23+00:00,239,0,0,70.82
,46060,2026-03-19T19:01:23+00:00,329,0,0,49.35
,46061,2026-03-19T19:01:23+00:00,379,0,0,61.25
,46062,2026-03-19T19:01:23+00:00,239,0,0,61.25
,46063,2026-03-19T19:01:23+00:00,425,0,0,61.25
,46064,2026-03-19T19:01:23+00:00,199,0,0,68.57
,46065,2026-03-19T19:01:23+00:00,239,0,0,55.14
,46066,2026-03-19T19:01:23+00:00,239,0,0,61.25
,46067,2026-03-19T19:01:23+00:00,179,0,0,61.25
,46068,2026-03-19T19:01:23+00:00,249,0,0,61.25
,46069,2026-03-19T19:01:23+00:00,319,0,0,61.25
,46070,2026-03-19T19:01:23+00:00,229,0,0,69.64
,46071,2026-03-19T19:01:23+00:00,459,0,0,68.08
,46072,2026-03-19T19:01:23+00:00,209,0,0,61.25
,46073,2026-03-19T19:01:23+00:00,199,0,0,61.25
,46074,2026-03-19T19:01:23+00:00,399,0,0,61.25
,46075,2026-03-19T19:01:23+00:00,179,0,0,61.25
,46076,2026-03-19T19:01:23+00:00,359,0,0,61.25
,46077,2026-03-19T19:01:23+00:00,419,0,0,61.25
,46078,2026-03-19T19:01:23+00:00,489,0,0,61.25
,46079,2026-03-19T19:01:23+00:00,249,0,0,61.25
,46080,2026-03-19T19:01:23+00:00,249,0,0,61.25
,46081,2026-03-19T19:01:23+00:00,499,0,0,69.55
,46082,2026-03-19T19:01:23+00:00,269,0,0,74.3
,46083,2026-03-19T19:01:23+00:00,269,0,0,74.3
,46084,2026-03-19T19:01:23+00:00,269,0,0,74.3
,46085,2026-03-19T19:01:23+00:00,205,0,0,61.25
,46086,2026-03-19T19:01:23+00:00,195,0,0,61.25
,46087,2026-03-19T19:01:23+00:00,185,0,0,61.25
,46088,2026-03-19T19:01:23+00:00,185,0,0,61.25
,46089,2026-03-19T19:01:23+00:00,299,0,0,61.25
,46090,2026-03-19T19:01:23+00:00,899,0,0,76.96
,46091,2026-03-19T19:01:23+00:00,419,0,0,61.25
,46092,2026-03-19T19:01:23+00:00,229,0,0,61.25
,46093,2026-03-19T19:01:23+00:00,259,0,0,61.25
,46094,2026-03-19T19:01:23+00:00,299,0,0,61.25
,46095,2026-03-19T19:01:23+00:00,1369,0,0,66.67
,46096,2026-03-19T19:01:23+00:00,1299,0,0,68.56
,46097,2026-03-19T19:01:23+00:00,1989,0,0,68.39
,46098,2026-03-19T19:01:23+00:00,589,0,0,65.51
,46099,2026-03-19T19:01:23+00:00,899,0,0,74.11
,46100,2026-03-19T19:01:23+00:00,2619,0,0,61.25
,46101,2026-03-19T19:01:23+00:00,2539,0,0,61.25
,46102,2026-03-19T19:01:23+00:00,579,0,0,61.25
,46103,2026-03-19T19:01:23+00:00,659,0,0,61.25
,46104,2026-03-19T19:01:23+00:00,6199,0,0,61.25
,46105,2026-03-19T19:01:23+00:00,3889,0,0,61.25
,46106,2026-03-19T19:01:23+00:00,549,0,0,61.25
,46107,2026-03-19T19:01:23+00:00,1290,0,0,44.47
,46108,2026-03-19T19:01:23+00:00,539,0,0,66.08
,46109,2026-03-19T19:01:23+00:00,539,0,0,49.67
,46110,2026-03-19T19:01:23+00:00,539,0,0,49.67
,46111,2026-03-19T19:01:23+00:00,539,0,0,49.67
,46112,2026-03-19T19:01:23+00:00,539,0,0,49.67
,46113,2026-03-19T19:01:23+00:00,589,0,0,61.25
,46114,2026-03-19T19:01:23+00:00,1149,0,0,61.25
,46115,2026-03-19T19:01:23+00:00,1609,0,0,74.74
,46116,2026-03-19T19:01:23+00:00,899,0,0,61.25
,46117,2026-03-19T19:01:23+00:00,1399,0,0,61.25
,46118,2026-03-19T19:01:23+00:00,699,0,0,61.25
,46119,2026-03-19T19:01:23+00:00,699,0,0,61.25
,46120,2026-03-19T19:01:23+00:00,599,0,0,61.25
,46121,2026-03-19T19:01:23+00:00,1499,0,0,61.25
,46122,2026-03-19T19:01:23+00:00,529,0,0,61.25
,46123,2026-03-19T19:01:23+00:00,509,0,0,61.25
,46124,2026-03-19T19:01:23+00:00,1449,0,0,61.25
,46125,2026-03-19T19:01:23+00:00,1290,0,0,44.47
,46126,2026-03-19T19:01:23+00:00,689,0,0,61.25
,46127,2026-03-19T19:01:23+00:00,2990,0,0,61.25
,46128,2026-03-19T19:01:23+00:00,1299,0,0,61.25
,46129,2026-03-19T19:01:23+00:00,499,0,0,44.47
,46130,2026-03-19T19:01:23+00:00,659,0,0,61.25
,46131,2026-03-19T19:01:23+00:00,1289,0,0,61.25
,46132,2026-03-19T19:01:23+00:00,679,0,0,61.25
,46133,2026-03-19T19:01:23+00:00,599,0,0,61.25
,46134,2026-03-19T19:01:23+00:00,499,0,0,61.25
,46135,2026-03-19T19:01:23+00:00,629,0,0,61.25
,46136,2026-03-19T19:01:23+00:00,159,0,0,61.25
,46137,2026-03-19T19:01:23+00:00,99,0,0,61.25
,46138,2026-03-19T19:01:23+00:00,49,0,0,76.59
,46139,2026-03-19T19:01:23+00:00,49,0,0,76.59
,46140,2026-03-19T19:01:23+00:00,99,0,0,76.96
,46141,2026-03-19T19:01:23+00:00,339,0,0,61.25
,46142,2026-03-19T19:01:23+00:00,199,0,0,61.25
,46143,2026-03-19T19:01:23+00:00,989,0,0,61.25
,46144,2026-03-19T19:01:23+00:00,249,0,0,61.25
,46145,2026-03-19T19:01:23+00:00,99,0,0,61.25
,46146,2026-03-19T19:01:23+00:00,189,0,0,61.25
,46147,2026-03-19T19:01:23+00:00,259,0,0,61.25
,46148,2026-03-19T19:01:23+00:00,299,0,0,61.25
,46149,2026-03-19T19:01:23+00:00,209,0,0,61.25
,46150,2026-03-19T19:01:23+00:00,339,0,0,61.25
,46151,2026-03-19T19:01:23+00:00,129,0,0,61.25
,46152,2026-03-19T19:01:23+00:00,149,0,0,61.25
,46153,2026-03-19T19:01:23+00:00,19,0,0,61.25
,46154,2026-03-19T19:01:23+00:00,215,0,0,61.25
,46155,2026-03-19T19:01:23+00:00,99,0,0,76.51
,46156,2026-03-19T19:01:23+00:00,149,0,0,76.49
,46157,2026-03-19T19:01:23+00:00,149,0,0,75.15
,46158,2026-03-19T19:01:23+00:00,249,0,0,61.25
,46159,2026-03-19T19:01:23+00:00,99,0,0,61.25
,46160,2026-03-19T19:01:23+00:00,129,0,0,61.25
,46161,2026-03-19T19:01:23+00:00,149,0,0,61.25
,46162,2026-03-19T19:01:23+00:00,189,0,0,61.25
,46163,2026-03-19T19:01:23+00:00,199,0,0,61.25
,46164,2026-03-19T19:01:23+00:00,79,0,0,76.05
,46165,2026-03-19T19:01:23+00:00,75,0,0,61.25
,46166,2026-03-19T19:01:23+00:00,99,0,0,74.43
,46167,2026-03-19T19:01:23+00:00,99,0,0,74.43
,46168,2026-03-19T19:01:23+00:00,99,0,0,74.43
,46169,2026-03-19T19:01:23+00:00,99,0,0,74.43
,46170,2026-03-19T19:01:23+00:00,99,0,0,74.43
,46171,2026-03-19T19:01:23+00:00,149,0,0,61.25
,46172,2026-03-19T19:01:23+00:00,149,0,0,61.25
,46173,2026-03-19T19:01:23+00:00,189,0,0,61.25
,46174,2026-03-19T19:01:23+00:00,189,0,0,61.25
,46175,2026-03-19T19:01:23+00:00,339,0,0,61.25
,46176,2026-03-19T19:01:23+00:00,99,0,0,71.85
,46177,2026-03-19T19:01:23+00:00,139,0,0,72.23
,46178,2026-03-19T19:01:23+00:00,99,0,0,71.85
,46179,2026-03-19T19:01:23+00:00,249,0,0,61.25
,46180,2026-03-19T19:01:23+00:00,259,0,0,61.25
,46181,2026-03-19T19:01:23+00:00,449,0,0,61.25
,46182,2026-03-19T19:01:23+00:00,479,0,0,61.25
,46183,2026-03-19T19:01:23+00:00,499,0,0,61.25
,46184,2026-03-19T19:01:23+00:00,519,0,0,61.25
,46185,2026-03-19T19:01:23+00:00,529,0,0,61.25
,46186,2026-03-19T19:01:23+00:00,549,0,0,61.25
,46187,2026-03-19T19:01:23+00:00,789,0,0,76.02
,46188,2026-03-19T19:01:23+00:00,799,0,0,76.02
,46189,2026-03-19T19:01:23+00:00,809,0,0,76.02
,46190,2026-03-19T19:01:23+00:00,899,0,0,76.02
,46191,2026-03-19T19:01:23+00:00,929,0,0,61.63
,46192,2026-03-19T19:01:23+00:00,1099,0,0,76.02
,46193,2026-03-19T19:01:23+00:00,1109,0,0,76.02
,46194,2026-03-19T19:01:23+00:00,1110,0,0,75.38
,46195,2026-03-19T19:01:23+00:00,1155,0,0,61.63
,46196,2026-03-19T19:01:23+00:00,1159,0,0,59.58
,46197,2026-03-19T19:01:23+00:00,1169,0,0,76.02
,46198,2026-03-19T19:01:23+00:00,1179,0,0,61.63
,46199,2026-03-19T19:01:23+00:00,1199,0,0,76.02
,46200,2026-03-19T19:01:23+00:00,1199,0,0,26.04
,46201,2026-03-19T19:01:23+00:00,1205,0,0,61.63
,46202,2026-03-19T19:01:23+00:00,1219,0,0,61.63
,46203,2026-03-19T19:01:23+00:00,1229,0,0,92.91
,46204,2026-03-19T19:01:23+00:00,1239,0,0,76.02
,46205,2026-03-19T19:01:23+00:00,1258,0,0,61.63
,46206,2026-03-19T19:01:23+00:00,1295,0,0,61.63
,46207,2026-03-19T19:01:23+00:00,1299,0,0,61.63
,46208,2026-03-19T19:01:23+00:00,1304,0,0,87.33
,46209,2026-03-19T19:01:23+00:00,1309,0,0,61.63
,46210,2026-03-19T19:01:23+00:00,1319,0,0,61.63
,46211,2026-03-19T19:01:23+00:00,1325,0,0,61.63
,46212,2026-03-19T19:01:23+00:00,1325,0,0,61.63
,46213,2026-03-19T19:01:23+00:00,1329,0,0,68.33
,46214,2026-03-19T19:01:23+00:00,1339,0,0,26.04
,46215,2026-03-19T19:01:23+00:00,1355,0,0,61.63
,46216,2026-03-19T19:01:23+00:00,1369,0,0,87.33
,46217,2026-03-19T19:01:23+00:00,1379,0,0,87.33
,46218,2026-03-19T19:01:23+00:00,1385,0,0,61.63
,46897,2026-03-19T19:01:23+00:00,10,0,0,61.63
,46219,2026-03-19T19:01:23+00:00,1399,0,0,78.36
,46220,2026-03-19T19:01:23+00:00,1399,0,0,61.63
,46221,2026-03-19T19:01:23+00:00,1459,0,0,76.02
,46222,2026-03-19T19:01:23+00:00,1459,0,0,61.63
,46223,2026-03-19T19:01:23+00:00,1469,0,0,43.31
,46224,2026-03-19T19:01:23+00:00,1479,0,0,61.63
,46225,2026-03-19T19:01:23+00:00,1499,0,1,35.11
,46226,2026-03-19T19:01:23+00:00,1509,0,1,40.13
,46227,2026-03-19T19:01:23+00:00,1519,0,0,78.36
,46228,2026-03-19T19:01:23+00:00,1529,0,0,76.02
,46229,2026-03-19T19:01:23+00:00,1539,0,0,83.54
,46230,2026-03-19T19:01:23+00:00,1559,0,0,76.02
,46231,2026-03-19T19:01:23+00:00,1559,0,0,61.63
,46232,2026-03-19T19:01:23+00:00,1589,0,0,61.63
,46233,2026-03-19T19:01:23+00:00,1599,0,0,76.02
,46234,2026-03-19T19:01:23+00:00,1609,0,0,76.02
,46235,2026-03-19T19:01:23+00:00,1639,0,0,76.02
,46236,2026-03-19T19:01:23+00:00,1639,0,0,43.31
,46237,2026-03-19T19:01:23+00:00,1649,0,0,61.63
,46238,2026-03-19T19:01:23+00:00,1659,0,0,76.02
,46239,2026-03-19T19:01:23+00:00,1799,0,0,61.63
,46240,2026-03-19T19:01:23+00:00,1839,0,0,83.54
,46241,2026-03-19T19:01:23+00:00,1839,0,0,61.63
,46242,2026-03-19T19:01:23+00:00,1899,0,0,61.63
,46243,2026-03-19T19:01:23+00:00,1959,0,0,33.69
,46244,2026-03-19T19:01:23+00:00,1959,0,0,76.02
,46245,2026-03-19T19:01:23+00:00,1999,0,0,61.63
,46246,2026-03-19T19:01:23+00:00,2099,0,0,65.66
,46247,2026-03-19T19:01:23+00:00,2099,0,1,35.11
,46248,2026-03-19T19:01:23+00:00,2099,0,0,66.88
,46249,2026-03-19T19:01:23+00:00,2119,0,1,35.11
,46250,2026-03-19T19:01:23+00:00,2129,0,0,65.64
,46251,2026-03-19T19:01:23+00:00,2139,0,1,35.11
,46252,2026-03-19T19:01:23+00:00,2155,0,1,39.02
,46253,2026-03-19T19:01:23+00:00,2159,0,0,65.63
,46254,2026-03-19T19:01:23+00:00,2159,0,1,35.11
,46255,2026-03-19T19:01:23+00:00,2175,0,1,40.08
,46256,2026-03-19T19:01:23+00:00,2199,0,0,65.62
,46257,2026-03-19T19:01:23+00:00,2199,0,1,35.11
,46258,2026-03-19T19:01:23+00:00,2215,0,1,38.92
,46259,2026-03-19T19:01:23+00:00,2225,0,1,40.04
,46260,2026-03-19T19:01:23+00:00,2249,0,0,65.8
,46261,2026-03-19T19:01:23+00:00,2259,0,0,44.86
,46262,2026-03-19T19:01:23+00:00,2259,0,1,35.11
,46263,2026-03-19T19:01:23+00:00,2279,0,1,35.11
,46264,2026-03-19T19:01:23+00:00,2299,0,1,21.52
,46265,2026-03-19T19:01:23+00:00,2299,0,1,56.31
,46266,2026-03-19T19:01:23+00:00,2309,0,0,65.39
,46267,2026-03-19T19:01:23+00:00,2309,0,1,35.11
,46268,2026-03-19T19:01:23+00:00,2355,0,1,51.65
,46269,2026-03-19T19:01:23+00:00,2359,0,1,35.11
,46270,2026-03-19T19:01:23+00:00,2389,0,1,35.11
,46271,2026-03-19T19:01:23+00:00,2389,0,0,71.27
,46272,2026-03-19T19:01:23+00:00,2399,0,1,51.65
,46273,2026-03-19T19:01:23+00:00,2449,0,0,61.63
,46274,2026-03-19T19:01:23+00:00,2459,0,1,51.65
,46275,2026-03-19T19:01:23+00:00,2499,0,1,35.11
,46276,2026-03-19T19:01:23+00:00,2509,0,0,76.02
,46277,2026-03-19T19:01:23+00:00,2519,0,1,56.01
,46278,2026-03-19T19:01:23+00:00,2549,0,0,76.02
,46279,2026-03-19T19:01:23+00:00,2555,0,1,35.11
,46280,2026-03-19T19:01:23+00:00,2555,0,1,51.65
,46281,2026-03-19T19:01:23+00:00,2575,0,1,55.99
,46282,2026-03-19T19:01:23+00:00,2589,0,1,44
,46283,2026-03-19T19:01:23+00:00,2615,0,1,55.97
,46284,2026-03-19T19:01:23+00:00,2659,0,0,61.63
,46285,2026-03-19T19:01:23+00:00,2689,0,1,43.6
,46286,2026-03-19T19:01:23+00:00,2689,0,1,55.95
,46287,2026-03-19T19:01:23+00:00,2790,0,1,39.12
,46288,2026-03-19T19:01:23+00:00,2979,0,0,65.1
,46289,2026-03-19T19:01:23+00:00,3095,0,1,35.11
,46290,2026-03-19T19:01:23+00:00,3100,0,1,35.11
,46291,2026-03-19T19:01:23+00:00,3129,0,1,35.11
,46292,2026-03-19T19:01:23+00:00,3129,0,1,35.11
,46293,2026-03-19T19:01:23+00:00,3149,0,1,41.19
,46294,2026-03-19T19:01:23+00:00,3175,0,1,35.11
,46295,2026-03-19T19:01:23+00:00,4089,0,0,61.63
,46296,2026-03-19T19:01:23+00:00,4299,0,0,44.86
,46297,2026-03-19T19:01:23+00:00,4899,0,1,40.36
,46298,2026-03-19T19:01:23+00:00,4999,0,1,35.11
,46299,2026-03-19T19:01:23+00:00,5068,0,1,35.11
,46300,2026-03-19T19:01:23+00:00,5089,0,1,35.11
,46301,2026-03-19T19:01:23+00:00,5099,0,1,35.11
,46302,2026-03-19T19:01:23+00:00,5149,0,1,35.11
,46303,2026-03-19T19:01:23+00:00,6459,0,0,61.63
,46304,2026-03-19T19:01:23+00:00,6459,0,1,35.11
,46305,2026-03-19T19:01:23+00:00,7129,0,0,61.63
,46306,2026-03-19T19:01:23+00:00,8785,0,0,61.63
,46307,2026-03-19T19:01:23+00:00,11788,0,0,61.63
,46308,2026-03-19T19:01:23+00:00,2199,0,0,61.63
,46309,2026-03-19T19:01:24+00:00,2639,0,1,35.11
,46310,2026-03-19T19:01:24+00:00,2139,0,0,61.63
,46311,2026-03-19T19:01:24+00:00,2149,0,0,61.63
,46312,2026-03-19T19:01:24+00:00,2169,0,0,79.98
,46313,2026-03-19T19:01:24+00:00,2169,0,0,61.63
,46314,2026-03-19T19:01:24+00:00,2249,0,0,79.85
,46315,2026-03-19T19:01:24+00:00,2279,0,0,61.63
,46316,2026-03-19T19:01:24+00:00,2289,0,0,81.17
,46317,2026-03-19T19:01:24+00:00,2339,0,0,79.79
,46318,2026-03-19T19:01:24+00:00,2399,0,0,67.81
,46319,2026-03-19T19:01:24+00:00,2429,0,0,79.75
,46320,2026-03-19T19:01:24+00:00,2449,0,0,67.75
,46321,2026-03-19T19:01:24+00:00,2459,0,1,35.11
,46322,2026-03-19T19:01:24+00:00,2469,0,0,81
,46323,2026-03-19T19:01:24+00:00,2669,0,0,61.63
,46324,2026-03-19T19:01:24+00:00,2699,0,0,76.02
,46325,2026-03-19T19:01:24+00:00,2709,0,1,39.83
,46326,2026-03-19T19:01:24+00:00,2729,0,0,61.63
,46327,2026-03-19T19:01:24+00:00,2739,0,0,61.63
,46328,2026-03-19T19:01:24+00:00,2769,0,1,39.9
,46329,2026-03-19T19:01:24+00:00,2769,0,1,39.96
,46330,2026-03-19T19:01:24+00:00,2785,0,0,76.02
,46331,2026-03-19T19:01:24+00:00,2799,0,0,61.63
,46332,2026-03-19T19:01:24+00:00,2809,0,1,40.26
,46333,2026-03-19T19:01:24+00:00,2809,0,0,61.63
,46334,2026-03-19T19:01:24+00:00,2829,0,1,35.11
,46335,2026-03-19T19:01:24+00:00,2865,0,0,76.02
,46336,2026-03-19T19:01:24+00:00,2869,0,0,61.63
,46337,2026-03-19T19:01:24+00:00,2869,0,1,41.15
,46338,2026-03-19T19:01:24+00:00,2879,0,1,35.11
,46339,2026-03-19T19:01:24+00:00,2885,0,0,61.63
,46340,2026-03-19T19:01:24+00:00,2939,0,1,35.11
,46341,2026-03-19T19:01:24+00:00,2945,0,0,76.02
,46342,2026-03-19T19:01:24+00:00,2945,0,0,61.63
,46343,2026-03-19T19:01:24+00:00,2979,0,1,35.11
,46344,2026-03-19T19:01:24+00:00,2979,0,1,35.11
,46345,2026-03-19T19:01:24+00:00,3145,0,1,35.11
,46346,2026-03-19T19:01:24+00:00,3199,0,1,40.59
,46347,2026-03-19T19:01:24+00:00,3259,0,1,35.11
,46348,2026-03-19T19:01:24+00:00,3275,0,1,40.4
,46349,2026-03-19T19:01:24+00:00,3305,0,1,35.11
,46350,2026-03-19T19:01:24+00:00,3335,0,1,35.11
,46351,2026-03-19T19:01:24+00:00,3339,0,1,40.36
,46352,2026-03-19T19:01:24+00:00,3375,0,1,35.11
,46353,2026-03-19T19:01:24+00:00,3399,0,1,35.11
,46354,2026-03-19T19:01:24+00:00,3459,0,1,51.65
,46355,2026-03-19T19:01:24+00:00,3999,0,0,61.63
,46356,2026-03-19T19:01:24+00:00,4129,0,0,61.63
,46357,2026-03-19T19:01:24+00:00,4239,0,0,61.63
,46358,2026-03-19T19:01:24+00:00,4399,0,0,76.02
,46359,2026-03-19T19:01:24+00:00,4499,0,1,35.11
,46360,2026-03-19T19:01:24+00:00,4588,0,1,35.11
,46361,2026-03-19T19:01:24+00:00,4599,0,0,76.02
,46362,2026-03-19T19:01:24+00:00,4619,0,1,35.11
,46363,2026-03-19T19:01:24+00:00,4669,0,1,35.11
,46364,2026-03-19T19:01:24+00:00,4679,0,1,35.11
,46365,2026-03-19T19:01:24+00:00,4699,0,0,76.02
,46366,2026-03-19T19:01:24+00:00,5269,0,1,35.11
,46367,2026-03-19T19:01:24+00:00,5699,0,1,39.92
,46368,2026-03-19T19:01:24+00:00,7249,0,1,35.11
,46369,2026-03-19T19:01:24+00:00,8199,0,1,35.11
,46370,2026-03-19T19:01:24+00:00,8399,0,1,35.11
,46371,2026-03-19T19:01:24+00:00,8649,0,1,21.52
,46372,2026-03-19T19:01:24+00:00,2599,0,0,59.43
,46373,2026-03-19T19:01:24+00:00,3339,0,1,35.11
,46374,2026-03-19T19:01:24+00:00,4335,0,0,61.63
,46375,2026-03-19T19:01:24+00:00,679,0,0,76.02
,46376,2026-03-19T19:01:24+00:00,699,0,0,61.63
,46377,2026-03-19T19:01:24+00:00,759,0,0,76.02
,46378,2026-03-19T19:01:24+00:00,809,0,1,51.65
,46379,2026-03-19T19:01:24+00:00,849,0,0,76.02
,46380,2026-03-19T19:01:24+00:00,1015,0,1,35.11
,46381,2026-03-19T19:01:24+00:00,1079,0,1,35.11
,46382,2026-03-19T19:01:24+00:00,1099,0,0,61.63
,46383,2026-03-19T19:01:24+00:00,1099,0,1,51.65
,46384,2026-03-19T19:01:24+00:00,1099,0,1,35.11
,46385,2026-03-19T19:01:24+00:00,1179,0,0,61.63
,46386,2026-03-19T19:01:24+00:00,1239,0,0,44.86
,46387,2026-03-19T19:01:24+00:00,1249,0,1,21.52
,46388,2026-03-19T19:01:24+00:00,1369,0,0,61.63
,46389,2026-03-19T19:01:24+00:00,1379,0,1,35.11
,46390,2026-03-19T19:01:24+00:00,1499,0,1,35.11
,46391,2026-03-19T19:01:24+00:00,1519,0,1,35.11
,46392,2026-03-19T19:01:24+00:00,1585,0,1,35.11
,46393,2026-03-19T19:01:24+00:00,1899,0,1,35.11
,46394,2026-03-19T19:01:24+00:00,1929,0,1,21.52
,46395,2026-03-19T19:01:24+00:00,1650,0,1,39.67
,46396,2026-03-19T19:01:24+00:00,1765,0,1,39.71
,46397,2026-03-19T19:01:24+00:00,2085,0,1,39.49
,46398,2026-03-19T19:01:24+00:00,2690,0,1,39.65
,46438,2026-03-19T19:01:24+00:00,169,0,0,61.63
,46399,2026-03-19T19:01:24+00:00,3479,0,1,35.11
,46400,2026-03-19T19:01:24+00:00,189,0,1,35.11
,46401,2026-03-19T19:01:24+00:00,225,0,1,46.39
,46402,2026-03-19T19:01:24+00:00,225,0,0,61.63
,46403,2026-03-19T19:01:24+00:00,229,0,1,35.11
,46404,2026-03-19T19:01:24+00:00,269,0,0,70.56
,46405,2026-03-19T19:01:24+00:00,289,0,1,35.11
,46406,2026-03-19T19:01:24+00:00,309,0,1,35.11
,46407,2026-03-19T19:01:24+00:00,329,0,0,77.24
,46408,2026-03-19T19:01:24+00:00,349,0,1,21.52
,46409,2026-03-19T19:01:24+00:00,349,0,1,44.46
,46410,2026-03-19T19:01:24+00:00,355,0,0,61.63
,46411,2026-03-19T19:01:24+00:00,359,0,1,21.52
,46412,2026-03-19T19:01:24+00:00,359,0,1,32.88
,46413,2026-03-19T19:01:24+00:00,359,0,0,61.63
,46414,2026-03-19T19:01:24+00:00,365,0,1,45.67
,46415,2026-03-19T19:01:24+00:00,379,0,0,61.63
,46416,2026-03-19T19:01:24+00:00,379,0,1,35.11
,46417,2026-03-19T19:01:24+00:00,405,0,0,66.12
,46418,2026-03-19T19:01:24+00:00,429,0,1,53.34
,46419,2026-03-19T19:01:24+00:00,449,0,1,35.11
,46420,2026-03-19T19:01:24+00:00,459,0,1,35.11
,46421,2026-03-19T19:01:24+00:00,479,0,0,61.63
,46422,2026-03-19T19:01:24+00:00,499,0,0,75.55
,46423,2026-03-19T19:01:24+00:00,499,0,1,35.11
,46424,2026-03-19T19:01:24+00:00,509,0,1,42.66
,46425,2026-03-19T19:01:24+00:00,509,0,1,35.11
,46426,2026-03-19T19:01:24+00:00,539,0,1,35.11
,46427,2026-03-19T19:01:24+00:00,549,0,0,82.48
,46428,2026-03-19T19:01:24+00:00,559,0,1,35.11
,46429,2026-03-19T19:01:24+00:00,569,0,1,35.11
,46430,2026-03-19T19:01:24+00:00,649,0,1,35.11
,46431,2026-03-19T19:01:24+00:00,669,0,1,35.11
,46432,2026-03-19T19:01:24+00:00,699,0,1,35.11
,46433,2026-03-19T19:01:24+00:00,769,0,1,35.11
,46434,2026-03-19T19:01:24+00:00,849,0,1,35.11
,46435,2026-03-19T19:01:24+00:00,1249,0,1,58.74
,46436,2026-03-19T19:01:24+00:00,1469,0,1,35.11
,46437,2026-03-19T19:01:24+00:00,159,0,0,61.63
,46439,2026-03-19T19:01:24+00:00,339,0,0,61.63
,46440,2026-03-19T19:01:24+00:00,399,0,0,77.24
,46441,2026-03-19T19:01:24+00:00,429,0,0,30.34
,46442,2026-03-19T19:01:24+00:00,459,0,0,52.33
,46443,2026-03-19T19:01:24+00:00,459,0,0,61.63
,46444,2026-03-19T19:01:24+00:00,479,0,0,30.34
,46445,2026-03-19T19:01:24+00:00,499,0,0,61.63
,46446,2026-03-19T19:01:24+00:00,539,0,1,35.11
,46447,2026-03-19T19:01:24+00:00,615,0,0,67.19
,46448,2026-03-19T19:01:24+00:00,639,0,1,35.11
,46449,2026-03-19T19:01:24+00:00,649,0,1,35.11
,46450,2026-03-19T19:01:24+00:00,649,0,1,35.11
,46451,2026-03-19T19:01:24+00:00,699,0,1,35.11
,46452,2026-03-19T19:01:24+00:00,699,0,0,74.34
,46453,2026-03-19T19:01:24+00:00,749,0,0,67.65
,46454,2026-03-19T19:01:24+00:00,779,0,1,44.87
,46455,2026-03-19T19:01:24+00:00,950,0,0,61.63
,46456,2026-03-19T19:01:24+00:00,1049,0,1,35.11
,46457,2026-03-19T19:01:24+00:00,1079,0,0,61.63
,46458,2026-03-19T19:01:24+00:00,1139,0,1,35.11
,46459,2026-03-19T19:01:24+00:00,1399,0,0,75.9
,46460,2026-03-19T19:01:24+00:00,1499,0,1,46.56
,46461,2026-03-19T19:01:24+00:00,3599,0,1,35.11
,46462,2026-03-19T19:01:24+00:00,52,0,0,61.63
,46463,2026-03-19T19:01:24+00:00,59,0,1,35.11
,46464,2026-03-19T19:01:24+00:00,69,0,0,61.63
,46465,2026-03-19T19:01:24+00:00,69,0,0,44.86
,46466,2026-03-19T19:01:24+00:00,69,0,0,61.63
,46467,2026-03-19T19:01:24+00:00,79,0,0,44.86
,46468,2026-03-19T19:01:24+00:00,83,0,0,61.63
,46469,2026-03-19T19:01:24+00:00,89,0,1,21.52
,46470,2026-03-19T19:01:24+00:00,89,0,0,61.63
,46471,2026-03-19T19:01:24+00:00,95,0,0,61.63
,46472,2026-03-19T19:01:24+00:00,99,0,0,44.86
,46473,2026-03-19T19:01:24+00:00,99,0,0,61.63
,46474,2026-03-19T19:01:24+00:00,109,0,0,61.63
,46475,2026-03-19T19:01:24+00:00,119,0,1,51.65
,46476,2026-03-19T19:01:24+00:00,129,0,0,61.63
,46477,2026-03-19T19:01:24+00:00,129,0,0,61.63
,46478,2026-03-19T19:01:24+00:00,149,0,0,61.63
,46479,2026-03-19T19:01:24+00:00,3,0,0,61.63
,46480,2026-03-19T19:01:24+00:00,3,0,0,72.74
,46481,2026-03-19T19:01:24+00:00,5,0,0,61.63
,46482,2026-03-19T19:01:24+00:00,5,0,0,61.63
,46483,2026-03-19T19:01:24+00:00,5,0,0,61.63
,46484,2026-03-19T19:01:24+00:00,5,0,1,35.11
,46485,2026-03-19T19:01:24+00:00,7,0,0,72.74
,46486,2026-03-19T19:01:24+00:00,7,0,0,72.74
,46487,2026-03-19T19:01:24+00:00,9,0,0,58.37
,46488,2026-03-19T19:01:24+00:00,9,0,0,58.37
,46489,2026-03-19T19:01:24+00:00,9,0,0,72.74
,46490,2026-03-19T19:01:24+00:00,9,0,0,58.37
,46491,2026-03-19T19:01:24+00:00,10,0,0,61.63
,46492,2026-03-19T19:01:24+00:00,10,0,0,61.63
,46493,2026-03-19T19:01:24+00:00,12,0,0,72.74
,46494,2026-03-19T19:01:24+00:00,12,0,0,58.37
,46495,2026-03-19T19:01:24+00:00,13,0,1,35.11
,46496,2026-03-19T19:01:24+00:00,13,0,0,58.37
,46497,2026-03-19T19:01:24+00:00,14,0,0,61.63
,46498,2026-03-19T19:01:24+00:00,14,0,0,61.63
,46499,2026-03-19T19:01:24+00:00,15,0,0,44.86
,46500,2026-03-19T19:01:24+00:00,15,0,0,58.37
,46501,2026-03-19T19:01:24+00:00,18,0,0,44.86
,46502,2026-03-19T19:01:24+00:00,18,0,0,58.37
,46503,2026-03-19T19:01:24+00:00,19,0,0,61.63
,46504,2026-03-19T19:01:24+00:00,19,0,0,61.63
,46505,2026-03-19T19:01:24+00:00,19,0,0,61.63
,46506,2026-03-19T19:01:24+00:00,20,0,0,61.63
,46507,2026-03-19T19:01:24+00:00,20,0,0,72.74
,46508,2026-03-19T19:01:24+00:00,21,0,0,61.63
,46509,2026-03-19T19:01:24+00:00,21,0,0,44.86
,46510,2026-03-19T19:01:24+00:00,21,0,0,76.02
,46511,2026-03-19T19:01:24+00:00,23,0,1,60.13
,46512,2026-03-19T19:01:24+00:00,24,0,0,61.63
,46513,2026-03-19T19:01:24+00:00,25,0,0,61.63
,46514,2026-03-19T19:01:24+00:00,25,0,0,61.63
,46515,2026-03-19T19:01:24+00:00,25,0,0,61.63
,46516,2026-03-19T19:01:24+00:00,25,0,0,61.63
,46517,2026-03-19T19:01:24+00:00,25,0,0,61.63
,46518,2026-03-19T19:01:24+00:00,25,0,0,61.63
,46519,2026-03-19T19:01:24+00:00,25,0,0,61.63
,46520,2026-03-19T19:01:24+00:00,25,0,0,61.63
,46521,2026-03-19T19:01:24+00:00,25,0,0,58.37
,46522,2026-03-19T19:01:24+00:00,28,0,0,58.37
,46523,2026-03-19T19:01:24+00:00,29,0,0,61.63
,46524,2026-03-19T19:01:24+00:00,29,0,0,61.63
,46525,2026-03-19T19:01:24+00:00,29,0,0,61.63
,46526,2026-03-19T19:01:24+00:00,29,0,0,44.86
,46527,2026-03-19T19:01:24+00:00,29,0,0,44.86
,46528,2026-03-19T19:01:24+00:00,29,0,0,44.86
,46529,2026-03-19T19:01:24+00:00,29,0,0,44.86
,46530,2026-03-19T19:01:24+00:00,29,0,0,76.02
,46531,2026-03-19T19:01:24+00:00,29,0,0,61.63
,46532,2026-03-19T19:01:24+00:00,29,0,0,75.64
,46533,2026-03-19T19:01:24+00:00,29,0,1,60.13
,46534,2026-03-19T19:01:24+00:00,29,0,0,61.63
,46535,2026-03-19T19:01:24+00:00,29,0,0,75.64
,46536,2026-03-19T19:01:24+00:00,29,0,0,75.64
,46537,2026-03-19T19:01:24+00:00,29,0,0,61.63
,46538,2026-03-19T19:01:24+00:00,29,0,0,58.37
,46539,2026-03-19T19:01:24+00:00,30,0,0,61.63
,46540,2026-03-19T19:01:24+00:00,31,0,0,83.54
,46541,2026-03-19T19:01:24+00:00,32,0,0,61.63
,46542,2026-03-19T19:01:24+00:00,33,0,0,61.63
,46543,2026-03-19T19:01:24+00:00,35,0,0,61.63
,46544,2026-03-19T19:01:24+00:00,35,0,1,35.11
,46545,2026-03-19T19:01:24+00:00,35,0,1,35.11
,46546,2026-03-19T19:01:24+00:00,37,0,0,61.63
,46547,2026-03-19T19:01:24+00:00,39,0,0,76.02
,46548,2026-03-19T19:01:24+00:00,39,0,0,61.63
,46549,2026-03-19T19:01:24+00:00,39,0,0,61.63
,46550,2026-03-19T19:01:24+00:00,39,0,0,44.86
,46551,2026-03-19T19:01:24+00:00,39,0,0,44.86
,46552,2026-03-19T19:01:24+00:00,39,0,0,61.63
,46553,2026-03-19T19:01:24+00:00,39,0,0,61.63
,46554,2026-03-19T19:01:24+00:00,39,0,1,35.11
,46555,2026-03-19T19:01:24+00:00,39,0,0,77.24
,46556,2026-03-19T19:01:24+00:00,39,0,0,61.63
,46557,2026-03-19T19:01:24+00:00,45,0,0,71.51
,46558,2026-03-19T19:01:24+00:00,45,0,0,68.49
,46559,2026-03-19T19:01:24+00:00,47,0,0,61.63
,46560,2026-03-19T19:01:24+00:00,47,0,0,61.63
,46561,2026-03-19T19:01:24+00:00,49,0,0,61.63
,46562,2026-03-19T19:01:24+00:00,49,0,0,61.63
,46563,2026-03-19T19:01:24+00:00,49,0,0,61.63
,46564,2026-03-19T19:01:24+00:00,49,0,0,61.63
,46565,2026-03-19T19:01:24+00:00,49,0,0,44.86
,46566,2026-03-19T19:01:24+00:00,49,0,0,61.63
,46567,2026-03-19T19:01:24+00:00,49,0,0,61.63
,46568,2026-03-19T19:01:24+00:00,49,0,0,61.63
,46569,2026-03-19T19:01:24+00:00,49,0,0,44.86
,46570,2026-03-19T19:01:24+00:00,49,0,0,61.63
,46571,2026-03-19T19:01:24+00:00,49,0,0,72.22
,46572,2026-03-19T19:01:24+00:00,49,0,0,61.63
,46573,2026-03-19T19:01:24+00:00,49,0,1,35.11
,46574,2026-03-19T19:01:24+00:00,49,0,0,61.63
,46575,2026-03-19T19:01:24+00:00,53,0,0,61.63
,46576,2026-03-19T19:01:24+00:00,55,0,0,61.63
,46577,2026-03-19T19:01:24+00:00,55,0,0,61.63
,46578,2026-03-19T19:01:24+00:00,59,0,0,61.63
,46579,2026-03-19T19:01:24+00:00,59,0,0,44.86
,46580,2026-03-19T19:01:24+00:00,59,0,0,52.48
,46581,2026-03-19T19:01:24+00:00,59,0,0,61.63
,46582,2026-03-19T19:01:24+00:00,59,0,0,75.52
,46583,2026-03-19T19:01:24+00:00,59,0,0,75.52
,46584,2026-03-19T19:01:24+00:00,59,0,0,61.63
,46585,2026-03-19T19:01:24+00:00,59,0,0,61.63
,46586,2026-03-19T19:01:24+00:00,61,0,0,44.86
,46587,2026-03-19T19:01:24+00:00,64,0,0,44.86
,46588,2026-03-19T19:01:24+00:00,64,0,0,44.86
,46589,2026-03-19T19:01:24+00:00,65,0,0,44.86
,46590,2026-03-19T19:01:24+00:00,65,0,0,76.02
,46591,2026-03-19T19:01:24+00:00,65,0,0,76.02
,46592,2026-03-19T19:01:24+00:00,69,0,0,61.63
,46593,2026-03-19T19:01:24+00:00,69,0,0,44.86
,46594,2026-03-19T19:01:24+00:00,69,0,0,61.63
,46595,2026-03-19T19:01:24+00:00,69,0,1,44.52
,46596,2026-03-19T19:01:24+00:00,69,0,0,59.59
,46597,2026-03-19T19:01:24+00:00,69,0,0,70.43
,46598,2026-03-19T19:01:24+00:00,69,0,1,44.52
,46599,2026-03-19T19:01:24+00:00,69,0,0,83.54
,46600,2026-03-19T19:01:24+00:00,75,0,0,61.63
,46601,2026-03-19T19:01:24+00:00,75,0,0,49.7
,46602,2026-03-19T19:01:24+00:00,75,0,0,61.63
,46603,2026-03-19T19:01:24+00:00,75,0,1,35.11
,46604,2026-03-19T19:01:24+00:00,76,0,1,60.13
,46605,2026-03-19T19:01:24+00:00,79,0,0,52.69
,46606,2026-03-19T19:01:24+00:00,79,0,0,44.86
,46607,2026-03-19T19:01:24+00:00,79,0,0,44.86
,46608,2026-03-19T19:01:24+00:00,79,0,0,61.63
,46609,2026-03-19T19:01:24+00:00,79,0,0,76.02
,46610,2026-03-19T19:01:24+00:00,79,0,0,61.63
,46611,2026-03-19T19:01:24+00:00,79,0,0,73.54
,46612,2026-03-19T19:01:24+00:00,79,0,0,61.63
,46613,2026-03-19T19:01:24+00:00,83,0,0,76.02
,46614,2026-03-19T19:01:24+00:00,86,0,0,83.54
,46615,2026-03-19T19:01:24+00:00,89,0,0,44.86
,46616,2026-03-19T19:01:24+00:00,89,0,0,61.63
,46617,2026-03-19T19:01:24+00:00,89,0,0,69.34
,46618,2026-03-19T19:01:24+00:00,95,0,0,61.63
,46619,2026-03-19T19:01:24+00:00,99,0,0,61.63
,46620,2026-03-19T19:01:24+00:00,99,0,0,61.63
,46621,2026-03-19T19:01:24+00:00,99,0,0,61.63
,46622,2026-03-19T19:01:24+00:00,99,0,0,44.86
,46623,2026-03-19T19:01:24+00:00,99,0,0,61.63
,46624,2026-03-19T19:01:24+00:00,99,0,0,61.63
,46625,2026-03-19T19:01:24+00:00,99,0,0,61.63
,46626,2026-03-19T19:01:24+00:00,99,0,0,68.93
,46627,2026-03-19T19:01:24+00:00,109,0,0,61.63
,46628,2026-03-19T19:01:24+00:00,119,0,0,44.86
,46629,2026-03-19T19:01:24+00:00,119,0,0,76.02
,46630,2026-03-19T19:01:24+00:00,119,0,0,61.63
,46631,2026-03-19T19:01:24+00:00,119,0,1,35.11
,46632,2026-03-19T19:01:24+00:00,119,0,0,61.63
,46633,2026-03-19T19:01:24+00:00,119,0,0,71.16
,46634,2026-03-19T19:01:24+00:00,119,0,0,71.16
,46635,2026-03-19T19:01:24+00:00,119,0,0,61.63
,46636,2026-03-19T19:01:24+00:00,120,0,0,44.86
,46637,2026-03-19T19:01:24+00:00,125,0,0,61.63
,46638,2026-03-19T19:01:24+00:00,125,0,0,61.63
,46639,2026-03-19T19:01:24+00:00,127,0,0,61.63
,46640,2026-03-19T19:01:24+00:00,129,0,0,52.69
,46641,2026-03-19T19:01:24+00:00,135,0,0,61.63
,46642,2026-03-19T19:01:24+00:00,139,0,0,76.02
,46643,2026-03-19T19:01:24+00:00,139,0,1,35.11
,46644,2026-03-19T19:01:24+00:00,145,0,0,44.86
,46645,2026-03-19T19:01:24+00:00,149,0,0,50.85
,46646,2026-03-19T19:01:24+00:00,150,0,0,44.86
,46647,2026-03-19T19:01:24+00:00,159,0,0,61.63
,46648,2026-03-19T19:01:24+00:00,159,0,0,61.63
,46649,2026-03-19T19:01:24+00:00,159,0,0,61.63
,46650,2026-03-19T19:01:24+00:00,159,0,1,41.16
,46651,2026-03-19T19:01:24+00:00,179,0,0,44.86
,46652,2026-03-19T19:01:24+00:00,179,0,0,44.86
,46653,2026-03-19T19:01:24+00:00,179,0,0,69.31
,46654,2026-03-19T19:01:24+00:00,189,0,0,61.63
,46655,2026-03-19T19:01:24+00:00,189,0,1,35.11
,46656,2026-03-19T19:01:24+00:00,199,0,0,73.49
,46657,2026-03-19T19:01:24+00:00,215,0,0,61.63
,46658,2026-03-19T19:01:24+00:00,219,0,0,44.86
,46659,2026-03-19T19:01:24+00:00,249,0,0,68.17
,46660,2026-03-19T19:01:24+00:00,265,0,0,61.63
,46661,2026-03-19T19:01:24+00:00,269,0,0,61.63
,46662,2026-03-19T19:01:24+00:00,288,0,0,45.24
,46703,2026-03-19T19:01:24+00:00,539,0,0,76.02
,46663,2026-03-19T19:01:24+00:00,289,0,0,76.36
,46664,2026-03-19T19:01:24+00:00,329,0,0,61.63
,46665,2026-03-19T19:01:24+00:00,339,0,1,35.11
,46666,2026-03-19T19:01:24+00:00,379,0,0,44.86
,46667,2026-03-19T19:01:24+00:00,435,0,0,61.63
,46668,2026-03-19T19:01:24+00:00,469,0,0,61.63
,46669,2026-03-19T19:01:24+00:00,529,0,0,61.63
,46670,2026-03-19T19:01:24+00:00,759,0,0,61.63
,46671,2026-03-19T19:01:24+00:00,1089,0,0,61.63
,46672,2026-03-19T19:01:24+00:00,1189,0,0,73.51
,46673,2026-03-19T19:01:24+00:00,1229,0,0,57.1
,46674,2026-03-19T19:01:24+00:00,1399,0,0,83.19
,46675,2026-03-19T19:01:24+00:00,10,0,0,61.63
,46676,2026-03-19T19:01:24+00:00,19,0,1,35.11
,46677,2026-03-19T19:01:24+00:00,65,0,0,75.93
,46678,2026-03-19T19:01:24+00:00,79,0,0,77.24
,46679,2026-03-19T19:01:24+00:00,49,0,0,61.63
,46680,2026-03-19T19:01:24+00:00,165,0,0,61.63
,46681,2026-03-19T19:01:24+00:00,178,0,0,61.63
,46682,2026-03-19T19:01:24+00:00,194,0,0,61.63
,46683,2026-03-19T19:01:24+00:00,218,0,0,61.63
,46684,2026-03-19T19:01:24+00:00,228,0,0,61.63
,46685,2026-03-19T19:01:24+00:00,235,0,0,61.63
,46686,2026-03-19T19:01:24+00:00,235,0,0,61.63
,46687,2026-03-19T19:01:24+00:00,235,0,0,44.86
,46688,2026-03-19T19:01:24+00:00,235,0,1,51.65
,46689,2026-03-19T19:01:24+00:00,265,0,0,76.02
,46690,2026-03-19T19:01:24+00:00,265,0,0,76.02
,46691,2026-03-19T19:01:24+00:00,319,0,0,76.02
,46692,2026-03-19T19:01:24+00:00,325,0,0,61.63
,46693,2026-03-19T19:01:24+00:00,329,0,0,76.02
,46694,2026-03-19T19:01:24+00:00,418,0,0,76.02
,46695,2026-03-19T19:01:24+00:00,427,0,0,76.02
,46696,2026-03-19T19:01:24+00:00,427,0,0,61.63
,46697,2026-03-19T19:01:24+00:00,427,0,1,51.65
,46698,2026-03-19T19:01:24+00:00,427,0,0,61.63
,46699,2026-03-19T19:01:24+00:00,427,0,0,76.02
,46700,2026-03-19T19:01:24+00:00,495,0,0,76.02
,46701,2026-03-19T19:01:24+00:00,495,0,0,61.63
,46702,2026-03-19T19:01:24+00:00,495,0,0,61.63
,46704,2026-03-19T19:01:24+00:00,615,0,0,61.63
,46705,2026-03-19T19:01:24+00:00,615,0,0,76.02
,46706,2026-03-19T19:01:24+00:00,615,0,0,61.63
,46707,2026-03-19T19:01:24+00:00,615,0,0,76.02
,46708,2026-03-19T19:01:24+00:00,645,0,0,44.86
,46709,2026-03-19T19:01:24+00:00,655,0,0,61.63
,46710,2026-03-19T19:01:24+00:00,669,0,0,53.34
,46712,2026-03-19T19:01:24+00:00,725,0,0,76.02
,46713,2026-03-19T19:01:24+00:00,765,0,1,35.11
,46714,2026-03-19T19:01:24+00:00,768,0,0,61.63
,46715,2026-03-19T19:01:24+00:00,845,0,0,61.63
,46716,2026-03-19T19:01:24+00:00,855,0,1,35.11
,46717,2026-03-19T19:01:24+00:00,878,0,0,61.63
,46718,2026-03-19T19:01:24+00:00,878,0,1,35.11
,46719,2026-03-19T19:01:24+00:00,949,0,0,61.63
,46720,2026-03-19T19:01:24+00:00,1029,0,0,76.02
,46721,2026-03-19T19:01:24+00:00,1029,0,0,76.02
,46722,2026-03-19T19:01:24+00:00,1179,0,0,61.63
,46723,2026-03-19T19:01:24+00:00,1179,0,0,44.86
,46724,2026-03-19T19:01:24+00:00,1329,0,0,63.75
,46725,2026-03-19T19:01:24+00:00,1439,0,0,61.63
,46726,2026-03-19T19:01:24+00:00,1459,0,0,44.86
,46727,2026-03-19T19:01:24+00:00,1479,0,0,44.86
,46728,2026-03-19T19:01:24+00:00,128,0,0,61.63
,46729,2026-03-19T19:01:24+00:00,148,0,0,76.02
,46730,2026-03-19T19:01:24+00:00,414,0,1,35.11
,46731,2026-03-19T19:01:24+00:00,539,0,0,61.63
,46732,2026-03-19T19:01:24+00:00,668,0,0,61.63
,46733,2026-03-19T19:01:24+00:00,799,0,0,76.02
,46734,2026-03-19T19:01:24+00:00,799,0,0,44.86
,46735,2026-03-19T19:01:24+00:00,899,0,0,61.63
,46736,2026-03-19T19:01:24+00:00,1059,0,0,61.63
,46737,2026-03-19T19:01:24+00:00,1079,0,0,61.63
,46738,2026-03-19T19:01:24+00:00,1459,0,0,61.63
,46739,2026-03-19T19:01:24+00:00,1629,0,0,61.63
,46740,2026-03-19T19:01:24+00:00,2189,0,0,61.63
,46741,2026-03-19T19:01:24+00:00,2459,0,1,35.11
,46742,2026-03-19T19:01:24+00:00,3849,0,0,61.63
,46743,2026-03-19T19:01:24+00:00,3989,0,0,61.63
,46744,2026-03-19T19:01:24+00:00,4389,0,0,61.63
,46745,2026-03-19T19:01:24+00:00,7989,0,0,61.63
,46746,2026-03-19T19:01:24+00:00,127,0,1,35.11
,46747,2026-03-19T19:01:24+00:00,175,0,1,35.11
,46748,2026-03-19T19:01:24+00:00,185,0,0,44.86
,46749,2026-03-19T19:01:24+00:00,198,0,0,76.02
,46750,2026-03-19T19:01:24+00:00,198,0,0,45.99
,46751,2026-03-19T19:01:24+00:00,205,0,0,61.63
,46752,2026-03-19T19:01:24+00:00,208,0,0,76.02
,46753,2026-03-19T19:01:24+00:00,209,0,0,61.63
,46754,2026-03-19T19:01:24+00:00,209,0,0,61.63
,46755,2026-03-19T19:01:24+00:00,221,0,0,61.63
,46756,2026-03-19T19:01:24+00:00,228,0,0,76.02
,46757,2026-03-19T19:01:24+00:00,275,0,0,61.63
,46758,2026-03-19T19:01:24+00:00,299,0,0,44.86
,46759,2026-03-19T19:01:24+00:00,318,0,0,76.02
,46760,2026-03-19T19:01:24+00:00,324,0,0,61.63
,46761,2026-03-19T19:01:24+00:00,365,0,1,51.65
,46762,2026-03-19T19:01:24+00:00,368,0,0,44.86
,46763,2026-03-19T19:01:24+00:00,374,0,0,76.02
,46764,2026-03-19T19:01:24+00:00,376,0,0,76.02
,46765,2026-03-19T19:01:24+00:00,398,0,0,61.63
,46766,2026-03-19T19:01:24+00:00,435,0,1,51.65
,46767,2026-03-19T19:01:24+00:00,478,0,0,61.63
,46768,2026-03-19T19:01:24+00:00,557,0,0,48.25
,46769,2026-03-19T19:01:24+00:00,559,0,0,61.63
,46770,2026-03-19T19:01:24+00:00,648,0,0,61.63
,46771,2026-03-19T19:01:24+00:00,685,0,0,59.93
,46772,2026-03-19T19:01:24+00:00,695,0,0,44.86
,46773,2026-03-19T19:01:24+00:00,718,0,0,71
,46774,2026-03-19T19:01:24+00:00,827,0,0,61.63
,46775,2026-03-19T19:01:24+00:00,887,0,0,44.86
,46776,2026-03-19T19:01:24+00:00,1328,0,0,76.02
,46777,2026-03-19T19:01:24+00:00,1724,0,0,61.63
,46778,2026-03-19T19:01:24+00:00,99,0,0,44.86
,46779,2026-03-19T19:01:24+00:00,109,0,0,61.63
,46780,2026-03-19T19:01:24+00:00,118,0,0,61.63
,46781,2026-03-19T19:01:24+00:00,119,0,0,47.94
,46782,2026-03-19T19:01:24+00:00,125,0,0,61.63
,46783,2026-03-19T19:01:24+00:00,125,0,0,61.63
,46784,2026-03-19T19:01:24+00:00,125,0,1,35.11
,46785,2026-03-19T19:01:24+00:00,129,0,0,76.02
,46786,2026-03-19T19:01:24+00:00,133,0,0,61.63
,46787,2026-03-19T19:01:24+00:00,139,0,0,44.86
,46788,2026-03-19T19:01:24+00:00,144,0,0,76.02
,46789,2026-03-19T19:01:24+00:00,146,0,0,61.63
,46790,2026-03-19T19:01:24+00:00,165,0,1,35.11
,46791,2026-03-19T19:01:24+00:00,168,0,0,61.63
,46792,2026-03-19T19:01:24+00:00,178,0,0,76.02
,46793,2026-03-19T19:01:24+00:00,201,0,0,44.86
,46794,2026-03-19T19:01:24+00:00,205,0,0,44.86
,46795,2026-03-19T19:01:24+00:00,218,0,0,61.63
,46796,2026-03-19T19:01:24+00:00,225,0,0,44.86
,46797,2026-03-19T19:01:24+00:00,229,0,0,61.63
,46798,2026-03-19T19:01:24+00:00,229,0,0,61.63
,46799,2026-03-19T19:01:24+00:00,233,0,0,61.63
,46800,2026-03-19T19:01:24+00:00,275,0,0,61.63
,46801,2026-03-19T19:01:24+00:00,275,0,0,44.86
,46802,2026-03-19T19:01:24+00:00,282,0,0,76.02
,46803,2026-03-19T19:01:24+00:00,285,0,0,61.63
,46804,2026-03-19T19:01:24+00:00,297,0,0,61.63
,46805,2026-03-19T19:01:24+00:00,299,0,0,61.63
,46806,2026-03-19T19:01:24+00:00,315,0,0,76.02
,46807,2026-03-19T19:01:24+00:00,320,0,0,61.63
,46808,2026-03-19T19:01:24+00:00,329,0,0,76.02
,46809,2026-03-19T19:01:24+00:00,332,0,0,76.02
,46810,2026-03-19T19:01:24+00:00,368,0,0,61.63
,46811,2026-03-19T19:01:24+00:00,418,0,0,61.63
,46812,2026-03-19T19:01:24+00:00,428,0,0,61.63
,46813,2026-03-19T19:01:24+00:00,529,0,1,51.65
,46814,2026-03-19T19:01:24+00:00,649,0,0,76.02
,46815,2026-03-19T19:01:24+00:00,665,0,0,61.63
,46816,2026-03-19T19:01:24+00:00,689,0,0,61.63
,46817,2026-03-19T19:01:24+00:00,1099,0,0,76.02
,46818,2026-03-19T19:01:24+00:00,1149,0,0,44.86
,46819,2026-03-19T19:01:24+00:00,129,0,0,61.63
,46820,2026-03-19T19:01:24+00:00,139,0,1,35.11
,46821,2026-03-19T19:01:24+00:00,139,0,0,61.63
,46822,2026-03-19T19:01:24+00:00,148,0,0,61.63
,46823,2026-03-19T19:01:24+00:00,154,0,0,76.02
,46824,2026-03-19T19:01:24+00:00,154,0,0,76.02
,46825,2026-03-19T19:01:24+00:00,158,0,0,61.63
,46826,2026-03-19T19:01:24+00:00,178,0,0,61.63
,46827,2026-03-19T19:01:24+00:00,198,0,0,61.63
,46828,2026-03-19T19:01:24+00:00,248,0,0,61.63
,46829,2026-03-19T19:01:24+00:00,368,0,0,61.63
,46830,2026-03-19T19:01:24+00:00,609,0,0,44.86
,46831,2026-03-19T19:01:24+00:00,704,0,0,44.86
,46832,2026-03-19T19:01:24+00:00,38,0,0,61.63
,46833,2026-03-19T19:01:24+00:00,68,0,1,35.11
,46834,2026-03-19T19:01:24+00:00,99,0,0,61.63
,46835,2026-03-19T19:01:24+00:00,109,0,0,61.63
,46836,2026-03-19T19:01:24+00:00,119,0,0,61.63
,46837,2026-03-19T19:01:24+00:00,139,0,0,61.63
,46838,2026-03-19T19:01:24+00:00,169,0,0,61.63
,46839,2026-03-19T19:01:24+00:00,185,0,0,61.63
,46840,2026-03-19T19:01:24+00:00,218,0,0,61.63
,46841,2026-03-19T19:01:24+00:00,239,0,0,61.63
,46842,2026-03-19T19:01:24+00:00,269,0,0,61.63
,46843,2026-03-19T19:01:24+00:00,285,0,0,44.86
,46844,2026-03-19T19:01:24+00:00,295,0,0,61.63
,46845,2026-03-19T19:01:24+00:00,322,0,0,44.86
,46846,2026-03-19T19:01:24+00:00,328,0,0,44.86
,46847,2026-03-19T19:01:24+00:00,387,0,0,44.86
,46848,2026-03-19T19:01:24+00:00,387,0,0,44.86
,46849,2026-03-19T19:01:24+00:00,389,0,0,44.86
,46850,2026-03-19T19:01:24+00:00,409,0,0,76.02
,46851,2026-03-19T19:01:24+00:00,439,0,0,44.86
,46852,2026-03-19T19:01:24+00:00,458,0,0,44.86
,46853,2026-03-19T19:01:24+00:00,477,0,0,61.63
,46854,2026-03-19T19:01:24+00:00,875,0,0,61.63
,46855,2026-03-19T19:01:24+00:00,149,0,0,76.02
,46856,2026-03-19T19:01:24+00:00,149,0,0,61.63
,46857,2026-03-19T19:01:24+00:00,149,0,0,70.11
,46858,2026-03-19T19:01:24+00:00,169,0,0,61.63
,46859,2026-03-19T19:01:24+00:00,211,0,0,76.02
,46860,2026-03-19T19:01:24+00:00,219,0,0,61.63
,46861,2026-03-19T19:01:24+00:00,229,0,0,61.63
,46862,2026-03-19T19:01:24+00:00,269,0,0,76.02
,46863,2026-03-19T19:01:24+00:00,335,0,0,61.63
,46864,2026-03-19T19:01:24+00:00,429,0,0,61.63
,46865,2026-03-19T19:01:24+00:00,519,0,0,76.02
,46866,2026-03-19T19:01:24+00:00,12,0,0,66.48
,46867,2026-03-19T19:01:24+00:00,49,0,1,51.65
,46868,2026-03-19T19:01:24+00:00,69,0,1,71.51
,46869,2026-03-19T19:01:24+00:00,79,0,0,61.63
,46870,2026-03-19T19:01:24+00:00,79,0,0,76.02
,46871,2026-03-19T19:01:24+00:00,85,0,0,61.63
,46872,2026-03-19T19:01:24+00:00,95,0,0,61.63
,46873,2026-03-19T19:01:24+00:00,119,0,1,58.9
,46874,2026-03-19T19:01:24+00:00,129,0,1,51.65
,46875,2026-03-19T19:01:24+00:00,129,0,0,76.02
,46876,2026-03-19T19:01:24+00:00,129,0,0,76.02
,46877,2026-03-19T19:01:24+00:00,145,0,0,61.63
,46878,2026-03-19T19:01:24+00:00,149,0,0,61.63
,46879,2026-03-19T19:01:24+00:00,175,0,0,61.63
,46880,2026-03-19T19:01:24+00:00,209,0,1,51.65
,46881,2026-03-19T19:01:24+00:00,209,0,0,76.02
,46882,2026-03-19T19:01:24+00:00,215,0,0,67.52
,46883,2026-03-19T19:01:24+00:00,229,0,0,61.63
,46884,2026-03-19T19:01:24+00:00,229,0,0,61.63
,46885,2026-03-19T19:01:24+00:00,249,0,0,61.63
,46886,2026-03-19T19:01:24+00:00,319,0,0,61.63
,46887,2026-03-19T19:01:24+00:00,419,0,0,61.63
,46888,2026-03-19T19:01:24+00:00,7,0,0,18.62
,46889,2026-03-19T19:01:24+00:00,7,0,0,45.31
,46890,2026-03-19T19:01:24+00:00,8,0,0,26.04
,46891,2026-03-19T19:01:24+00:00,8,0,0,83.54
,46892,2026-03-19T19:01:24+00:00,10,0,0,76.02
,46893,2026-03-19T19:01:24+00:00,10,0,0,29.06
,46894,2026-03-19T19:01:24+00:00,10,0,1,35.11
,46895,2026-03-19T19:01:24+00:00,10,0,1,35.11
,46896,2026-03-19T19:01:24+00:00,10,0,0,61.63
,46898,2026-03-19T19:01:24+00:00,10,0,1,83.54
,46899,2026-03-19T19:01:24+00:00,10,0,0,68.32
,46900,2026-03-19T19:01:24+00:00,10,0,0,45.31
,46901,2026-03-19T19:01:24+00:00,10,0,0,70.11
,46902,2026-03-19T19:01:24+00:00,11,0,0,70.11
,46903,2026-03-19T19:01:24+00:00,12,0,1,35.11
,46904,2026-03-19T19:01:24+00:00,12,0,0,61.63
,46905,2026-03-19T19:01:24+00:00,12,0,0,61.63
,46906,2026-03-19T19:01:24+00:00,13,0,0,72.74
,46907,2026-03-19T19:01:24+00:00,13,0,0,70.11
,46908,2026-03-19T19:01:24+00:00,13,0,0,81.7
,46909,2026-03-19T19:01:24+00:00,13,0,1,45.12
,46910,2026-03-19T19:01:24+00:00,14,0,0,61.63
,46911,2026-03-19T19:01:24+00:00,15,0,0,61.63
,46912,2026-03-19T19:01:24+00:00,15,0,0,71.46
,46913,2026-03-19T19:01:24+00:00,15,0,0,83.54
,46914,2026-03-19T19:01:24+00:00,15,0,0,53.13
,46915,2026-03-19T19:01:24+00:00,15,0,1,45.12
,46916,2026-03-19T19:01:24+00:00,16,0,1,45.12
,46917,2026-03-19T19:01:24+00:00,17,0,1,21.52
,46918,2026-03-19T19:01:24+00:00,17,0,1,60.13
,46919,2026-03-19T19:01:24+00:00,17,0,0,81.7
,46920,2026-03-19T19:01:24+00:00,18,0,0,81.7
,46922,2026-03-19T19:01:24+00:00,19,0,0,44.86
,46923,2026-03-19T19:01:24+00:00,19,0,0,61.63
,46924,2026-03-19T19:01:24+00:00,19,0,0,55.21
,46925,2026-03-19T19:01:24+00:00,25,0,0,76.02
,46926,2026-03-19T19:01:24+00:00,25,0,0,61.63
,46927,2026-03-19T19:01:24+00:00,29,0,0,44.86
,46928,2026-03-19T19:01:24+00:00,31,0,1,39.79
,46929,2026-03-19T19:01:24+00:00,39,0,1,53.34
,46930,2026-03-19T19:01:24+00:00,59,0,0,76.02
,46931,2026-03-19T19:01:24+00:00,65,0,0,61.63
,46932,2026-03-19T19:01:24+00:00,65,0,1,35.11
,46933,2026-03-19T19:01:24+00:00,75,0,0,61.63
,46934,2026-03-19T19:01:24+00:00,119,0,0,76.02
,46935,2026-03-19T19:01:24+00:00,7,0,0,18.62
,46936,2026-03-19T19:01:24+00:00,8,0,0,18.62
,46937,2026-03-19T19:01:24+00:00,9,0,0,45.31
,46938,2026-03-19T19:01:24+00:00,11,0,0,81.7
,46939,2026-03-19T19:01:24+00:00,12,0,0,76.02
,46940,2026-03-19T19:01:24+00:00,12,0,0,61.63
,46941,2026-03-19T19:01:24+00:00,14,0,0,70.11
,46942,2026-03-19T19:01:24+00:00,19,0,0,61.63
,46943,2026-03-19T19:01:24+00:00,31,0,0,55.21
,46944,2026-03-19T19:01:24+00:00,69,0,0,70.43
,46945,2026-03-19T19:01:24+00:00,45,0,0,61.63
,46946,2026-03-19T19:01:24+00:00,69,0,0,61.63
,46947,2026-03-19T19:01:24+00:00,79,0,0,61.63
,46948,2026-03-19T19:01:24+00:00,79,0,0,61.63
,46949,2026-03-19T19:01:24+00:00,90,0,1,35.11
,46950,2026-03-19T19:01:24+00:00,99,0,1,35.11
,46951,2026-03-19T19:01:24+00:00,119,0,0,61.63
,46952,2026-03-19T19:01:24+00:00,125,0,0,61.63
,46953,2026-03-19T19:01:24+00:00,129,0,1,45.12
,46954,2026-03-19T19:01:24+00:00,139,0,1,35.11
,46955,2026-03-19T19:01:24+00:00,139,0,1,35.11
,46956,2026-03-19T19:01:24+00:00,145,0,0,61.63
,46957,2026-03-19T19:01:24+00:00,145,0,1,35.11
,46958,2026-03-19T19:01:24+00:00,159,0,0,73.5
,46959,2026-03-19T19:01:24+00:00,189,0,1,35.11
,46960,2026-03-19T19:01:24+00:00,199,0,1,35.11
,46961,2026-03-19T19:01:24+00:00,219,0,1,35.11
,46962,2026-03-19T19:01:24+00:00,35,0,0,61.63
,46963,2026-03-19T19:01:24+00:00,39,0,0,76.02
,46964,2026-03-19T19:01:24+00:00,39,0,0,61.63
,46965,2026-03-19T19:01:24+00:00,42,0,0,58.37
,46966,2026-03-19T19:01:24+00:00,45,0,0,44.86
,46967,2026-03-19T19:01:24+00:00,49,0,0,73.7
,46968,2026-03-19T19:01:24+00:00,49,0,0,61.63
,46969,2026-03-19T19:01:24+00:00,49,0,0,72.74
,46970,2026-03-19T19:01:24+00:00,55,0,0,61.63
,46971,2026-03-19T19:01:24+00:00,59,0,0,61.63
,46972,2026-03-19T19:01:24+00:00,59,0,1,21.52
,46973,2026-03-19T19:01:24+00:00,59,0,0,61.63
,46974,2026-03-19T19:01:24+00:00,63,0,0,61.63
,46975,2026-03-19T19:01:24+00:00,69,0,0,44.86
,46976,2026-03-19T19:01:24+00:00,69,0,0,44.86
,46977,2026-03-19T19:01:24+00:00,89,0,0,44.86
,46978,2026-03-19T19:01:24+00:00,249,0,0,72.74
,46979,2026-03-19T19:01:24+00:00,279,0,0,44.86
,46980,2026-03-19T19:01:24+00:00,299,0,0,44.86
,46981,2026-03-19T19:01:24+00:00,319,0,0,61.63
,46982,2026-03-19T19:01:24+00:00,319,0,0,67.49
,46983,2026-03-19T19:01:24+00:00,329,0,0,68.58
,46984,2026-03-19T19:01:24+00:00,329,0,0,61.63
,46985,2026-03-19T19:01:24+00:00,349,0,0,61.63
,46986,2026-03-19T19:01:24+00:00,359,0,0,61.63
,46987,2026-03-19T19:01:24+00:00,359,0,0,70.11
,46988,2026-03-19T19:01:24+00:00,359,0,0,61.63
,46989,2026-03-19T19:01:24+00:00,389,0,0,61.63
,46990,2026-03-19T19:01:24+00:00,399,0,0,61.63
,46991,2026-03-19T19:01:24+00:00,399,0,0,61.63
,46992,2026-03-19T19:01:24+00:00,419,0,0,83.54
,46993,2026-03-19T19:01:24+00:00,429,0,0,76.02
,46994,2026-03-19T19:01:24+00:00,439,0,0,61.63
,46995,2026-03-19T19:01:24+00:00,449,0,0,61.63
,46996,2026-03-19T19:01:24+00:00,459,0,0,61.63
,46997,2026-03-19T19:01:24+00:00,469,0,0,61.63
,46998,2026-03-19T19:01:24+00:00,479,0,0,72.74
,46999,2026-03-19T19:01:24+00:00,479,0,0,50.29
,47000,2026-03-19T19:01:24+00:00,499,0,0,61.63
,47001,2026-03-19T19:01:24+00:00,499,0,0,44.86
,47002,2026-03-19T19:01:24+00:00,499,0,0,67.38
,47003,2026-03-19T19:01:24+00:00,519,0,0,61.63
,47004,2026-03-19T19:01:24+00:00,529,0,0,76.02
,47005,2026-03-19T19:01:24+00:00,529,0,0,61.63
,47006,2026-03-19T19:01:24+00:00,549,0,0,76.02
,47007,2026-03-19T19:01:24+00:00,549,0,0,83.26
,47008,2026-03-19T19:01:24+00:00,579,0,0,61.63
,47009,2026-03-19T19:01:24+00:00,579,0,0,61.63
,47010,2026-03-19T19:01:24+00:00,589,0,0,61.63
,47011,2026-03-19T19:01:24+00:00,599,0,0,61.63
,47012,2026-03-19T19:01:24+00:00,599,0,0,61.63
,47013,2026-03-19T19:01:24+00:00,599,0,0,61.63
,47014,2026-03-19T19:01:24+00:00,599,0,0,61.63
,47015,2026-03-19T19:01:24+00:00,629,0,0,44.86
,47016,2026-03-19T19:01:24+00:00,669,0,0,61.63
,47017,2026-03-19T19:01:24+00:00,699,0,0,44.86
,47018,2026-03-19T19:01:24+00:00,699,0,0,61.63
,47019,2026-03-19T19:01:24+00:00,699,0,0,61.63
,47020,2026-03-19T19:01:24+00:00,699,0,0,44.86
,47021,2026-03-19T19:01:24+00:00,699,0,0,61.63
,47022,2026-03-19T19:01:24+00:00,749,0,0,70.06
,47023,2026-03-19T19:01:24+00:00,789,0,0,44.86
,47024,2026-03-19T19:01:24+00:00,799,0,1,35.11
,47025,2026-03-19T19:01:24+00:00,699,0,0,70.37
,47026,2026-03-19T19:01:24+00:00,799,0,0,61.63
,47027,2026-03-19T19:01:24+00:00,839,0,0,44.86
,47028,2026-03-19T19:01:24+00:00,849,0,0,44.86
,47029,2026-03-19T19:01:24+00:00,859,0,0,61.63
,47030,2026-03-19T19:01:24+00:00,889,0,0,61.63
,47031,2026-03-19T19:01:24+00:00,899,0,0,61.63
,47032,2026-03-19T19:01:24+00:00,899,0,0,83.54
,47033,2026-03-19T19:01:24+00:00,899,0,0,61.63
,47034,2026-03-19T19:01:24+00:00,899,0,0,61.63
,47035,2026-03-19T19:01:24+00:00,949,0,0,76.02
,47036,2026-03-19T19:01:24+00:00,949,0,0,61.63
,47037,2026-03-19T19:01:24+00:00,969,0,0,76.02
,47038,2026-03-19T19:01:24+00:00,999,0,0,61.63
,47039,2026-03-19T19:01:24+00:00,1109,0,0,68.28
,47040,2026-03-19T19:01:24+00:00,1169,0,0,76.02
,47041,2026-03-19T19:01:24+00:00,1199,0,0,61.63
,47042,2026-03-19T19:01:24+00:00,1199,0,0,73.46
,47043,2026-03-19T19:01:24+00:00,1199,0,1,48.25
,47044,2026-03-19T19:01:24+00:00,1199,0,1,35.11
,47045,2026-03-19T19:01:24+00:00,1289,0,0,72.74
,47046,2026-03-19T19:01:24+00:00,1299,0,0,55.21
,47047,2026-03-19T19:01:24+00:00,1339,0,0,83.54
,47048,2026-03-19T19:01:24+00:00,1399,0,0,64.46
,47049,2026-03-19T19:01:24+00:00,1599,0,0,64.46
,47050,2026-03-19T19:01:24+00:00,1749,0,0,61.63
,47051,2026-03-19T19:01:24+00:00,1799,0,0,64.46
,47052,2026-03-19T19:01:24+00:00,1999,0,1,35.11
,47053,2026-03-19T19:01:24+00:00,1999,0,0,64.46
,47054,2026-03-19T19:01:24+00:00,1999,0,0,61.63
,47055,2026-03-19T19:01:24+00:00,1999,0,0,61.63
,47056,2026-03-19T19:01:24+00:00,2199,0,0,61.63
,47057,2026-03-19T19:01:24+00:00,2399,0,0,61.63
,47058,2026-03-19T19:01:24+00:00,3999,0,0,61.63
,47059,2026-03-19T19:01:24+00:00,3999,0,0,44.86
,47060,2026-03-19T19:01:24+00:00,4599,0,0,61.63
,47061,2026-03-19T19:01:24+00:00,4599,0,0,61.63
,47062,2026-03-19T19:01:24+00:00,4799,0,0,61.63
,47063,2026-03-19T19:01:24+00:00,5999,0,0,61.63
,47064,2026-03-19T19:01:24+00:00,6199,0,0,61.63
,47065,2026-03-19T19:01:24+00:00,6499,0,0,61.63
,47066,2026-03-19T19:01:24+00:00,6849,0,0,67.6
,47067,2026-03-19T19:01:24+00:00,6899,0,0,57.16
,47068,2026-03-19T19:01:24+00:00,6899,0,0,44.86
,47069,2026-03-19T19:01:24+00:00,999,0,1,35.11
,47070,2026-03-19T19:01:24+00:00,2398,0,0,61.63
,47071,2026-03-19T19:01:24+00:00,2789,0,0,61.63
,47072,2026-03-19T19:01:24+00:00,5099,0,0,61.63
,47073,2026-03-19T19:01:24+00:00,6499,0,0,61.63
,47074,2026-03-19T19:01:24+00:00,6959,0,0,61.63
,47075,2026-03-19T19:01:24+00:00,25,0,1,35.11
,47076,2026-03-19T19:01:24+00:00,25,0,1,35.11
,47077,2026-03-19T19:01:24+00:00,25,0,1,35.11
,47078,2026-03-19T19:01:24+00:00,25,0,1,35.11
,47079,2026-03-19T19:01:24+00:00,105,0,0,61.63
,47080,2026-03-19T19:01:24+00:00,124,0,0,61.63
,47081,2026-03-19T19:01:24+00:00,129,0,0,74.89
,47082,2026-03-19T19:01:24+00:00,168,0,0,61.63
,47083,2026-03-19T19:01:24+00:00,169,0,0,77.24
,47084,2026-03-19T19:01:24+00:00,199,0,0,61.63
,47085,2026-03-19T19:01:24+00:00,219,0,0,56.09
,47086,2026-03-19T19:01:24+00:00,219,0,0,61.63
,47087,2026-03-19T19:01:24+00:00,219,0,0,61.63
,47088,2026-03-19T19:01:24+00:00,219,0,0,44.86
,47089,2026-03-19T19:01:24+00:00,229,0,1,42.21
,47090,2026-03-19T19:01:24+00:00,279,0,0,61.63
,47091,2026-03-19T19:01:24+00:00,279,0,0,61.63
,47092,2026-03-19T19:01:24+00:00,299,0,0,61.63
,47093,2026-03-19T19:01:24+00:00,299,0,0,61.63
,47094,2026-03-19T19:01:24+00:00,299,0,0,61.63
,47095,2026-03-19T19:01:24+00:00,319,0,0,61.63
,47096,2026-03-19T19:01:24+00:00,339,0,0,71.44
,47097,2026-03-19T19:01:24+00:00,339,0,0,71.44
,47098,2026-03-19T19:01:24+00:00,369,0,0,80.9
,47099,2026-03-19T19:01:24+00:00,439,0,1,51.67
,47100,2026-03-19T19:01:24+00:00,499,0,0,61.63
,47101,2026-03-19T19:01:24+00:00,599,0,0,75.41
,47102,2026-03-19T19:01:24+00:00,599,0,1,53.34
,47103,2026-03-19T19:01:24+00:00,599,0,0,80.95
,47104,2026-03-19T19:01:24+00:00,659,0,0,67.41
,47105,2026-03-19T19:01:24+00:00,849,0,0,61.63
,47106,2026-03-19T19:01:24+00:00,899,0,0,69.3
,47107,2026-03-19T19:01:24+00:00,1089,0,0,68.93
,47108,2026-03-19T19:01:24+00:00,1159,0,0,76.02
,47109,2026-03-19T19:01:24+00:00,1199,0,0,44.86
,47110,2026-03-19T19:01:24+00:00,1259,0,0,61.63
,47111,2026-03-19T19:01:24+00:00,1299,0,0,61.63
,47112,2026-03-19T19:01:24+00:00,1299,0,0,70.72
,47113,2026-03-19T19:01:24+00:00,1299,0,0,70.72
,47114,2026-03-19T19:01:24+00:00,1399,0,0,70.37
,47115,2026-03-19T19:01:24+00:00,1589,0,0,72.74
,47116,2026-03-19T19:01:24+00:00,1649,0,0,76.02
,47117,2026-03-19T19:01:24+00:00,1789,0,0,61.63
,47118,2026-03-19T19:01:24+00:00,2389,0,0,61.63
,47119,2026-03-19T19:01:24+00:00,19,0,0,61.63
,47120,2026-03-19T19:01:24+00:00,39,0,0,44.86
,47121,2026-03-19T19:01:24+00:00,39,0,1,35.11
,47122,2026-03-19T19:01:24+00:00,79,0,0,61.63
,47123,2026-03-19T19:01:24+00:00,79,0,0,77.24
,47124,2026-03-19T19:01:24+00:00,79,0,0,61.63
,47125,2026-03-19T19:01:24+00:00,85,0,0,61.63
,47126,2026-03-19T19:01:24+00:00,109,0,0,77.24
,47127,2026-03-19T19:01:24+00:00,109,0,0,77.24
,47128,2026-03-19T19:01:24+00:00,129,0,0,61.63
,47129,2026-03-19T19:01:24+00:00,149,0,1,50.86
,47130,2026-03-19T19:01:24+00:00,149,0,1,50.86
,47131,2026-03-19T19:01:24+00:00,149,0,0,75.44
,47132,2026-03-19T19:01:24+00:00,169,0,1,35.11
,47133,2026-03-19T19:01:24+00:00,169,0,0,61.63
,47134,2026-03-19T19:01:24+00:00,189,0,1,48.72
,47135,2026-03-19T19:01:24+00:00,199,0,0,61.63
,47136,2026-03-19T19:01:24+00:00,199,0,0,77.24
,47137,2026-03-19T19:01:24+00:00,8,0,0,58.37
,47138,2026-03-19T19:01:24+00:00,10,0,1,35.11
,47139,2026-03-19T19:01:24+00:00,12,0,0,44.86
,47140,2026-03-19T19:01:24+00:00,14,0,0,61.63
,47141,2026-03-19T19:01:24+00:00,14,0,0,44.86
,47142,2026-03-19T19:01:24+00:00,14,0,0,72.74
,47143,2026-03-19T19:01:24+00:00,15,0,0,61.63
,47144,2026-03-19T19:01:24+00:00,18,0,0,61.63
,47145,2026-03-19T19:01:24+00:00,18,0,0,61.63
,47146,2026-03-19T19:01:24+00:00,19,0,0,61.63
,47147,2026-03-19T19:01:24+00:00,19,0,0,61.63
,47148,2026-03-19T19:01:24+00:00,19,0,0,61.63
,47149,2026-03-19T19:01:24+00:00,19,0,0,61.63
,47150,2026-03-19T19:01:24+00:00,19,0,0,77.24
,47151,2026-03-19T19:01:24+00:00,19,0,0,72.74
,47152,2026-03-19T19:01:24+00:00,19,0,0,72.74
,47153,2026-03-19T19:01:24+00:00,19,0,0,72.74
,47154,2026-03-19T19:01:24+00:00,19,0,0,72.74
,47155,2026-03-19T19:01:24+00:00,24,0,0,61.63
,47156,2026-03-19T19:01:24+00:00,25,0,0,61.63
,47157,2026-03-19T19:01:24+00:00,29,0,0,77.24
,47158,2026-03-19T19:01:24+00:00,29,0,0,61.63
,47159,2026-03-19T19:01:24+00:00,29,0,0,77.24
,47160,2026-03-19T19:01:24+00:00,32,0,0,61.63
,47161,2026-03-19T19:01:24+00:00,35,0,0,77.24
,47162,2026-03-19T19:01:24+00:00,35,0,0,77.24
,47163,2026-03-19T19:01:24+00:00,35,0,0,77.24
,47164,2026-03-19T19:01:24+00:00,35,0,0,61.63
,47165,2026-03-19T19:01:24+00:00,35,0,0,77.24
,47166,2026-03-19T19:01:24+00:00,35,0,0,77.24
,47167,2026-03-19T19:01:24+00:00,39,0,0,61.63
,47168,2026-03-19T19:01:24+00:00,39,0,0,77.24
,47169,2026-03-19T19:01:24+00:00,39,0,0,61.63
,47170,2026-03-19T19:01:24+00:00,39,0,0,61.63
,47171,2026-03-19T19:01:24+00:00,39,0,0,61.63
,47172,2026-03-19T19:01:24+00:00,45,0,0,68.49
,47173,2026-03-19T19:01:24+00:00,45,0,0,77.24
,47174,2026-03-19T19:01:24+00:00,47,0,0,61.63
,47175,2026-03-19T19:01:24+00:00,49,0,0,61.63
,47176,2026-03-19T19:01:24+00:00,49,0,0,61.63
,47177,2026-03-19T19:01:24+00:00,49,0,0,44.86
,47178,2026-03-19T19:01:24+00:00,49,0,0,77.24
,47179,2026-03-19T19:01:24+00:00,49,0,0,77.24
,47180,2026-03-19T19:01:24+00:00,49,0,0,77.24
,47181,2026-03-19T19:01:24+00:00,49,0,0,61.63
,47182,2026-03-19T19:01:24+00:00,49,0,0,77.24
,47183,2026-03-19T19:01:24+00:00,49,0,0,58.37
,47184,2026-03-19T19:01:24+00:00,55,0,0,44.86
,47185,2026-03-19T19:01:24+00:00,57,0,0,61.63
,47186,2026-03-19T19:01:24+00:00,59,0,0,61.63
,47187,2026-03-19T19:01:24+00:00,59,0,0,61.63
,47188,2026-03-19T19:01:24+00:00,59,0,0,61.63
,47189,2026-03-19T19:01:24+00:00,59,0,0,44.86
,47190,2026-03-19T19:01:24+00:00,65,0,0,77.24
,47191,2026-03-19T19:01:24+00:00,69,0,1,35.11
,47192,2026-03-19T19:01:24+00:00,69,0,1,44.52
,47193,2026-03-19T19:01:24+00:00,69,0,1,35.11
,47194,2026-03-19T19:01:24+00:00,75,0,1,21.52
,47195,2026-03-19T19:01:24+00:00,79,0,0,61.63
,47196,2026-03-19T19:01:24+00:00,79,0,0,61.63
,47197,2026-03-19T19:01:24+00:00,79,0,0,61.63
,47198,2026-03-19T19:01:24+00:00,79,0,0,73.54
,47199,2026-03-19T19:01:24+00:00,79,0,0,73.54
,47200,2026-03-19T19:01:24+00:00,85,0,0,61.63
,47201,2026-03-19T19:01:24+00:00,85,0,0,61.63
,47202,2026-03-19T19:01:24+00:00,89,0,0,61.63
,47203,2026-03-19T19:01:24+00:00,99,0,0,61.63
,47204,2026-03-19T19:01:24+00:00,99,0,0,61.63
,47205,2026-03-19T19:01:24+00:00,99,0,0,61.63
,47206,2026-03-19T19:01:24+00:00,129,0,0,44.86
,47207,2026-03-19T19:01:24+00:00,129,0,1,44.91
,47208,2026-03-19T19:01:24+00:00,149,0,0,61.63
,47209,2026-03-19T19:01:24+00:00,189,0,0,73.82
,47210,2026-03-19T19:01:24+00:00,249,0,0,61.63
,47211,2026-03-19T19:01:24+00:00,349,0,0,44.86
,47212,2026-03-19T19:01:24+00:00,19,0,0,77.24
,47213,2026-03-19T19:01:24+00:00,24,0,0,77.24
,47214,2026-03-19T19:01:24+00:00,24,0,1,35.11
,47215,2026-03-19T19:01:24+00:00,29,0,0,53.13
,47216,2026-03-19T19:01:24+00:00,34,0,0,63.22
,47217,2026-03-19T19:01:24+00:00,35,0,0,76.72
,47218,2026-03-19T19:01:24+00:00,39,0,1,48.46
,47219,2026-03-19T19:01:24+00:00,99,0,0,61.63
,47220,2026-03-19T19:01:24+00:00,439,0,0,44.86
,47221,2026-03-19T19:01:24+00:00,599,0,0,71.13
,47222,2026-03-19T19:01:24+00:00,699,0,1,35.11
,47223,2026-03-19T19:01:24+00:00,725,0,0,44.86
,47224,2026-03-19T19:01:24+00:00,839,0,0,77.41
,47225,2026-03-19T19:01:24+00:00,839,0,0,61.63
,47226,2026-03-19T19:01:24+00:00,949,0,0,76.23
,47227,2026-03-19T19:01:24+00:00,1099,0,0,68.57
,47228,2026-03-19T19:01:24+00:00,1149,0,1,40.3
,47229,2026-03-19T19:01:24+00:00,1259,0,1,43.19
,47230,2026-03-19T19:01:24+00:00,1299,0,0,82.32
,47231,2026-03-19T19:01:24+00:00,1399,0,0,61.63
,47232,2026-03-19T19:01:24+00:00,1399,0,0,44.86
,47233,2026-03-19T19:01:24+00:00,1399,0,1,58.37
,47234,2026-03-19T19:01:24+00:00,1399,0,1,39.95
,47235,2026-03-19T19:01:24+00:00,1499,0,0,61.63
,47236,2026-03-19T19:01:24+00:00,1559,0,0,67.29
,47237,2026-03-19T19:01:24+00:00,1569,0,1,35.11
,47238,2026-03-19T19:01:24+00:00,1599,0,0,44.86
,47239,2026-03-19T19:01:24+00:00,1599,0,1,41.95
,47240,2026-03-19T19:01:24+00:00,1629,0,0,80.34
,47241,2026-03-19T19:01:24+00:00,1649,0,0,44.86
,47242,2026-03-19T19:01:24+00:00,1689,0,1,35.11
,47243,2026-03-19T19:01:24+00:00,1699,0,0,49.42
,47244,2026-03-19T19:01:24+00:00,1795,0,0,68.79
,47245,2026-03-19T19:01:24+00:00,1849,0,0,80.13
,47246,2026-03-19T19:01:24+00:00,1889,0,1,28.67
,47247,2026-03-19T19:01:24+00:00,2069,0,1,35.11
,47248,2026-03-19T19:01:24+00:00,2139,0,0,81.92
,47249,2026-03-19T19:01:24+00:00,2399,0,1,45.35
,47250,2026-03-19T19:01:24+00:00,2699,0,1,35.11
,47251,2026-03-19T19:01:24+00:00,2799,0,1,35.11
,47252,2026-03-19T19:01:24+00:00,2899,0,1,35.11
,47253,2026-03-19T19:01:24+00:00,2939,0,1,41.53
,47254,2026-03-19T19:01:24+00:00,3549,0,0,44.86
,47255,2026-03-19T19:01:24+00:00,3599,0,1,35.11
,47256,2026-03-19T19:01:24+00:00,3999,0,1,29.07
,47257,2026-03-19T19:01:24+00:00,4099,0,1,35.11
,47258,2026-03-19T19:01:24+00:00,4299,0,1,35.11
,47259,2026-03-19T19:01:24+00:00,4539,0,1,35.11
,47260,2026-03-19T19:01:24+00:00,4999,0,1,21.52
,47261,2026-03-19T19:01:24+00:00,5479,0,0,44.86
,47262,2026-03-19T19:01:24+00:00,6599,0,1,35.11
,47263,2026-03-19T19:01:24+00:00,6929,0,1,24.52
,47264,2026-03-19T19:01:24+00:00,6999,0,1,35.11
,47265,2026-03-19T19:01:24+00:00,7099,0,1,35.11
,47266,2026-03-19T19:01:24+00:00,8299,0,1,21.52
,47267,2026-03-19T19:01:24+00:00,10599,0,1,35.11
,47268,2026-03-19T19:01:24+00:00,519,0,1,35.11
,47269,2026-03-19T19:01:24+00:00,789,0,1,35.11
,47270,2026-03-19T19:01:24+00:00,849,0,1,35.11
,47271,2026-03-19T19:01:24+00:00,1055,0,1,35.11
,47345,2026-03-19T19:01:24+00:00,45,0,1,51.65
,47272,2026-03-19T19:01:24+00:00,1149,0,0,75.71
,47273,2026-03-19T19:01:24+00:00,1859,0,1,40.28
,47274,2026-03-19T19:01:24+00:00,1239,0,0,77.24
,47275,2026-03-19T19:01:24+00:00,1499,0,0,61.63
,47276,2026-03-19T19:01:24+00:00,1679,0,0,61.63
,47277,2026-03-19T19:01:24+00:00,1799,0,0,61.63
,47278,2026-03-19T19:01:24+00:00,2689,0,0,61.63
,47279,2026-03-19T19:01:24+00:00,2789,0,0,61.63
,47280,2026-03-19T19:01:24+00:00,2789,0,0,61.63
,47281,2026-03-19T19:01:24+00:00,2989,0,1,35.11
,47282,2026-03-19T19:01:24+00:00,2999,0,0,61.63
,47283,2026-03-19T19:01:24+00:00,99,0,1,35.11
,47284,2026-03-19T19:01:24+00:00,109,0,1,35.11
,47285,2026-03-19T19:01:24+00:00,115,0,1,35.11
,47286,2026-03-19T19:01:24+00:00,119,0,0,44.86
,47287,2026-03-19T19:01:24+00:00,139,0,1,35.11
,47288,2026-03-19T19:01:24+00:00,149,0,1,35.11
,47289,2026-03-19T19:01:24+00:00,189,0,0,61.63
,47290,2026-03-19T19:01:24+00:00,215,0,0,61.63
,47291,2026-03-19T19:01:24+00:00,239,0,0,61.63
,47292,2026-03-19T19:01:24+00:00,13,0,0,61.63
,47293,2026-03-19T19:01:24+00:00,14,0,1,72.74
,47294,2026-03-19T19:01:24+00:00,14,0,0,58.37
,47295,2026-03-19T19:01:24+00:00,15,0,1,35.11
,47296,2026-03-19T19:01:24+00:00,15,0,0,72.74
,47297,2026-03-19T19:01:24+00:00,16,0,0,72.74
,47298,2026-03-19T19:01:24+00:00,16,0,0,72.74
,47299,2026-03-19T19:01:24+00:00,16,0,0,72.74
,47300,2026-03-19T19:01:24+00:00,17,0,0,61.63
,47301,2026-03-19T19:01:24+00:00,25,0,0,61.63
,47302,2026-03-19T19:01:24+00:00,25,0,0,61.63
,47303,2026-03-19T19:01:24+00:00,25,0,0,44.86
,47304,2026-03-19T19:01:24+00:00,39,0,0,61.63
,47305,2026-03-19T19:01:24+00:00,45,0,0,61.63
,47306,2026-03-19T19:01:24+00:00,49,0,1,64.27
,47307,2026-03-19T19:01:24+00:00,49,0,0,83.26
,47308,2026-03-19T19:01:24+00:00,55,0,0,67.88
,47309,2026-03-19T19:01:24+00:00,59,0,0,61.63
,47310,2026-03-19T19:01:24+00:00,59,0,0,44.86
,47311,2026-03-19T19:01:24+00:00,59,0,0,61.63
,47312,2026-03-19T19:01:24+00:00,59,0,0,61.63
,47313,2026-03-19T19:01:24+00:00,69,0,0,61.63
,47314,2026-03-19T19:01:24+00:00,79,0,0,61.63
,47315,2026-03-19T19:01:24+00:00,79,0,0,61.63
,47316,2026-03-19T19:01:24+00:00,79,0,0,44.86
,47317,2026-03-19T19:01:24+00:00,79,0,1,48.35
,47318,2026-03-19T19:01:24+00:00,85,0,1,43.45
,47319,2026-03-19T19:01:24+00:00,89,0,0,61.63
,47320,2026-03-19T19:01:24+00:00,89,0,0,44.86
,47321,2026-03-19T19:01:24+00:00,95,0,0,61.63
,47322,2026-03-19T19:01:24+00:00,105,0,0,61.63
,47323,2026-03-19T19:01:24+00:00,139,0,0,61.63
,47324,2026-03-19T19:01:24+00:00,145,0,0,61.63
,47325,2026-03-19T19:01:24+00:00,149,0,0,61.63
,47326,2026-03-19T19:01:24+00:00,159,0,0,61.63
,47327,2026-03-19T19:01:24+00:00,169,0,0,61.63
,47328,2026-03-19T19:01:24+00:00,169,0,0,61.63
,47329,2026-03-19T19:01:24+00:00,209,0,0,44.86
,47330,2026-03-19T19:01:24+00:00,209,0,0,61.63
,47331,2026-03-19T19:01:24+00:00,239,0,0,72.37
,47332,2026-03-19T19:01:24+00:00,269,0,0,69.31
,47333,2026-03-19T19:01:24+00:00,289,0,0,61.63
,47334,2026-03-19T19:01:24+00:00,299,0,0,77.24
,47335,2026-03-19T19:01:24+00:00,349,0,0,74.35
,47336,2026-03-19T19:01:24+00:00,369,0,0,61.63
,47337,2026-03-19T19:01:24+00:00,389,0,0,44.86
,47338,2026-03-19T19:01:24+00:00,599,0,0,71.13
,47339,2026-03-19T19:01:24+00:00,699,0,0,61.63
,47340,2026-03-19T19:01:24+00:00,699,0,0,61.63
,47341,2026-03-19T19:01:24+00:00,699,0,0,76.02
,47342,2026-03-19T19:01:24+00:00,899,0,0,61.63
,47343,2026-03-19T19:01:24+00:00,999,0,0,61.63
,47344,2026-03-19T19:01:24+00:00,1099,0,0,50.04
,47346,2026-03-19T19:01:24+00:00,59,0,0,71.21
,47347,2026-03-19T19:01:24+00:00,69,0,0,61.63
,47348,2026-03-19T19:01:24+00:00,69,0,0,61.63
,47349,2026-03-19T19:01:24+00:00,75,0,0,61.63
,47350,2026-03-19T19:01:24+00:00,85,0,0,71.06
,47351,2026-03-19T19:01:24+00:00,89,0,0,61.63
,47352,2026-03-19T19:01:24+00:00,99,0,1,35.11
,47353,2026-03-19T19:01:24+00:00,149,0,0,61.63
,47354,2026-03-19T19:01:24+00:00,149,0,0,76.02
,47355,2026-03-19T19:01:24+00:00,158,0,0,53.13
,47356,2026-03-19T19:01:24+00:00,159,0,0,69.8
,47357,2026-03-19T19:01:24+00:00,179,0,0,77.24
,47358,2026-03-19T19:01:24+00:00,199,0,0,44.86
,47359,2026-03-19T19:01:24+00:00,229,0,1,35.11
,47360,2026-03-19T19:01:24+00:00,260,0,0,77.24
,47361,2026-03-19T19:01:24+00:00,759,0,0,61.63
,47363,2026-03-19T19:01:24+00:00,339,0,0,61.63
,47362,2026-03-19T19:01:24+00:00,119,0,1,35.11
,36557,2026-03-24T11:48:11+00:00,1119,0,0,64.48
,36576,2026-03-24T11:48:11+00:00,1299,0,0,78.65
,36580,2026-03-24T11:48:11+00:00,1359,0,0,76.47
,36573,2026-03-24T11:48:11+00:00,1369,0,0,47.68
,36631,2026-03-24T11:48:11+00:00,1639,0,0,76.48
,36642,2026-03-24T11:48:11+00:00,1679,0,0,76.48
,36581,2026-03-24T11:48:11+00:00,1699,0,0,54.67
,36582,2026-03-24T11:48:11+00:00,1699,0,0,54.67
,36606,2026-03-24T11:48:11+00:00,1699,0,0,54.67
,36583,2026-03-24T11:48:11+00:00,1709,0,0,69.65
,36616,2026-03-24T11:48:11+00:00,1749,0,0,69.65
,36584,2026-03-24T11:48:11+00:00,1749,0,0,69.65
,36597,2026-03-24T11:48:11+00:00,1759,0,0,54.67
,36585,2026-03-24T11:48:16+00:00,1759,0,0,54.67
,36620,2026-03-24T11:48:16+00:00,1759,0,0,54.67
,36596,2026-03-24T11:48:16+00:00,1759,0,0,69.65
,36588,2026-03-24T11:48:16+00:00,1759,0,0,69.65
,36609,2026-03-24T11:48:16+00:00,1759,0,0,69.65
,36600,2026-03-24T11:48:16+00:00,1759,0,0,54.67
,36587,2026-03-24T11:48:16+00:00,1759,0,0,69.65
,36598,2026-03-24T11:48:16+00:00,1759,0,0,54.67
,36601,2026-03-24T11:48:16+00:00,1759,0,0,54.67
,36591,2026-03-24T11:48:16+00:00,1759,0,0,54.67
,36604,2026-03-24T11:48:16+00:00,1769,0,0,69.65
,36605,2026-03-24T11:48:16+00:00,1769,0,0,69.65
,36603,2026-03-24T11:48:16+00:00,1769,0,0,69.65
,36610,2026-03-24T11:48:16+00:00,1809,0,0,54.67
,36608,2026-03-24T11:48:16+00:00,1809,0,0,69.65
,36593,2026-03-24T11:48:16+00:00,1809,0,0,69.65
,36611,2026-03-24T11:48:16+00:00,1809,0,0,69.65
,36592,2026-03-24T11:48:16+00:00,1809,0,0,69.65
,36614,2026-03-24T11:48:16+00:00,1819,0,0,78.16
,36612,2026-03-24T11:48:16+00:00,1819,0,0,69.65
,36613,2026-03-24T11:48:16+00:00,1819,0,0,69.65
,36595,2026-03-24T11:48:16+00:00,1819,0,0,69.65
,36615,2026-03-24T11:48:22+00:00,1829,0,0,69.65
,36617,2026-03-24T11:48:22+00:00,1829,0,0,69.65
,36579,2026-03-24T11:48:22+00:00,1849,0,0,65.1
,36622,2026-03-24T11:48:22+00:00,1859,0,0,49.41
,36662,2026-03-24T11:48:22+00:00,1899,0,0,54.67
,36659,2026-03-24T11:48:22+00:00,1899,0,0,54.67
,36663,2026-03-24T11:48:22+00:00,1899,0,0,54.67
,36661,2026-03-24T11:48:22+00:00,1899,0,0,54.67
,36619,2026-03-24T11:48:22+00:00,1905,0,0,54.67
,36621,2026-03-24T11:48:22+00:00,1915,0,0,54.67
,36623,2026-03-24T11:48:22+00:00,1925,0,0,69.65
,36656,2026-03-24T11:48:22+00:00,1945,0,0,49.41
,36646,2026-03-24T11:48:22+00:00,1959,0,0,69.65
,36630,2026-03-24T11:48:22+00:00,1959,0,0,54.67
,36627,2026-03-24T11:48:22+00:00,1965,0,0,69.65
,36629,2026-03-24T11:48:22+00:00,1965,0,0,69.65
,36635,2026-03-24T11:48:22+00:00,1969,0,0,69.65
,36638,2026-03-24T11:48:22+00:00,1975,0,0,69.65
,36636,2026-03-24T11:48:28+00:00,1975,0,0,69.65
,36637,2026-03-24T11:48:28+00:00,1975,0,0,69.65
,36639,2026-03-24T11:48:28+00:00,1975,0,0,69.65
,36628,2026-03-24T11:48:28+00:00,1975,0,0,69.65
,36641,2026-03-24T11:48:28+00:00,1985,0,0,69.65
,36640,2026-03-24T11:48:28+00:00,1985,0,0,69.65
,36673,2026-03-24T11:48:28+00:00,1995,0,0,49.41
,36668,2026-03-24T11:48:28+00:00,1999,0,0,47.68
,36660,2026-03-24T11:48:28+00:00,1999,0,0,54.67
,36618,2026-03-24T11:48:28+00:00,1999,0,0,54.67
,36645,2026-03-24T11:48:28+00:00,1999,0,0,69.65
,36676,2026-03-24T11:48:28+00:00,2005,0,0,49.41
,36643,2026-03-24T11:48:28+00:00,2009,0,0,69.65
,36682,2026-03-24T11:48:28+00:00,2049,0,0,69.65
,36677,2026-03-24T11:48:28+00:00,2049,0,0,69.65
,36650,2026-03-24T11:48:28+00:00,2049,0,0,69.65
,36687,2026-03-24T11:48:28+00:00,2055,0,0,49.41
,36624,2026-03-24T11:48:28+00:00,2059,0,0,69.65
,36674,2026-03-24T11:48:33+00:00,2099,0,0,60.94
,36675,2026-03-24T11:48:33+00:00,2099,0,0,69.65
,36649,2026-03-24T11:48:33+00:00,2099,0,0,69.65
,36625,2026-03-24T11:48:33+00:00,2119,0,0,54.67
,36626,2026-03-24T11:48:33+00:00,2119,0,0,54.67
,36653,2026-03-24T11:48:33+00:00,2129,0,0,66.72
,36652,2026-03-24T11:48:33+00:00,2129,0,0,54.67
,36654,2026-03-24T11:48:33+00:00,2129,0,0,54.67
,36655,2026-03-24T11:48:33+00:00,2139,0,0,69.65
,36692,2026-03-24T11:48:33+00:00,2149,0,0,60.94
,36746,2026-03-24T11:48:33+00:00,2149,0,0,69.65
,36696,2026-03-24T11:48:33+00:00,2159,0,0,60.94
,36694,2026-03-24T11:48:33+00:00,2159,0,0,60.94
,36667,2026-03-24T11:48:33+00:00,2159,0,0,34.01
,36698,2026-03-24T11:48:33+00:00,2159,0,0,69.65
,36664,2026-03-24T11:48:33+00:00,2159,0,0,34.75
,36722,2026-03-24T11:48:33+00:00,2161,0,0,69.65
,36681,2026-03-24T11:48:33+00:00,2175,0,0,69.65
,36669,2026-03-24T11:48:33+00:00,2179,0,0,69.65
,36633,2026-03-24T11:48:38+00:00,2179,0,0,69.65
,36634,2026-03-24T11:48:38+00:00,2179,0,0,69.65
,36671,2026-03-24T11:48:38+00:00,2179,0,0,69.65
,36672,2026-03-24T11:48:38+00:00,2189,0,0,69.65
,36690,2026-03-24T11:48:38+00:00,2189,0,0,69.65
,36686,2026-03-24T11:48:38+00:00,2189,0,0,69.65
,36691,2026-03-24T11:48:38+00:00,2189,0,0,69.65
,36684,2026-03-24T11:48:38+00:00,2189,0,0,69.65
,36695,2026-03-24T11:48:38+00:00,2199,0,0,69.65
,36697,2026-03-24T11:48:38+00:00,2199,0,0,69.65
,36700,2026-03-24T11:48:38+00:00,2199,0,0,69.65
,36689,2026-03-24T11:48:38+00:00,2199,0,0,69.65
,36647,2026-03-24T11:48:38+00:00,2199,0,0,81.37
,36693,2026-03-24T11:48:38+00:00,2199,0,0,54.67
,36679,2026-03-24T11:48:38+00:00,2199,0,0,54.67
,36728,2026-03-24T11:48:38+00:00,2205,0,0,47.68
,36709,2026-03-24T11:48:38+00:00,2209,0,0,69.65
,36680,2026-03-24T11:48:38+00:00,2209,0,0,34.01
,36712,2026-03-24T11:48:38+00:00,2209,0,0,60.94
,36770,2026-03-24T11:48:44+00:00,2209,0,0,69.65
,36734,2026-03-24T11:48:44+00:00,2211,0,0,49.41
,36717,2026-03-24T11:48:44+00:00,2219,0,0,60.94
,36747,2026-03-24T11:48:44+00:00,2239,0,0,65.09
,36658,2026-03-24T11:48:44+00:00,2249,0,0,69.65
,36707,2026-03-24T11:48:44+00:00,2249,0,0,69.65
,36706,2026-03-24T11:48:44+00:00,2249,0,0,54.67
,36699,2026-03-24T11:48:44+00:00,2249,0,0,54.67
,36714,2026-03-24T11:48:44+00:00,2249,0,0,69.65
,36772,2026-03-24T11:48:44+00:00,2259,0,0,69.65
,36718,2026-03-24T11:48:44+00:00,2259,0,0,54.67
,36683,2026-03-24T11:48:44+00:00,2259,0,0,69.65
,36768,2026-03-24T11:48:44+00:00,2259,0,0,69.65
,36721,2026-03-24T11:48:50+00:00,2299,0,0,54.67
,36750,2026-03-24T11:48:50+00:00,2299,0,0,54.67
,36783,2026-03-24T11:48:50+00:00,2299,0,0,78.05
,36753,2026-03-24T11:48:50+00:00,2299,0,0,69.65
,36710,2026-03-24T11:48:50+00:00,2299,0,0,69.65
,36678,2026-03-24T11:48:50+00:00,2299,0,0,69.65
,36705,2026-03-24T11:48:50+00:00,2309,0,0,69.65
,36738,2026-03-24T11:48:50+00:00,2315,0,0,69.65
,36737,2026-03-24T11:48:50+00:00,2315,0,0,60.94
,36740,2026-03-24T11:48:50+00:00,2329,0,0,78.63
,36665,2026-03-24T11:48:50+00:00,2335,0,0,69.65
,36666,2026-03-24T11:48:50+00:00,2335,0,0,69.65
,36720,2026-03-24T11:48:55+00:00,2349,0,0,69.65
,36769,2026-03-24T11:48:55+00:00,2349,0,0,69.65
,36756,2026-03-24T11:48:55+00:00,2355,0,0,69.65
,36748,2026-03-24T11:48:55+00:00,2355,0,0,60.94
,36725,2026-03-24T11:48:55+00:00,2359,0,0,49.41
,36701,2026-03-24T11:48:55+00:00,2359,0,0,69.65
,36780,2026-03-24T11:48:55+00:00,2369,0,0,69.65
,36731,2026-03-24T11:48:55+00:00,2373,0,0,47.68
,36759,2026-03-24T11:48:55+00:00,2375,0,0,60.94
,36788,2026-03-24T11:48:55+00:00,2375,0,0,49.41
,36724,2026-03-24T11:48:55+00:00,2389,0,0,69.65
,36732,2026-03-24T11:48:55+00:00,2399,0,0,54.67
,36733,2026-03-24T11:49:01+00:00,2399,0,0,54.67
,36715,2026-03-24T11:49:01+00:00,2399,0,0,54.67
,36749,2026-03-24T11:49:01+00:00,2409,0,0,78.5
,36736,2026-03-24T11:49:01+00:00,2409,0,0,69.65
,36800,2026-03-24T11:49:01+00:00,2425,0,0,69.65
,36823,2026-03-24T11:49:01+00:00,2429,0,0,47.68
,36878,2026-03-24T11:49:01+00:00,2429,0,0,78.33
,36744,2026-03-24T11:49:01+00:00,2449,0,0,69.65
,36745,2026-03-24T11:49:01+00:00,2449,0,0,69.65
,36771,2026-03-24T11:49:01+00:00,2459,0,0,69.65
,36837,2026-03-24T11:49:01+00:00,2459,0,0,49.41
,36774,2026-03-24T11:49:01+00:00,2459,0,0,69.65
,36754,2026-03-24T11:49:01+00:00,2459,0,0,69.65
,36895,2026-03-24T11:49:01+00:00,2475,0,0,78.34
,36842,2026-03-24T11:49:01+00:00,2475,0,0,69.65
,36841,2026-03-24T11:49:01+00:00,2475,0,0,69.65
,36755,2026-03-24T11:49:06+00:00,2485,0,0,69.65
,36829,2026-03-24T11:49:06+00:00,2495,0,0,69.65
,36831,2026-03-24T11:49:06+00:00,2499,0,0,69.65
,36812,2026-03-24T11:49:06+00:00,2499,0,0,54.67
,36807,2026-03-24T11:49:06+00:00,2499,0,0,69.65
,36832,2026-03-24T11:49:06+00:00,2499,0,0,72.3
,36761,2026-03-24T11:49:06+00:00,2499,0,0,69.65
,36741,2026-03-24T11:49:06+00:00,2515,0,0,69.65
,36910,2026-03-24T11:49:06+00:00,2525,0,0,78.35
,36802,2026-03-24T11:49:06+00:00,2529,0,0,60.94
,36801,2026-03-24T11:49:06+00:00,2529,0,0,69.65
,36773,2026-03-24T11:49:06+00:00,2535,0,0,69.65
,36852,2026-03-24T11:49:06+00:00,2539,0,0,69.65
,36847,2026-03-24T11:49:06+00:00,2539,0,0,69.65
,36729,2026-03-24T11:49:06+00:00,2549,0,0,69.65
,36953,2026-03-24T11:49:12+00:00,2549,0,0,69.65
,36730,2026-03-24T11:49:12+00:00,2549,0,0,69.65
,36861,2026-03-24T11:49:12+00:00,2549,0,0,77.47
,36778,2026-03-24T11:49:12+00:00,2559,0,0,69.65
,36814,2026-03-24T11:49:12+00:00,2569,0,0,60.94
,36845,2026-03-24T11:49:12+00:00,2569,0,0,69.65
,36818,2026-03-24T11:49:12+00:00,2569,0,0,69.65
,36876,2026-03-24T11:49:12+00:00,2589,0,0,69.65
,36793,2026-03-24T11:49:12+00:00,2589,0,0,34.01
,36822,2026-03-24T11:49:12+00:00,2589,0,0,60.94
,36871,2026-03-24T11:49:12+00:00,2619,0,0,69.65
,36892,2026-03-24T11:49:12+00:00,2645,0,0,49.41
,36781,2026-03-24T11:49:17+00:00,2649,0,0,81.37
,36880,2026-03-24T11:49:17+00:00,2649,0,0,69.65
,36840,2026-03-24T11:49:17+00:00,2649,0,0,78.53
,36920,2026-03-24T11:49:17+00:00,2659,0,0,49.41
,36776,2026-03-24T11:49:17+00:00,2659,0,0,69.65
,36815,2026-03-24T11:49:17+00:00,2689,0,0,69.65
,36929,2026-03-24T11:49:17+00:00,2689,0,0,69.65
,36926,2026-03-24T11:49:17+00:00,2689,0,0,69.65
,36928,2026-03-24T11:49:17+00:00,2689,0,0,69.65
,36918,2026-03-24T11:49:17+00:00,2695,0,0,78.07
,36907,2026-03-24T11:49:17+00:00,2695,0,0,49.41
,36898,2026-03-24T11:49:17+00:00,2699,0,0,69.65
,36795,2026-03-24T11:49:17+00:00,2709,0,0,69.65
,36824,2026-03-24T11:49:17+00:00,2715,0,0,69.65
,36922,2026-03-24T11:49:17+00:00,2715,0,0,69.65
,36923,2026-03-24T11:49:17+00:00,2715,0,0,60.94
,36979,2026-03-24T11:49:23+00:00,2719,0,0,69.65
,36808,2026-03-24T11:49:23+00:00,2729,0,0,69.65
,36838,2026-03-24T11:49:23+00:00,2739,0,0,69.65
,36940,2026-03-24T11:49:23+00:00,2739,0,0,78.07
,36952,2026-03-24T11:49:23+00:00,2749,0,0,77.02
,36875,2026-03-24T11:49:23+00:00,2749,0,0,69.65
,36877,2026-03-24T11:49:23+00:00,2749,0,0,69.65
,36867,2026-03-24T11:49:23+00:00,2749,0,0,54.67
,36859,2026-03-24T11:49:23+00:00,2749,0,0,69.65
,36913,2026-03-24T11:49:23+00:00,2755,0,0,69.65
,36762,2026-03-24T11:49:23+00:00,2759,0,0,69.65
,36958,2026-03-24T11:49:23+00:00,2759,0,0,69.65
,36828,2026-03-24T11:49:23+00:00,2759,0,0,77.02
,36939,2026-03-24T11:49:23+00:00,2769,0,0,78.17
,36930,2026-03-24T11:49:23+00:00,2769,0,0,69.65
,36969,2026-03-24T11:49:23+00:00,2769,0,0,77.58
,36962,2026-03-24T11:49:28+00:00,2769,0,0,69.65
,36872,2026-03-24T11:49:28+00:00,2779,0,0,78.65
,36984,2026-03-24T11:49:28+00:00,2779,0,0,69.65
,36956,2026-03-24T11:49:28+00:00,2789,0,0,78.07
,36959,2026-03-24T11:49:28+00:00,2799,0,0,69.65
,36894,2026-03-24T11:49:28+00:00,2799,0,0,69.65
,36883,2026-03-24T11:49:28+00:00,2799,0,0,69.65
,36896,2026-03-24T11:49:28+00:00,2799,0,0,69.65
,36846,2026-03-24T11:49:28+00:00,2799,0,0,64.65
,36911,2026-03-24T11:49:28+00:00,2799,0,0,69.65
,36903,2026-03-24T11:49:28+00:00,2809,0,0,69.65
,36884,2026-03-24T11:49:28+00:00,2809,0,0,49.41
,36779,2026-03-24T11:49:28+00:00,2809,0,0,69.65
,36993,2026-03-24T11:49:28+00:00,2809,0,0,69.65
,36909,2026-03-24T11:49:28+00:00,2809,0,0,64.66
,36854,2026-03-24T11:49:28+00:00,2819,0,0,77.05
,36949,2026-03-24T11:49:28+00:00,2819,0,0,69.65
,36983,2026-03-24T11:49:28+00:00,2819,0,0,77.59
,36839,2026-03-24T11:49:34+00:00,2825,0,0,69.65
,36888,2026-03-24T11:49:34+00:00,2829,0,0,78.65
,37000,2026-03-24T11:49:34+00:00,2839,0,0,69.65
,36874,2026-03-24T11:49:34+00:00,2849,0,0,77.06
,36925,2026-03-24T11:49:34+00:00,2849,0,0,77.06
,36908,2026-03-24T11:49:34+00:00,2849,0,0,69.65
,36935,2026-03-24T11:49:34+00:00,2849,0,0,69.65
,36932,2026-03-24T11:49:34+00:00,2859,0,0,77.06
,36972,2026-03-24T11:49:34+00:00,2859,0,0,69.65
,36933,2026-03-24T11:49:34+00:00,2859,0,0,77.06
,36890,2026-03-24T11:49:34+00:00,2859,0,0,69.65
,37023,2026-03-24T11:49:34+00:00,2889,0,0,69.65
,36967,2026-03-24T11:49:39+00:00,2899,0,0,73.57
,36947,2026-03-24T11:49:39+00:00,2899,0,0,77.07
,36961,2026-03-24T11:49:39+00:00,2899,0,0,69.65
,36906,2026-03-24T11:49:39+00:00,2909,0,0,69.65
,36950,2026-03-24T11:49:39+00:00,2909,0,0,77.08
,37040,2026-03-24T11:49:39+00:00,2919,0,0,69.65
,36915,2026-03-24T11:49:39+00:00,2929,0,0,69.65
,36991,2026-03-24T11:49:39+00:00,2929,0,0,69.65
,36990,2026-03-24T11:49:39+00:00,2929,0,0,45.05
,36879,2026-03-24T11:49:39+00:00,2939,0,0,60.94
,37053,2026-03-24T11:49:39+00:00,2949,0,0,77.09
,36957,2026-03-24T11:49:39+00:00,2949,0,0,78.4
,36964,2026-03-24T11:49:39+00:00,2949,0,0,77.09
,36971,2026-03-24T11:49:39+00:00,2949,0,0,47.68
,36973,2026-03-24T11:49:39+00:00,2949,0,0,69.65
,37013,2026-03-24T11:49:45+00:00,2959,0,0,69.65
,37015,2026-03-24T11:49:45+00:00,2959,0,0,69.65
,37022,2026-03-24T11:49:45+00:00,2969,0,0,69.65
,36965,2026-03-24T11:49:45+00:00,2969,0,0,69.65
,37027,2026-03-24T11:49:45+00:00,2969,0,0,69.65
,36887,2026-03-24T11:49:45+00:00,2969,0,0,69.65
,36970,2026-03-24T11:49:45+00:00,2995,0,0,78.41
,36997,2026-03-24T11:49:45+00:00,2999,0,0,54.67
,37010,2026-03-24T11:49:45+00:00,2999,0,0,77.57
,36982,2026-03-24T11:49:45+00:00,3045,0,0,78.41
,37007,2026-03-24T11:49:51+00:00,3099,0,0,45.05
,37024,2026-03-24T11:49:51+00:00,3099,0,0,69.65
,37058,2026-03-24T11:49:51+00:00,3109,0,0,49.41
,36994,2026-03-24T11:49:51+00:00,3129,0,0,54.67
,37035,2026-03-24T11:49:51+00:00,3149,0,0,69.65
,37038,2026-03-24T11:49:51+00:00,3149,0,0,69.65
,37044,2026-03-24T11:49:51+00:00,3159,0,0,69.65
,37060,2026-03-24T11:49:51+00:00,3159,0,0,69.65
,37086,2026-03-24T11:49:51+00:00,3209,0,0,78.24
,36989,2026-03-24T11:49:51+00:00,3215,0,0,77.43
,37014,2026-03-24T11:49:51+00:00,3239,0,0,69.65
,37050,2026-03-24T11:49:51+00:00,3239,0,0,54.67
,37026,2026-03-24T11:49:56+00:00,3249,0,0,69.65
,37002,2026-03-24T11:49:56+00:00,3259,0,0,77.44
,37127,2026-03-24T11:49:56+00:00,3259,0,0,69.65
,37003,2026-03-24T11:49:56+00:00,3265,0,0,77.44
,36996,2026-03-24T11:49:56+00:00,3289,0,0,69.65
,37045,2026-03-24T11:49:56+00:00,3299,0,0,54.67
,37096,2026-03-24T11:49:56+00:00,3299,0,0,69.65
,37055,2026-03-24T11:49:56+00:00,3299,0,0,69.65
,37063,2026-03-24T11:49:56+00:00,3299,0,0,60.94
,37054,2026-03-24T11:49:56+00:00,3299,0,0,69.65
,37062,2026-03-24T11:49:56+00:00,3299,0,0,77.2
,37021,2026-03-24T11:49:56+00:00,3309,0,0,77.45
,37066,2026-03-24T11:49:56+00:00,3309,0,0,77.2
,36927,2026-03-24T11:49:56+00:00,3309,0,0,69.65
,37078,2026-03-24T11:49:56+00:00,3329,0,0,69.65
,37056,2026-03-24T11:49:56+00:00,3329,0,0,69.65
,37017,2026-03-24T11:49:56+00:00,3339,0,0,69.65
,37076,2026-03-24T11:49:56+00:00,3349,0,0,77.21
,37059,2026-03-24T11:50:02+00:00,3349,0,0,69.65
,37067,2026-03-24T11:50:02+00:00,3349,0,0,69.65
,37068,2026-03-24T11:50:02+00:00,3349,0,0,69.65
,37073,2026-03-24T11:50:02+00:00,3359,0,0,69.65
,37111,2026-03-24T11:50:02+00:00,3359,0,0,69.65
,36946,2026-03-24T11:50:02+00:00,3359,0,0,69.65
,37077,2026-03-24T11:50:02+00:00,3399,0,0,69.65
,37130,2026-03-24T11:50:02+00:00,3409,0,0,69.65
,37119,2026-03-24T11:50:02+00:00,3419,0,0,69.65
,37114,2026-03-24T11:50:02+00:00,3425,0,0,77.64
,37100,2026-03-24T11:50:02+00:00,3439,0,0,69.65
,37131,2026-03-24T11:50:02+00:00,3459,0,0,69.65
,37101,2026-03-24T11:50:07+00:00,3459,0,0,69.65
,37124,2026-03-24T11:50:07+00:00,3459,0,0,69.65
,37108,2026-03-24T11:50:07+00:00,3509,0,0,69.65
,37079,2026-03-24T11:50:07+00:00,3529,0,0,77.55
,37070,2026-03-24T11:50:07+00:00,3529,0,0,54.67
,37120,2026-03-24T11:50:07+00:00,3549,0,0,69.65
,37049,2026-03-24T11:50:07+00:00,3565,0,0,78.46
,37061,2026-03-24T11:50:07+00:00,3615,0,0,78.46
,37175,2026-03-24T11:50:07+00:00,3619,0,0,69.65
,37087,2026-03-24T11:50:07+00:00,3649,0,0,69.65
,37143,2026-03-24T11:50:13+00:00,3659,0,0,69.65
,37032,2026-03-24T11:50:13+00:00,3669,0,0,78.46
,37126,2026-03-24T11:50:13+00:00,3679,0,0,47.68
,37093,2026-03-24T11:50:13+00:00,3699,0,0,69.65
,37104,2026-03-24T11:50:13+00:00,3699,0,0,54.67
,37152,2026-03-24T11:50:13+00:00,3709,0,0,69.65
,37142,2026-03-24T11:50:13+00:00,3719,0,0,65
,37113,2026-03-24T11:50:13+00:00,3745,0,0,69.65
,37144,2026-03-24T11:50:13+00:00,3749,0,0,60.94
,37150,2026-03-24T11:50:13+00:00,3759,0,0,69.65
,37148,2026-03-24T11:50:13+00:00,3769,0,0,77.32
,37069,2026-03-24T11:50:13+00:00,3785,0,0,76.84
,37171,2026-03-24T11:50:13+00:00,3799,0,0,69.65
,37199,2026-03-24T11:50:13+00:00,3799,0,0,69.65
,37197,2026-03-24T11:50:13+00:00,3799,0,0,69.65
,37141,2026-03-24T11:50:18+00:00,3829,0,0,69.65
,37091,2026-03-24T11:50:18+00:00,3835,0,0,76.94
,37075,2026-03-24T11:50:18+00:00,3859,0,0,69.65
,37160,2026-03-24T11:50:18+00:00,3879,0,0,69.65
,37147,2026-03-24T11:50:18+00:00,3899,0,0,54.67
,37151,2026-03-24T11:50:18+00:00,3899,0,0,69.65
,37088,2026-03-24T11:50:18+00:00,3909,0,0,69.65
,37187,2026-03-24T11:50:18+00:00,3919,0,0,69.65
,37164,2026-03-24T11:50:24+00:00,3939,0,0,69.65
,37145,2026-03-24T11:50:24+00:00,3959,0,0,69.65
,37186,2026-03-24T11:50:24+00:00,3999,0,0,54.67
,37208,2026-03-24T11:50:24+00:00,4009,0,0,69.65
,37189,2026-03-24T11:50:24+00:00,4109,0,0,69.65
,37167,2026-03-24T11:50:24+00:00,4119,0,0,69.65
,37216,2026-03-24T11:50:24+00:00,4139,0,0,69.65
,37195,2026-03-24T11:50:29+00:00,4159,0,0,69.65
,37191,2026-03-24T11:50:29+00:00,4179,0,0,69.65
,37129,2026-03-24T11:50:29+00:00,4189,0,0,69.65
,37213,2026-03-24T11:50:29+00:00,4199,0,0,54.67
,37223,2026-03-24T11:50:29+00:00,4199,0,0,69.65
,37245,2026-03-24T11:50:29+00:00,4199,0,0,74.26
,37169,2026-03-24T11:50:29+00:00,4219,0,0,69.65
,37178,2026-03-24T11:50:29+00:00,4229,0,0,69.65
,37196,2026-03-24T11:50:29+00:00,4229,0,0,69.65
,37137,2026-03-24T11:50:29+00:00,4239,0,0,69.65
,37204,2026-03-24T11:50:29+00:00,4249,0,0,60.94
,37253,2026-03-24T11:50:29+00:00,4299,0,0,74.75
,37235,2026-03-24T11:50:35+00:00,4319,0,0,69.65
,37236,2026-03-24T11:50:35+00:00,4319,0,0,69.65
,37202,2026-03-24T11:50:35+00:00,4379,0,0,69.65
,37211,2026-03-24T11:50:35+00:00,4399,0,0,54.67
,37249,2026-03-24T11:50:35+00:00,4399,0,0,69.65
,37266,2026-03-24T11:50:35+00:00,4439,0,0,73.62
,37212,2026-03-24T11:50:35+00:00,4449,0,0,69.65
,37257,2026-03-24T11:50:35+00:00,4519,0,0,69.65
,37261,2026-03-24T11:50:35+00:00,4549,0,0,69.65
,37230,2026-03-24T11:50:40+00:00,4639,0,0,69.65
,37234,2026-03-24T11:50:40+00:00,4639,0,0,69.65
,37219,2026-03-24T11:50:40+00:00,4709,0,0,69.65
,37217,2026-03-24T11:50:40+00:00,4709,0,0,69.65
,37241,2026-03-24T11:50:40+00:00,4709,0,0,69.65
,37260,2026-03-24T11:50:40+00:00,4709,0,0,69.65
,37273,2026-03-24T11:50:40+00:00,4719,0,0,72.78
,37259,2026-03-24T11:50:40+00:00,4719,0,0,69.65
,37239,2026-03-24T11:50:40+00:00,4749,0,0,69.65
,37246,2026-03-24T11:50:46+00:00,4799,0,0,69.65
,37291,2026-03-24T11:50:46+00:00,4819,0,0,75.96
,37292,2026-03-24T11:50:46+00:00,4819,0,0,74.9
,37282,2026-03-24T11:50:46+00:00,4819,0,0,73.3
,37293,2026-03-24T11:50:46+00:00,4819,0,0,69.65
,37240,2026-03-24T11:50:46+00:00,4909,0,0,69.65
,37276,2026-03-24T11:50:46+00:00,4919,0,0,69.65
,37294,2026-03-24T11:50:46+00:00,4959,0,0,60.94
,37247,2026-03-24T11:50:46+00:00,4959,0,0,69.65
,37285,2026-03-24T11:50:46+00:00,4995,0,0,69.65
,37302,2026-03-24T11:50:46+00:00,5059,0,0,69.65
,37301,2026-03-24T11:50:46+00:00,5149,0,0,69.65
,37305,2026-03-24T11:50:51+00:00,5189,0,0,69.65
,37306,2026-03-24T11:50:51+00:00,5239,0,0,69.65
,37304,2026-03-24T11:50:51+00:00,5289,0,0,60.94
,37298,2026-03-24T11:50:51+00:00,5389,0,0,60.94
,37280,2026-03-24T11:50:51+00:00,5429,0,0,69.65
,37286,2026-03-24T11:50:51+00:00,5529,0,0,54.67
,37316,2026-03-24T11:50:51+00:00,5529,0,0,60.94
,37310,2026-03-24T11:50:51+00:00,5699,0,0,54.67
,37330,2026-03-24T11:50:57+00:00,5719,0,0,69.65
,37308,2026-03-24T11:50:57+00:00,5999,0,0,54.67
,37312,2026-03-24T11:50:57+00:00,5999,0,0,60.94
,37311,2026-03-24T11:50:57+00:00,6079,0,0,69.65
,37324,2026-03-24T11:50:57+00:00,6269,0,0,69.65
,37345,2026-03-24T11:50:57+00:00,6499,0,0,69.65
,37329,2026-03-24T11:50:57+00:00,6549,0,0,69.65
,37332,2026-03-24T11:50:57+00:00,6629,0,0,69.65
,37335,2026-03-24T11:51:02+00:00,6839,0,0,69.65
,37351,2026-03-24T11:51:02+00:00,7059,0,0,69.65
,37340,2026-03-24T11:51:02+00:00,7099,0,0,69.65
,37357,2026-03-24T11:51:02+00:00,7259,0,0,69.65
,37356,2026-03-24T11:51:02+00:00,7259,0,0,69.65
,37366,2026-03-24T11:51:02+00:00,7379,0,0,69.65
,37372,2026-03-24T11:51:02+00:00,7899,0,0,69.65
,37373,2026-03-24T11:51:08+00:00,8159,0,0,69.65
,37374,2026-03-24T11:51:08+00:00,8169,0,0,69.65
,37379,2026-03-24T11:51:08+00:00,8479,0,0,69.65
,37382,2026-03-24T11:51:08+00:00,8579,0,0,69.65
,37386,2026-03-24T11:51:08+00:00,9079,0,0,69.65
,37385,2026-03-24T11:51:08+00:00,9079,0,0,69.65
,37390,2026-03-24T11:51:08+00:00,9999,0,0,69.65
,37391,2026-03-24T11:51:08+00:00,10309,0,0,69.65
,37388,2026-03-24T11:51:08+00:00,12619,0,0,69.65
,37640,2026-03-24T11:51:41+00:00,879,0,0,69.65
,37641,2026-03-24T11:51:47+00:00,919,0,0,69.65
,38419,2026-03-24T11:51:47+00:00,999,0,0,81.37
,37642,2026-03-24T11:51:47+00:00,1069,0,0,69.65
,37643,2026-03-24T11:51:47+00:00,1119,0,0,47.68
,37649,2026-03-24T11:51:52+00:00,1319,0,0,47.68
,37648,2026-03-24T11:51:52+00:00,1319,0,0,69.65
,37647,2026-03-24T11:51:52+00:00,1319,0,0,69.65
,37650,2026-03-24T11:51:52+00:00,1339,0,0,69.65
,37654,2026-03-24T11:51:59+00:00,1359,0,0,69.65
,37652,2026-03-24T11:51:59+00:00,1399,0,0,69.65
,37653,2026-03-24T11:51:59+00:00,1399,0,0,47.68
,37655,2026-03-24T11:51:59+00:00,1419,0,0,69.65
,37657,2026-03-24T11:51:59+00:00,1469,0,0,47.68
,37661,2026-03-24T11:52:04+00:00,1539,0,0,69.65
,37665,2026-03-24T11:52:04+00:00,1569,0,0,47.68
,37666,2026-03-24T11:52:04+00:00,1589,0,0,47.68
,37668,2026-03-24T11:52:04+00:00,1599,0,0,47.68
,37669,2026-03-24T11:52:09+00:00,1649,0,0,69.65
,37674,2026-03-24T11:52:09+00:00,1679,0,0,47.68
,37676,2026-03-24T11:52:09+00:00,1689,0,0,69.65
,37677,2026-03-24T11:52:09+00:00,1719,0,0,69.65
,37681,2026-03-24T11:52:15+00:00,1749,0,0,69.65
,37437,2026-03-24T11:52:15+00:00,1769,0,0,54.67
,37686,2026-03-24T11:52:15+00:00,1789,0,0,69.65
,37697,2026-03-24T11:52:20+00:00,1889,0,0,69.65
,37705,2026-03-24T11:52:20+00:00,1919,0,0,69.65
,37461,2026-03-24T11:52:25+00:00,1969,0,0,69.65
,37523,2026-03-24T11:52:30+00:00,2119,0,0,54.67
,37542,2026-03-24T11:52:41+00:00,2319,0,0,69.65
,37512,2026-03-24T11:52:41+00:00,2359,0,0,69.65
,37519,2026-03-24T11:52:52+00:00,2469,0,0,69.65
,37545,2026-03-24T11:53:03+00:00,2659,0,0,54.67
,37541,2026-03-24T11:53:03+00:00,2659,0,0,69.65
,37584,2026-03-24T11:53:14+00:00,2819,0,0,69.65
,37574,2026-03-24T11:53:19+00:00,2959,0,0,69.65
,37575,2026-03-24T11:53:25+00:00,3009,0,0,69.65
,37569,2026-03-24T11:53:25+00:00,3019,0,0,69.65
,37592,2026-03-24T11:53:41+00:00,3309,0,0,69.65
,37608,2026-03-24T11:53:41+00:00,3369,0,0,69.65
,38441,2026-03-24T11:54:14+00:00,4319,0,0,69.65
,38442,2026-03-24T11:54:20+00:00,4589,0,0,69.65
,38443,2026-03-24T11:54:20+00:00,4699,0,0,69.65
,38449,2026-03-24T11:54:31+00:00,5599,0,0,69.65
,38451,2026-03-24T11:54:36+00:00,6359,0,0,69.65
,38458,2026-03-24T11:54:47+00:00,7599,0,0,69.65
,46200,2026-03-30T15:06:44+00:00,1199,1,1,26.04
,46214,2026-03-30T15:06:49+00:00,1339,1,1,26.04
,46196,2026-03-30T15:06:53+00:00,1649,0,0,59.58
,46213,2026-03-30T15:06:53+00:00,1779,0,0,68.33
,46229,2026-03-30T15:06:58+00:00,1989,0,0,83.54
,46240,2026-03-30T15:07:02+00:00,2289,0,0,83.54
,46480,2026-03-30T15:07:27+00:00,3.5,0,0,72.74
,46485,2026-03-30T15:07:27+00:00,7.9,0,0,72.74
,46486,2026-03-30T15:07:27+00:00,7.9,0,0,72.74
,46487,2026-03-30T15:07:27+00:00,9.9,0,0,58.37
,46488,2026-03-30T15:07:27+00:00,9.9,0,0,58.37
,46489,2026-03-30T15:07:27+00:00,9.9,0,0,72.74
,46490,2026-03-30T15:07:27+00:00,9.9,0,0,58.37
,46493,2026-03-30T15:07:27+00:00,12.9,0,0,72.74
,46494,2026-03-30T15:07:27+00:00,12.9,0,0,58.37
,46496,2026-03-30T15:07:27+00:00,13.5,0,0,58.37
,46500,2026-03-30T15:07:32+00:00,15.9,0,0,58.37
,46502,2026-03-30T15:07:32+00:00,18.5,0,0,58.37
,46507,2026-03-30T15:07:32+00:00,20.9,0,0,72.74
,46521,2026-03-30T15:07:37+00:00,25.9,0,0,58.37
,46522,2026-03-30T15:07:37+00:00,28.5,0,0,58.37
,46538,2026-03-30T15:07:37+00:00,29.9,0,0,58.37
,46540,2026-03-30T15:07:37+00:00,31.5,0,0,83.54
,46677,2026-03-30T15:07:48+00:00,49,0,0,75.93
,46599,2026-03-30T15:07:53+00:00,69.9,0,0,83.54
,46604,2026-03-30T15:07:59+00:00,76.5,0,0,60.13
,46614,2026-03-30T15:07:59+00:00,86.9,0,0,83.54
,46888,2026-03-30T15:08:37+00:00,7.7,0,1,18.62
,46889,2026-03-30T15:08:37+00:00,7.9,0,1,45.31
,46935,2026-03-30T15:08:37+00:00,7.9,0,1,18.62
,46936,2026-03-30T15:08:37+00:00,8.5,0,1,18.62
,46890,2026-03-30T15:08:37+00:00,8.5,1,1,26.04
,46891,2026-03-30T15:08:37+00:00,8.5,0,0,83.54
,46937,2026-03-30T15:08:37+00:00,9.7,0,1,45.31
,46898,2026-03-30T15:08:37+00:00,10.5,0,0,83.54
,46899,2026-03-30T15:08:37+00:00,10.5,1,0,68.32
,46900,2026-03-30T15:08:37+00:00,10.9,0,1,45.31
,46901,2026-03-30T15:08:37+00:00,10.9,0,0,70.11
,46902,2026-03-30T15:08:37+00:00,11.5,0,0,70.11
,46938,2026-03-30T15:08:37+00:00,11.9,0,0,81.7
,46906,2026-03-30T15:08:37+00:00,13.2,0,0,72.74
,46907,2026-03-30T15:08:41+00:00,13.9,0,0,70.11
,46908,2026-03-30T15:08:41+00:00,13.9,0,0,81.7
,46909,2026-03-30T15:08:41+00:00,13.9,0,0,45.12
,46941,2026-03-30T15:08:41+00:00,14.5,0,0,70.11
,46913,2026-03-30T15:08:41+00:00,15.2,0,0,83.54
,46914,2026-03-30T15:08:41+00:00,15.5,1,0,53.13
,46915,2026-03-30T15:08:41+00:00,15.8,0,0,45.12
,46916,2026-03-30T15:08:41+00:00,16.5,0,0,45.12
,46918,2026-03-30T15:08:41+00:00,17.9,0,0,60.13
,46919,2026-03-30T15:08:41+00:00,17.9,0,0,81.7
,46920,2026-03-30T15:08:41+00:00,18.9,0,0,81.7
,46924,2026-03-30T15:08:41+00:00,19.9,0,0,55.21
,46943,2026-03-30T15:08:45+00:00,31.9,0,0,55.21
,46953,2026-03-30T15:08:50+00:00,129.9,0,0,45.12
,46857,2026-03-30T15:08:50+00:00,149.9,0,0,70.11
,46441,2026-03-30T15:10:02+00:00,429,0,1,30.34
,46444,2026-03-30T15:10:02+00:00,479,0,1,30.34
,46965,2026-03-30T15:10:10+00:00,42.9,0,0,58.37
,46969,2026-03-30T15:10:10+00:00,49.9,0,0,72.74
,46978,2026-03-30T15:10:10+00:00,299,0,0,72.74
,46987,2026-03-30T15:10:15+00:00,419,0,0,70.11
,46992,2026-03-30T15:10:15+00:00,499,0,0,83.54
,46998,2026-03-30T15:10:20+00:00,599,0,0,72.74
,47032,2026-03-30T15:10:20+00:00,799,0,0,83.54
,47039,2026-03-30T15:10:24+00:00,1099,0,0,68.28
,47046,2026-03-30T15:10:24+00:00,1269,0,0,55.21
,47045,2026-03-30T15:10:24+00:00,1299,0,0,72.74
,47047,2026-03-30T15:10:29+00:00,1319,0,0,83.54
,47048,2026-03-30T15:10:29+00:00,1359,0,0,64.46
,47049,2026-03-30T15:10:29+00:00,1549,0,0,64.46
,47051,2026-03-30T15:10:29+00:00,1699,0,0,64.46
,47053,2026-03-30T15:10:29+00:00,1899,0,0,64.46
,47137,2026-03-30T15:10:41+00:00,8.9,0,0,58.37
,47142,2026-03-30T15:10:41+00:00,14.9,0,0,72.74
,47293,2026-03-30T15:10:41+00:00,14.9,0,0,72.74
,47294,2026-03-30T15:10:41+00:00,14.9,0,0,58.37
,47296,2026-03-30T15:10:41+00:00,15.9,0,0,72.74
,47297,2026-03-30T15:10:41+00:00,16.9,0,0,72.74
,47298,2026-03-30T15:10:41+00:00,16.9,0,0,72.74
,47299,2026-03-30T15:10:41+00:00,16.9,0,0,72.74
,47151,2026-03-30T15:10:46+00:00,19.9,0,0,72.74
,47152,2026-03-30T15:10:46+00:00,19.9,0,0,72.74
,47153,2026-03-30T15:10:46+00:00,19.9,0,0,72.74
,47154,2026-03-30T15:10:46+00:00,19.9,0,0,72.74
,47215,2026-03-30T15:10:46+00:00,29.9,1,0,53.13
,47183,2026-03-30T15:10:54+00:00,49.9,0,0,58.37
,47115,2026-03-30T15:11:21+00:00,1399,0,0,72.74
,47355,2026-03-30T15:11:55+00:00,158.5,1,0,53.13
,39136,2026-04-01T08:37:47+00:00,12,0,1,37.59
,39380,2026-04-01T08:37:48+00:00,135,0,1,37.59
,39387,2026-04-01T08:37:48+00:00,149,0,1,37.59
,39383,2026-04-01T08:37:48+00:00,89,0,1,52.49
,38578,2026-04-01T08:37:48+00:00,889,0,1,37.59
,38540,2026-04-01T08:37:48+00:00,359,0,1,37.59
,38988,2026-04-01T08:37:48+00:00,39,0,1,37.59
,38505,2026-04-01T08:37:48+00:00,189,0,1,37.59
,39659,2026-04-01T08:37:48+00:00,535,0,1,24.72
,36544,2026-04-01T08:37:48+00:00,959,0,1,24.72
,36569,2026-04-01T08:37:48+00:00,1079,0,1,37.59
,36573,2026-04-01T08:37:48+00:00,1369,0,1,47.68
,36575,2026-04-01T08:37:48+00:00,1159,0,1,37.59
,36577,2026-04-01T08:37:48+00:00,1185,0,1,37.59
,36578,2026-04-01T08:37:48+00:00,1289,0,1,37.59
,36586,2026-04-01T08:37:48+00:00,1399,0,1,52.49
,36590,2026-04-01T08:37:48+00:00,1439,0,1,37.59
,36594,2026-04-01T08:37:48+00:00,1449,0,1,37.59
,36607,2026-04-01T08:37:48+00:00,1489,0,1,37.59
,36632,2026-04-01T08:37:48+00:00,1659,0,1,37.59
,36644,2026-04-01T08:37:48+00:00,1699,0,1,37.59
,36651,2026-04-01T08:37:48+00:00,1769,0,1,37.59
,36657,2026-04-01T08:37:48+00:00,1789,0,1,37.59
,36670,2026-04-01T08:37:48+00:00,1819,0,1,37.59
,36702,2026-04-01T08:37:48+00:00,1929,0,1,37.59
,36703,2026-04-01T08:37:48+00:00,1929,0,1,37.59
,36704,2026-04-01T08:37:48+00:00,1929,0,1,37.59
,38853,2026-04-01T08:37:48+00:00,12,0,1,37.59
,36708,2026-04-01T08:37:48+00:00,1945,0,1,41.58
,36716,2026-04-01T08:37:48+00:00,1959,0,1,37.59
,36719,2026-04-01T08:37:48+00:00,1969,0,1,37.59
,36723,2026-04-01T08:37:48+00:00,1995,0,1,37.59
,36726,2026-04-01T08:37:48+00:00,2019,0,1,37.59
,36727,2026-04-01T08:37:48+00:00,2019,0,1,54
,36735,2026-04-01T08:37:48+00:00,2049,0,1,37.59
,36752,2026-04-01T08:37:48+00:00,2099,0,1,37.59
,36763,2026-04-01T08:37:48+00:00,2129,0,1,37.59
,36764,2026-04-01T08:37:48+00:00,2139,0,1,37.59
,36765,2026-04-01T08:37:48+00:00,2145,0,1,37.59
,36766,2026-04-01T08:37:48+00:00,2145,0,1,56.53
,36767,2026-04-01T08:37:48+00:00,2149,0,1,37.59
,36775,2026-04-01T08:37:48+00:00,2169,0,1,37.59
,36777,2026-04-01T08:37:48+00:00,2175,0,1,37.59
,36786,2026-04-01T08:37:48+00:00,2199,0,1,37.59
,36797,2026-04-01T08:37:48+00:00,2259,0,1,37.59
,36798,2026-04-01T08:37:48+00:00,2259,0,1,37.59
,36803,2026-04-01T08:37:48+00:00,2269,0,1,37.59
,36827,2026-04-01T08:37:48+00:00,2339,0,1,24.72
,36835,2026-04-01T08:37:48+00:00,2359,0,1,37.59
,36836,2026-04-01T08:37:48+00:00,2359,0,1,24.72
,36843,2026-04-01T08:37:48+00:00,2369,0,1,37.59
,36848,2026-04-01T08:37:48+00:00,2389,0,1,37.59
,36849,2026-04-01T08:37:48+00:00,2389,0,1,37.59
,36851,2026-04-01T08:37:48+00:00,2389,0,1,37.59
,36853,2026-04-01T08:37:48+00:00,2395,0,1,37.59
,36855,2026-04-01T08:37:48+00:00,2399,0,1,37.59
,36865,2026-04-01T08:37:48+00:00,2409,0,1,37.59
,36870,2026-04-01T08:37:48+00:00,2419,0,1,37.59
,36881,2026-04-01T08:37:48+00:00,2455,0,1,47.2
,36886,2026-04-01T08:37:48+00:00,2459,0,1,37.59
,36891,2026-04-01T08:37:48+00:00,2479,0,1,37.59
,36897,2026-04-01T08:37:48+00:00,2499,0,1,52.49
,36904,2026-04-01T08:37:48+00:00,2515,0,1,37.59
,36914,2026-04-01T08:37:48+00:00,2549,0,1,37.59
,36919,2026-04-01T08:37:48+00:00,2559,0,1,37.59
,36921,2026-04-01T08:37:48+00:00,2559,0,1,37.59
,36938,2026-04-01T08:37:48+00:00,2595,0,1,41.31
,36941,2026-04-01T08:37:48+00:00,2609,0,1,37.59
,36942,2026-04-01T08:37:48+00:00,2609,0,1,37.59
,36944,2026-04-01T08:37:48+00:00,2615,0,1,37.59
,36948,2026-04-01T08:37:48+00:00,2635,0,1,46.8
,36954,2026-04-01T08:37:48+00:00,2649,0,1,37.59
,36963,2026-04-01T08:37:48+00:00,2679,0,1,37.59
,36968,2026-04-01T08:37:48+00:00,2699,0,1,37.59
,36978,2026-04-01T08:37:48+00:00,2739,0,1,37.59
,36981,2026-04-01T08:37:48+00:00,2749,0,1,43.06
,36985,2026-04-01T08:37:48+00:00,2759,0,1,52.49
,36992,2026-04-01T08:37:48+00:00,2789,0,1,24.72
,36995,2026-04-01T08:37:48+00:00,2799,0,1,52.49
,37001,2026-04-01T08:37:48+00:00,2819,0,1,37.59
,37004,2026-04-01T08:37:48+00:00,2829,0,1,37.59
,37008,2026-04-01T08:37:48+00:00,2839,0,1,37.59
,37036,2026-04-01T08:37:48+00:00,2939,0,1,37.59
,37037,2026-04-01T08:37:48+00:00,2939,0,1,24.72
,37041,2026-04-01T08:37:48+00:00,2949,0,1,37.59
,37042,2026-04-01T08:37:48+00:00,2949,0,1,42.89
,37043,2026-04-01T08:37:48+00:00,2949,0,1,37.59
,37057,2026-04-01T08:37:48+00:00,3009,0,1,37.59
,37071,2026-04-01T08:37:48+00:00,3059,0,1,37.59
,37074,2026-04-01T08:37:48+00:00,3069,0,1,37.59
,37084,2026-04-01T08:37:48+00:00,3095,0,1,37.59
,37085,2026-04-01T08:37:48+00:00,3097,0,1,41.18
,37099,2026-04-01T08:37:48+00:00,3169,0,1,37.59
,37102,2026-04-01T08:37:48+00:00,3189,0,1,24.72
,37105,2026-04-01T08:37:48+00:00,3209,0,1,37.59
,37106,2026-04-01T08:37:48+00:00,3229,0,1,37.59
,37116,2026-04-01T08:37:48+00:00,3289,0,1,24.72
,37122,2026-04-01T08:37:48+00:00,3349,0,1,37.59
,37134,2026-04-01T08:37:48+00:00,3399,0,1,42.58
,37136,2026-04-01T08:37:48+00:00,3415,0,1,24.72
,37139,2026-04-01T08:37:48+00:00,3429,0,1,37.59
,37149,2026-04-01T08:37:48+00:00,3509,0,1,37.59
,37154,2026-04-01T08:37:48+00:00,3569,0,1,37.59
,37172,2026-04-01T08:37:48+00:00,3659,0,1,37.59
,37176,2026-04-01T08:37:48+00:00,3729,0,1,37.59
,37179,2026-04-01T08:37:48+00:00,3769,0,1,37.59
,37181,2026-04-01T08:37:48+00:00,3789,0,1,37.59
,37218,2026-04-01T08:37:48+00:00,4079,0,1,37.59
,37222,2026-04-01T08:37:48+00:00,4119,0,1,37.59
,37229,2026-04-01T08:37:48+00:00,4199,0,1,52.49
,37255,2026-04-01T08:37:48+00:00,4419,0,1,37.59
,37256,2026-04-01T08:37:48+00:00,4419,0,1,37.59
,37267,2026-04-01T08:37:48+00:00,4569,0,1,37.59
,37284,2026-04-01T08:37:48+00:00,4759,0,1,37.59
,37289,2026-04-01T08:37:48+00:00,4795,0,1,37.59
,37290,2026-04-01T08:37:48+00:00,4859,0,1,37.59
,37295,2026-04-01T08:37:48+00:00,4899,0,1,37.59
,37313,2026-04-01T08:37:48+00:00,5299,0,1,37.59
,37323,2026-04-01T08:37:48+00:00,5599,0,1,54
,37343,2026-04-01T08:37:48+00:00,6359,0,1,37.59
,37352,2026-04-01T08:37:48+00:00,6799,0,1,37.59
,37354,2026-04-01T08:37:48+00:00,6999,0,1,37.59
,37362,2026-04-01T08:37:48+00:00,7199,0,1,41.9
,37363,2026-04-01T08:37:48+00:00,7219,0,1,37.59
,37364,2026-04-01T08:37:48+00:00,7399,0,1,37.59
,37367,2026-04-01T08:37:48+00:00,7499,0,1,52.49
,37370,2026-04-01T08:37:48+00:00,7659,0,1,37.59
,37371,2026-04-01T08:37:48+00:00,7829,0,1,37.59
,37376,2026-04-01T08:37:48+00:00,7899,0,1,37.59
,37378,2026-04-01T08:37:48+00:00,8199,0,1,24.72
,37381,2026-04-01T08:37:48+00:00,8399,0,1,37.59
,37395,2026-04-01T08:37:48+00:00,13809,0,1,37.59
,37396,2026-04-01T08:37:48+00:00,14619,0,1,37.59
,37419,2026-04-01T08:37:48+00:00,1119,0,1,37.59
,37425,2026-04-01T08:37:48+00:00,1229,0,1,52.49
,37426,2026-04-01T08:37:48+00:00,1229,0,1,37.59
,37428,2026-04-01T08:37:48+00:00,1279,0,1,37.59
,37429,2026-04-01T08:37:48+00:00,1279,0,1,24.72
,37431,2026-04-01T08:37:48+00:00,1289,0,1,37.59
,37435,2026-04-01T08:37:48+00:00,1319,0,1,52.49
,37436,2026-04-01T08:37:48+00:00,1319,0,1,37.59
,37438,2026-04-01T08:37:48+00:00,1339,0,1,37.59
,37442,2026-04-01T08:37:48+00:00,1359,0,1,37.59
,37444,2026-04-01T08:37:48+00:00,1399,0,1,37.59
,37446,2026-04-01T08:37:48+00:00,1419,0,1,52.49
,37447,2026-04-01T08:37:48+00:00,1429,0,1,37.59
,37448,2026-04-01T08:37:48+00:00,1429,0,1,37.59
,37450,2026-04-01T08:37:48+00:00,1439,0,1,37.59
,37454,2026-04-01T08:37:48+00:00,1469,0,1,37.59
,37455,2026-04-01T08:37:48+00:00,1479,0,1,37.59
,37456,2026-04-01T08:37:48+00:00,1489,0,1,37.59
,37457,2026-04-01T08:37:48+00:00,1489,0,1,37.59
,37459,2026-04-01T08:37:48+00:00,1519,0,1,37.59
,37460,2026-04-01T08:37:48+00:00,1529,0,1,37.59
,37463,2026-04-01T08:37:48+00:00,1539,0,1,37.59
,37467,2026-04-01T08:37:48+00:00,1559,0,1,37.59
,37468,2026-04-01T08:37:48+00:00,1579,0,1,37.59
,37469,2026-04-01T08:37:48+00:00,1579,0,1,37.59
,37470,2026-04-01T08:37:48+00:00,1589,0,1,24.72
,37472,2026-04-01T08:37:48+00:00,1599,0,1,37.59
,37474,2026-04-01T08:37:48+00:00,1635,0,1,37.59
,37475,2026-04-01T08:37:48+00:00,1639,0,1,37.59
,37478,2026-04-01T08:37:48+00:00,1679,0,1,37.59
,37480,2026-04-01T08:37:48+00:00,1689,0,1,37.59
,37481,2026-04-01T08:37:48+00:00,1699,0,1,52.49
,37487,2026-04-01T08:37:48+00:00,1729,0,1,37.59
,37488,2026-04-01T08:37:48+00:00,1729,0,1,37.59
,37490,2026-04-01T08:37:48+00:00,1789,0,1,37.59
,37491,2026-04-01T08:37:48+00:00,1789,0,1,37.59
,37492,2026-04-01T08:37:48+00:00,1795,0,1,37.59
,37494,2026-04-01T08:37:48+00:00,1819,0,1,37.59
,37496,2026-04-01T08:37:48+00:00,1849,0,1,37.59
,37498,2026-04-01T08:37:48+00:00,1865,0,1,42.51
,37499,2026-04-01T08:37:48+00:00,1899,0,1,37.59
,37503,2026-04-01T08:37:48+00:00,1929,0,1,37.59
,37505,2026-04-01T08:37:48+00:00,1929,0,1,37.59
,37506,2026-04-01T08:37:48+00:00,1929,0,1,37.59
,37513,2026-04-01T08:37:48+00:00,1979,0,1,37.59
,37514,2026-04-01T08:37:48+00:00,1979,0,1,37.59
,37515,2026-04-01T08:37:48+00:00,1979,0,1,37.59
,37516,2026-04-01T08:37:48+00:00,1989,0,1,24.72
,37517,2026-04-01T08:37:48+00:00,2009,0,1,37.59
,37518,2026-04-01T08:37:48+00:00,2019,0,1,37.59
,37522,2026-04-01T08:37:48+00:00,2039,0,1,37.59
,37527,2026-04-01T08:37:48+00:00,2099,0,1,37.59
,37530,2026-04-01T08:37:48+00:00,2119,0,1,37.59
,37531,2026-04-01T08:37:48+00:00,2129,0,1,37.59
,37533,2026-04-01T08:37:48+00:00,2139,0,1,37.59
,37536,2026-04-01T08:37:48+00:00,2149,0,1,37.59
,37537,2026-04-01T08:37:48+00:00,2189,0,1,37.59
,37543,2026-04-01T08:37:48+00:00,2279,0,1,37.59
,37544,2026-04-01T08:37:48+00:00,2289,0,1,37.59
,37548,2026-04-01T08:37:48+00:00,2369,0,1,37.59
,37549,2026-04-01T08:37:48+00:00,2389,0,1,42.08
,37551,2026-04-01T08:37:48+00:00,2399,0,1,37.59
,37552,2026-04-01T08:37:48+00:00,2399,0,1,37.59
,37556,2026-04-01T08:37:48+00:00,2429,0,1,37.59
,37560,2026-04-01T08:37:48+00:00,2479,0,1,37.59
,37561,2026-04-01T08:37:48+00:00,2479,0,1,37.59
,37564,2026-04-01T08:37:48+00:00,2529,0,1,37.59
,37565,2026-04-01T08:37:48+00:00,2529,0,1,37.59
,37566,2026-04-01T08:37:48+00:00,2539,0,1,37.59
,37568,2026-04-01T08:37:48+00:00,2569,0,1,37.59
,37571,2026-04-01T08:37:48+00:00,2589,0,1,37.59
,37572,2026-04-01T08:37:48+00:00,2589,0,1,37.59
,37577,2026-04-01T08:37:48+00:00,2649,0,1,37.59
,37579,2026-04-01T08:37:48+00:00,2689,0,1,37.59
,37580,2026-04-01T08:37:48+00:00,2699,0,1,37.59
,37581,2026-04-01T08:37:48+00:00,2739,0,1,37.59
,37585,2026-04-01T08:37:48+00:00,2779,0,1,37.59
,37589,2026-04-01T08:37:48+00:00,2839,0,1,37.59
,37590,2026-04-01T08:37:48+00:00,2849,0,1,37.59
,37593,2026-04-01T08:37:48+00:00,2949,0,1,37.59
,37600,2026-04-01T08:37:48+00:00,3079,0,1,37.59
,37632,2026-04-01T08:37:48+00:00,6239,0,1,37.59
,37636,2026-04-01T08:37:48+00:00,7419,0,1,37.59
,37659,2026-04-01T08:37:48+00:00,1499,0,1,37.59
,37678,2026-04-01T08:37:48+00:00,1699,0,1,37.59
,37682,2026-04-01T08:37:48+00:00,1749,0,1,37.59
,37695,2026-04-01T08:37:48+00:00,1849,0,1,37.59
,37736,2026-04-01T08:37:48+00:00,2129,0,1,37.59
,37739,2026-04-01T08:37:48+00:00,2159,0,1,37.59
,37762,2026-04-01T08:37:48+00:00,2299,0,1,37.59
,37843,2026-04-01T08:37:48+00:00,2699,0,1,37.59
,37845,2026-04-01T08:37:48+00:00,2699,0,1,37.59
,37859,2026-04-01T08:37:48+00:00,2799,0,1,37.59
,37891,2026-04-01T08:37:48+00:00,2949,0,1,37.59
,37895,2026-04-01T08:37:48+00:00,2979,0,1,37.59
,37916,2026-04-01T08:37:48+00:00,3059,0,1,37.59
,37927,2026-04-01T08:37:48+00:00,3099,0,1,37.59
,37951,2026-04-01T08:37:48+00:00,3199,0,1,37.59
,37952,2026-04-01T08:37:48+00:00,3199,0,1,37.59
,37973,2026-04-01T08:37:48+00:00,3349,0,1,37.59
,37992,2026-04-01T08:37:48+00:00,3459,0,1,37.59
,38001,2026-04-01T08:37:48+00:00,3549,0,1,37.59
,38003,2026-04-01T08:37:48+00:00,3569,0,1,37.59
,38011,2026-04-01T08:37:48+00:00,3599,0,1,37.59
,38026,2026-04-01T08:37:48+00:00,3759,0,1,37.59
,38104,2026-04-01T08:37:48+00:00,4659,0,1,37.59
,38142,2026-04-01T08:37:48+00:00,5479,0,1,37.59
,38241,2026-04-01T08:37:48+00:00,11599,0,1,37.59
,38247,2026-04-01T08:37:48+00:00,13499,0,1,37.59
,38248,2026-04-01T08:37:48+00:00,14199,0,1,37.59
,38249,2026-04-01T08:37:48+00:00,14299,0,1,37.59
,38250,2026-04-01T08:37:48+00:00,14999,0,1,37.59
,38251,2026-04-01T08:37:48+00:00,15799,0,1,37.59
,38252,2026-04-01T08:37:48+00:00,15799,0,1,37.59
,38253,2026-04-01T08:37:48+00:00,15999,0,1,37.59
,38254,2026-04-01T08:37:48+00:00,18199,0,1,37.59
,38255,2026-04-01T08:37:48+00:00,19699,0,1,37.59
,38265,2026-04-01T08:37:48+00:00,2045,0,1,37.59
,38266,2026-04-01T08:37:48+00:00,2069,0,1,37.59
,38267,2026-04-01T08:37:48+00:00,2259,0,1,37.59
,38270,2026-04-01T08:37:48+00:00,2479,0,1,24.72
,38276,2026-04-01T08:37:48+00:00,2779,0,1,37.59
,38278,2026-04-01T08:37:48+00:00,2929,0,1,37.59
,38279,2026-04-01T08:37:48+00:00,2949,0,1,37.59
,38281,2026-04-01T08:37:48+00:00,2989,0,1,37.59
,38282,2026-04-01T08:37:48+00:00,3029,0,1,41.47
,38284,2026-04-01T08:37:48+00:00,3149,0,1,37.59
,38285,2026-04-01T08:37:48+00:00,3249,0,1,24.72
,38286,2026-04-01T08:37:48+00:00,3289,0,1,37.59
,38288,2026-04-01T08:37:48+00:00,3399,0,1,37.59
,38291,2026-04-01T08:37:48+00:00,3549,0,1,37.59
,38292,2026-04-01T08:37:48+00:00,3599,0,1,37.59
,38293,2026-04-01T08:37:48+00:00,3849,0,1,37.59
,38294,2026-04-01T08:37:48+00:00,3899,0,1,37.59
,38295,2026-04-01T08:37:48+00:00,3999,0,1,37.59
,38296,2026-04-01T08:37:48+00:00,4049,0,1,37.59
,38297,2026-04-01T08:37:48+00:00,165,0,1,54
,38298,2026-04-01T08:37:48+00:00,199,0,1,37.59
,38299,2026-04-01T08:37:48+00:00,209,0,1,37.59
,38300,2026-04-01T08:37:48+00:00,209,0,1,52.49
,38301,2026-04-01T08:37:48+00:00,229,0,1,37.59
,38302,2026-04-01T08:37:48+00:00,239,0,1,37.59
,38303,2026-04-01T08:37:48+00:00,239,0,1,37.59
,38305,2026-04-01T08:37:48+00:00,249,0,1,37.59
,38311,2026-04-01T08:37:48+00:00,279,0,1,37.59
,38312,2026-04-01T08:37:48+00:00,285,0,1,37.59
,38313,2026-04-01T08:37:48+00:00,289,0,1,52.49
,38320,2026-04-01T08:37:48+00:00,319,0,1,37.59
,38326,2026-04-01T08:37:48+00:00,319,0,1,52.49
,38327,2026-04-01T08:37:48+00:00,329,0,1,37.59
,38329,2026-04-01T08:37:48+00:00,329,0,1,52.49
,38335,2026-04-01T08:37:48+00:00,339,0,1,52.49
,38338,2026-04-01T08:37:48+00:00,349,0,1,37.59
,38340,2026-04-01T08:37:48+00:00,349,0,1,37.59
,38343,2026-04-01T08:37:48+00:00,379,0,1,37.59
,38350,2026-04-01T08:37:48+00:00,399,0,1,37.59
,38354,2026-04-01T08:37:48+00:00,399,0,1,69.55
,38359,2026-04-01T08:37:48+00:00,409,0,1,37.59
,38360,2026-04-01T08:37:48+00:00,409,0,1,37.59
,38364,2026-04-01T08:37:48+00:00,439,0,1,52.49
,38366,2026-04-01T08:37:48+00:00,449,0,1,37.59
,38367,2026-04-01T08:37:48+00:00,449,0,1,37.59
,38370,2026-04-01T08:37:48+00:00,459,0,1,37.59
,38373,2026-04-01T08:37:48+00:00,469,0,1,37.59
,38375,2026-04-01T08:37:48+00:00,469,0,1,54
,38381,2026-04-01T08:37:48+00:00,499,0,1,37.59
,38388,2026-04-01T08:37:48+00:00,519,0,1,37.59
,38390,2026-04-01T08:37:48+00:00,549,0,1,52.49
,38392,2026-04-01T08:37:48+00:00,569,0,1,37.59
,38396,2026-04-01T08:37:48+00:00,599,0,1,52.49
,38398,2026-04-01T08:37:48+00:00,609,0,1,37.59
,38404,2026-04-01T08:37:48+00:00,629,0,1,37.59
,38406,2026-04-01T08:37:48+00:00,649,0,1,37.59
,38407,2026-04-01T08:37:48+00:00,659,0,1,37.59
,38413,2026-04-01T08:37:48+00:00,719,0,1,37.59
,38415,2026-04-01T08:37:48+00:00,769,0,1,37.59
,38417,2026-04-01T08:37:48+00:00,789,0,1,37.59
,38422,2026-04-01T08:37:48+00:00,1059,0,1,37.59
,38425,2026-04-01T08:37:48+00:00,1249,0,1,37.59
,38429,2026-04-01T08:37:48+00:00,1499,0,1,37.59
,38434,2026-04-01T08:37:48+00:00,1769,0,1,37.59
,38440,2026-04-01T08:37:48+00:00,4119,0,1,37.59
,38445,2026-04-01T08:37:48+00:00,5179,0,1,37.59
,38450,2026-04-01T08:37:48+00:00,6059,0,1,37.59
,38454,2026-04-01T08:37:48+00:00,6829,0,1,37.59
,38476,2026-04-01T08:37:48+00:00,15,0,1,37.59
,38495,2026-04-01T08:37:48+00:00,53,0,1,37.59
,38507,2026-04-01T08:37:48+00:00,199,0,1,37.59
,38508,2026-04-01T08:37:48+00:00,239,0,1,37.59
,38519,2026-04-01T08:37:48+00:00,239,0,1,37.59
,38523,2026-04-01T08:37:48+00:00,269,0,1,37.59
,38526,2026-04-01T08:37:48+00:00,289,0,1,37.59
,38527,2026-04-01T08:37:48+00:00,289,0,1,37.59
,38535,2026-04-01T08:37:48+00:00,335,0,1,37.59
,38536,2026-04-01T08:37:48+00:00,335,0,1,37.59
,38537,2026-04-01T08:37:48+00:00,335,0,1,37.59
,38545,2026-04-01T08:37:48+00:00,409,0,1,37.59
,38548,2026-04-01T08:37:48+00:00,419,0,1,37.59
,38584,2026-04-01T08:37:48+00:00,1249,0,1,37.59
,38589,2026-04-01T08:37:48+00:00,1885,0,1,37.59
,38590,2026-04-01T08:37:48+00:00,1969,0,1,37.59
,38598,2026-04-01T08:37:48+00:00,3489,0,1,37.59
,38600,2026-04-01T08:37:48+00:00,3489,0,1,37.59
,38603,2026-04-01T08:37:48+00:00,4259,0,1,37.59
,38611,2026-04-01T08:37:48+00:00,16,0,1,52.49
,38628,2026-04-01T08:37:48+00:00,52,0,1,37.59
,38636,2026-04-01T08:37:48+00:00,55,0,1,52.49
,38637,2026-04-01T08:37:48+00:00,55,0,1,37.59
,38639,2026-04-01T08:37:48+00:00,55,0,1,37.59
,38643,2026-04-01T08:37:48+00:00,55,0,1,37.59
,38702,2026-04-01T08:37:48+00:00,95,0,1,37.59
,38737,2026-04-01T08:37:48+00:00,139,0,1,37.59
,38768,2026-04-01T08:37:48+00:00,229,0,1,37.59
,38771,2026-04-01T08:37:48+00:00,259,0,1,37.59
,38772,2026-04-01T08:37:48+00:00,259,0,1,37.59
,38776,2026-04-01T08:37:48+00:00,329,0,1,37.59
,38783,2026-04-01T08:37:48+00:00,3,0,1,37.59
,38784,2026-04-01T08:37:48+00:00,3,0,1,37.59
,38787,2026-04-01T08:37:48+00:00,3,0,1,37.59
,38789,2026-04-01T08:37:48+00:00,3,0,1,37.59
,38791,2026-04-01T08:37:48+00:00,4,0,1,37.59
,38793,2026-04-01T08:37:48+00:00,4,0,1,37.59
,38801,2026-04-01T08:37:48+00:00,4,0,1,37.59
,38814,2026-04-01T08:37:48+00:00,6,0,1,37.59
,38817,2026-04-01T08:37:48+00:00,6,0,1,37.59
,38851,2026-04-01T08:37:48+00:00,379,0,1,37.59
,38879,2026-04-01T08:37:48+00:00,18,0,1,37.59
,38952,2026-04-01T08:37:48+00:00,31,0,1,37.59
,38991,2026-04-01T08:37:48+00:00,39,0,1,37.59
,39086,2026-04-01T08:37:48+00:00,119,0,1,37.59
,39108,2026-04-01T08:37:48+00:00,205,0,1,37.59
,39112,2026-04-01T08:37:48+00:00,229,0,1,37.59
,39115,2026-04-01T08:37:48+00:00,269,0,1,37.59
,39122,2026-04-01T08:37:48+00:00,359,0,1,46.88
,39123,2026-04-01T08:37:48+00:00,369,0,1,37.59
,39125,2026-04-01T08:37:48+00:00,399,0,1,37.59
,39130,2026-04-01T08:37:48+00:00,7,0,1,37.59
,39131,2026-04-01T08:37:48+00:00,8,0,1,37.59
,39134,2026-04-01T08:37:48+00:00,9,0,1,37.59
,39143,2026-04-01T08:37:48+00:00,19,0,1,37.59
,39162,2026-04-01T08:37:48+00:00,45,0,1,37.59
,39169,2026-04-01T08:37:48+00:00,55,0,1,37.59
,39187,2026-04-01T08:37:48+00:00,86,0,1,24.72
,39193,2026-04-01T08:37:48+00:00,99,0,1,37.59
,39194,2026-04-01T08:37:48+00:00,99,0,1,37.59
,39200,2026-04-01T08:37:48+00:00,107,0,1,37.59
,39207,2026-04-01T08:37:48+00:00,119,0,1,37.59
,39216,2026-04-01T08:37:48+00:00,159,0,1,37.59
,39228,2026-04-01T08:37:48+00:00,229,0,1,37.59
,39233,2026-04-01T08:37:48+00:00,249,0,1,37.59
,39238,2026-04-01T08:37:48+00:00,279,0,1,37.59
,39239,2026-04-01T08:37:48+00:00,289,0,1,37.59
,39267,2026-04-01T08:37:48+00:00,59,0,1,52.49
,39295,2026-04-01T08:37:48+00:00,119,0,1,37.59
,39301,2026-04-01T08:37:48+00:00,179,0,1,37.59
,39305,2026-04-01T08:37:48+00:00,199,0,1,37.59
,39332,2026-04-01T08:37:48+00:00,49,0,1,37.59
,39336,2026-04-01T08:37:48+00:00,49,0,1,37.59
,39386,2026-04-01T08:37:48+00:00,119,0,1,37.59
,39394,2026-04-01T08:37:48+00:00,252,0,1,37.59
,39395,2026-04-01T08:37:48+00:00,299,0,1,37.59
,39418,2026-04-01T08:37:48+00:00,129,0,1,37.59
,39421,2026-04-01T08:37:48+00:00,159,0,1,37.59
,39441,2026-04-01T08:37:48+00:00,409,0,1,37.59
,39492,2026-04-01T08:37:48+00:00,639,0,1,52.49
,39499,2026-04-01T08:37:48+00:00,799,0,1,52.49
,39515,2026-04-01T08:37:48+00:00,2399,0,1,37.59
,39518,2026-04-01T08:37:48+00:00,189,0,1,37.59
,39520,2026-04-01T08:37:48+00:00,769,0,1,52.49
,39542,2026-04-01T08:37:48+00:00,3799,0,1,37.59
,39543,2026-04-01T08:37:48+00:00,4499,0,1,37.59
,39547,2026-04-01T08:37:48+00:00,15999,0,1,37.59
,39551,2026-04-01T08:37:48+00:00,59,0,1,37.59
,39561,2026-04-01T08:37:48+00:00,195,0,1,37.59
,39595,2026-04-01T08:37:48+00:00,789,0,1,37.59
,39621,2026-04-01T08:37:48+00:00,189,0,1,37.59
,39676,2026-04-01T08:37:48+00:00,79,0,1,37.59
,39683,2026-04-01T08:37:48+00:00,159,0,1,24.72
,39686,2026-04-01T08:37:48+00:00,269,0,1,37.59
,39692,2026-04-01T08:37:48+00:00,599,0,1,37.59
,39700,2026-04-01T08:37:48+00:00,26,0,1,52.49
,39704,2026-04-01T08:37:48+00:00,28,0,1,24.72
,39710,2026-04-01T08:37:48+00:00,28,0,1,37.59
,39713,2026-04-01T08:37:48+00:00,29,0,1,37.59
,39721,2026-04-01T08:37:48+00:00,69,0,1,37.59
,39727,2026-04-01T08:37:48+00:00,119,0,1,37.59
,39728,2026-04-01T08:37:48+00:00,175,0,1,37.59
,39735,2026-04-01T08:37:48+00:00,215,0,1,37.59
,39763,2026-04-01T08:37:48+00:00,59,0,1,37.59
,39885,2026-04-01T08:37:48+00:00,79,0,1,37.59
,39797,2026-04-01T08:37:48+00:00,209,0,1,37.59
,39809,2026-04-01T08:37:48+00:00,239,0,1,37.59
,39836,2026-04-01T08:37:48+00:00,499,0,1,37.59
,39861,2026-04-01T08:37:48+00:00,2,0,1,37.59
,39862,2026-04-01T08:37:48+00:00,4,0,1,37.59
,39890,2026-04-01T08:37:48+00:00,99,0,1,37.59
,39938,2026-04-01T08:37:48+00:00,31,0,1,37.59
,39940,2026-04-01T08:37:48+00:00,68,0,1,37.59
,39949,2026-04-01T08:37:48+00:00,639,0,1,37.59
,39950,2026-04-01T08:37:48+00:00,699,0,1,37.59
,39967,2026-04-01T08:37:48+00:00,239,0,1,37.59
,39973,2026-04-01T08:37:48+00:00,295,0,1,24.72
,39974,2026-04-01T08:37:48+00:00,299,0,1,37.59
,39975,2026-04-01T08:37:48+00:00,329,0,1,37.59
,39989,2026-04-01T08:37:48+00:00,599,0,1,37.59
,40008,2026-04-01T08:37:48+00:00,369,0,1,37.59
,40019,2026-04-01T08:37:48+00:00,669,0,1,24.72
,40022,2026-04-01T08:37:48+00:00,899,0,1,37.59
,40026,2026-04-01T08:37:48+00:00,1539,0,1,37.59
,40028,2026-04-01T08:37:48+00:00,7,0,1,52.49
,40033,2026-04-01T08:37:48+00:00,11,0,1,24.72
,40050,2026-04-01T08:37:48+00:00,14,0,1,37.59
,40051,2026-04-01T08:37:48+00:00,14,0,1,37.59
,40053,2026-04-01T08:37:48+00:00,14,0,1,52.49
,40058,2026-04-01T08:37:48+00:00,15,0,1,52.49
,40072,2026-04-01T08:37:48+00:00,22,0,1,37.59
,40087,2026-04-01T08:37:48+00:00,55,0,1,37.59
,40088,2026-04-01T08:37:48+00:00,59,0,1,37.59
,40092,2026-04-01T08:37:48+00:00,95,0,1,37.59
,40099,2026-04-01T08:37:48+00:00,169,0,1,37.59
,40103,2026-04-01T08:37:48+00:00,259,0,1,37.59
,40105,2026-04-01T08:37:48+00:00,7,0,1,52.49
,40106,2026-04-01T08:37:48+00:00,8,0,1,52.49
,40109,2026-04-01T08:37:48+00:00,19,0,1,24.72
,40110,2026-04-01T08:37:48+00:00,30,0,1,37.59
,40113,2026-04-01T08:37:48+00:00,37,0,1,37.59
,40116,2026-04-01T08:37:48+00:00,73,0,1,37.59
,40120,2026-04-01T08:37:48+00:00,222,0,1,37.59
,40123,2026-04-01T08:37:48+00:00,28,0,1,37.59
,40124,2026-04-01T08:37:48+00:00,30,0,1,37.59
,40125,2026-04-01T08:37:48+00:00,31,0,1,37.59
,40130,2026-04-01T08:37:48+00:00,23,0,1,52.49
,40139,2026-04-01T08:37:48+00:00,55,0,1,37.59
,40148,2026-04-01T08:37:48+00:00,99,0,1,37.59
,40963,2026-04-01T08:37:48+00:00,469,0,1,37.59
,41082,2026-04-01T08:37:48+00:00,4,0,1,52.49
,36552,2026-04-01T08:37:48+00:00,1029,0,1,37.59
,36560,2026-04-01T08:37:48+00:00,1049,0,1,37.59
,36566,2026-04-01T08:37:48+00:00,1069,0,1,37.59
,36568,2026-04-01T08:37:48+00:00,1069,0,1,37.59
,36667,2026-04-01T08:37:48+00:00,2159,0,1,34.01
,36668,2026-04-01T08:37:48+00:00,1999,0,1,47.68
,36680,2026-04-01T08:37:48+00:00,2209,0,1,34.01
,36728,2026-04-01T08:37:48+00:00,2205,0,1,47.68
,36731,2026-04-01T08:37:48+00:00,2373,0,1,47.68
,36793,2026-04-01T08:37:48+00:00,2589,0,1,34.01
,36823,2026-04-01T08:37:48+00:00,2429,0,1,47.68
,36971,2026-04-01T08:37:48+00:00,2949,0,1,47.68
,37126,2026-04-01T08:37:48+00:00,3679,0,1,47.68
,37643,2026-04-01T08:37:48+00:00,1119,0,1,47.68
,37649,2026-04-01T08:37:48+00:00,1319,0,1,47.68
,37653,2026-04-01T08:37:48+00:00,1399,0,1,47.68
,37657,2026-04-01T08:37:48+00:00,1469,0,1,47.68
,37665,2026-04-01T08:37:48+00:00,1569,0,1,47.68
,37666,2026-04-01T08:37:48+00:00,1589,0,1,47.68
,37668,2026-04-01T08:37:48+00:00,1599,0,1,47.68
,37674,2026-04-01T08:37:48+00:00,1679,0,1,47.68
,41477,2026-04-01T08:40:52+00:00,19,0,1,47.43
,41915,2026-04-01T08:40:52+00:00,89,0,1,32.17
,42009,2026-04-01T08:40:52+00:00,459,0,1,47.43
,41725,2026-04-01T08:40:52+00:00,159,0,1,32.17
,41728,2026-04-01T08:40:52+00:00,159,0,1,32.17
,41969,2026-04-01T08:40:52+00:00,199,0,1,32.17
,41951,2026-04-01T08:40:52+00:00,169,0,1,32.17
,41950,2026-04-01T08:40:52+00:00,169,0,1,32.17
,41955,2026-04-01T08:40:52+00:00,179,0,1,32.17
,41953,2026-04-01T08:40:52+00:00,179,0,1,32.17
,41956,2026-04-01T08:40:52+00:00,179,0,1,32.17
,41882,2026-04-01T08:40:52+00:00,69,0,1,32.17
,41557,2026-04-01T08:40:52+00:00,55,0,1,32.17
,41994,2026-04-01T08:40:52+00:00,359,0,1,32.17
,41962,2026-04-01T08:40:52+00:00,185,0,1,32.17
,41963,2026-04-01T08:40:52+00:00,185,0,1,32.17
,41879,2026-04-01T08:40:52+00:00,69,0,1,32.17
,41881,2026-04-01T08:40:52+00:00,69,0,1,32.17
,42003,2026-04-01T08:40:52+00:00,429,0,1,32.17
,42042,2026-04-01T08:40:52+00:00,1299,0,1,37.31
,41713,2026-04-01T08:40:52+00:00,149,0,1,32.17
,42025,2026-04-01T08:40:52+00:00,589,0,1,39.83
,42024,2026-04-01T08:40:52+00:00,589,0,1,39.83
,42050,2026-04-01T08:40:52+00:00,1799,0,1,32.17
,42034,2026-04-01T08:40:52+00:00,1069,0,1,32.17
,42033,2026-04-01T08:40:52+00:00,1069,0,1,32.17
,41776,2026-04-01T08:40:52+00:00,279,0,1,32.17
,42058,2026-04-01T08:40:52+00:00,3889,0,1,32.17
,42010,2026-04-01T08:40:52+00:00,459,0,1,32.17
,42008,2026-04-01T08:40:52+00:00,459,0,1,32.17
,41932,2026-04-01T08:40:52+00:00,109,0,1,32.17
,42037,2026-04-01T08:40:52+00:00,1149,0,1,32.17
,42052,2026-04-01T08:40:52+00:00,2099,0,1,32.17
,41536,2026-04-01T08:40:52+00:00,49,0,1,32.17
,41553,2026-04-01T08:40:52+00:00,55,0,1,32.17
,41610,2026-04-01T08:40:52+00:00,75,0,1,32.17
,41576,2026-04-01T08:40:52+00:00,59,0,1,32.17
,41693,2026-04-01T08:40:52+00:00,129,0,1,32.17
,42047,2026-04-01T08:40:52+00:00,1595,0,1,32.17
,42036,2026-04-01T08:40:52+00:00,1119,0,1,32.17
,42048,2026-04-01T08:40:52+00:00,1595,0,1,32.17
,41877,2026-04-01T08:40:52+00:00,65,0,1,32.17
,39299,2026-04-01T08:40:52+00:00,166,0,1,32.17
,39454,2026-04-01T08:40:52+00:00,579,0,1,32.17
,39455,2026-04-01T08:40:52+00:00,689,0,1,32.17
,39456,2026-04-01T08:40:52+00:00,999,0,1,49.04
,41152,2026-04-01T08:40:52+00:00,459,0,1,32.17
,41154,2026-04-01T08:40:52+00:00,499,0,1,32.17
,41157,2026-04-01T08:40:52+00:00,589,0,1,32.17
,41177,2026-04-01T08:40:52+00:00,1159,0,1,32.17
,41180,2026-04-01T08:40:52+00:00,1259,0,1,32.17
,41188,2026-04-01T08:40:52+00:00,1399,0,1,32.17
,41190,2026-04-01T08:40:52+00:00,1489,0,1,32.17
,41191,2026-04-01T08:40:52+00:00,1499,0,1,32.17
,41197,2026-04-01T08:40:52+00:00,1649,0,1,52.07
,41198,2026-04-01T08:40:52+00:00,1679,0,1,32.17
,41200,2026-04-01T08:40:52+00:00,1799,0,1,47.43
,41208,2026-04-01T08:40:52+00:00,1999,0,1,47.08
,41212,2026-04-01T08:40:52+00:00,2069,0,1,32.17
,41218,2026-04-01T08:40:52+00:00,2299,0,1,39.46
,41226,2026-04-01T08:40:52+00:00,2599,0,1,36.36
,41228,2026-04-01T08:40:52+00:00,2699,0,1,32.17
,41231,2026-04-01T08:40:52+00:00,2989,0,1,32.17
,41235,2026-04-01T08:40:52+00:00,3229,0,1,54.98
,41258,2026-04-01T08:40:52+00:00,6999,0,1,32.17
,41273,2026-04-01T08:40:52+00:00,649,0,1,47.43
,41274,2026-04-01T08:40:52+00:00,679,0,1,53.95
,41277,2026-04-01T08:40:52+00:00,469,0,1,32.17
,41288,2026-04-01T08:40:52+00:00,1179,0,1,32.17
,41291,2026-04-01T08:40:52+00:00,1549,0,1,47.43
,41308,2026-04-01T08:40:52+00:00,79,0,1,32.17
,41343,2026-04-01T08:40:52+00:00,79,0,1,47.43
,41345,2026-04-01T08:40:52+00:00,119,0,1,32.17
,41349,2026-04-01T08:40:52+00:00,169,0,1,32.17
,41353,2026-04-01T08:40:52+00:00,2859,0,1,37.11
,41354,2026-04-01T08:40:52+00:00,2939,0,1,32.17
,41355,2026-04-01T08:40:52+00:00,3169,0,1,32.17
,41356,2026-04-01T08:40:52+00:00,3190,0,1,32.17
,41357,2026-04-01T08:40:52+00:00,3689,0,1,32.17
,41369,2026-04-01T08:40:52+00:00,69,0,1,32.17
,41378,2026-04-01T08:40:52+00:00,119,0,1,32.17
,41391,2026-04-01T08:40:52+00:00,259,0,1,32.17
,41395,2026-04-01T08:40:52+00:00,359,0,1,32.17
,41398,2026-04-01T08:40:52+00:00,1199,0,1,59.14
,41423,2026-04-01T08:40:52+00:00,4,0,1,47.43
,41424,2026-04-01T08:40:52+00:00,5,0,1,32.17
,41437,2026-04-01T08:40:52+00:00,6,0,1,32.17
,41446,2026-04-01T08:40:52+00:00,9,0,1,32.17
,41447,2026-04-01T08:40:52+00:00,9,0,1,32.17
,41459,2026-04-01T08:40:52+00:00,14,0,1,32.17
,41464,2026-04-01T08:40:52+00:00,15,0,1,32.17
,41475,2026-04-01T08:40:52+00:00,18,0,1,32.17
,41476,2026-04-01T08:40:52+00:00,18,0,1,32.17
,41482,2026-04-01T08:40:52+00:00,19,0,1,32.17
,41492,2026-04-01T08:40:52+00:00,25,0,1,32.17
,41494,2026-04-01T08:40:52+00:00,25,0,1,32.17
,41495,2026-04-01T08:40:52+00:00,25,0,1,32.17
,41513,2026-04-01T08:40:52+00:00,35,0,1,32.17
,41533,2026-04-01T08:40:52+00:00,42,0,1,32.17
,41583,2026-04-01T08:40:52+00:00,65,0,1,47.43
,41588,2026-04-01T08:40:52+00:00,65,0,1,47.43
,41613,2026-04-01T08:40:52+00:00,79,0,1,32.17
,41615,2026-04-01T08:40:52+00:00,79,0,1,32.17
,41616,2026-04-01T08:40:52+00:00,79,0,1,32.17
,41618,2026-04-01T08:40:52+00:00,79,0,1,32.17
,41628,2026-04-01T08:40:52+00:00,89,0,1,32.17
,41660,2026-04-01T08:40:52+00:00,99,0,1,32.17
,41661,2026-04-01T08:40:52+00:00,99,0,1,32.17
,41663,2026-04-01T08:40:52+00:00,105,0,1,32.17
,41673,2026-04-01T08:40:52+00:00,109,0,1,32.17
,41678,2026-04-01T08:40:52+00:00,119,0,1,32.17
,41690,2026-04-01T08:40:52+00:00,129,0,1,32.17
,41691,2026-04-01T08:40:52+00:00,129,0,1,32.17
,41710,2026-04-01T08:40:52+00:00,149,0,1,32.17
,41711,2026-04-01T08:40:52+00:00,149,0,1,47.43
,41712,2026-04-01T08:40:52+00:00,149,0,1,47.43
,41731,2026-04-01T08:40:52+00:00,169,0,1,32.17
,41753,2026-04-01T08:40:52+00:00,199,0,1,32.17
,41756,2026-04-01T08:40:52+00:00,199,0,1,32.17
,41770,2026-04-01T08:40:52+00:00,249,0,1,32.17
,41784,2026-04-01T08:40:52+00:00,299,0,1,32.17
,41798,2026-04-01T08:40:52+00:00,349,0,1,49.04
,41807,2026-04-01T08:40:52+00:00,399,0,1,32.17
,41808,2026-04-01T08:40:52+00:00,429,0,1,48.26
,41819,2026-04-01T08:40:52+00:00,729,0,1,32.17
,41821,2026-04-01T08:40:52+00:00,7,0,1,32.17
,41822,2026-04-01T08:40:52+00:00,8,0,1,32.17
,41823,2026-04-01T08:40:52+00:00,14,0,1,32.17
,41824,2026-04-01T08:40:52+00:00,15,0,1,32.17
,41825,2026-04-01T08:40:52+00:00,16,0,1,32.17
,41826,2026-04-01T08:40:52+00:00,18,0,1,32.17
,41827,2026-04-01T08:40:52+00:00,19,0,1,32.17
,41828,2026-04-01T08:40:52+00:00,19,0,1,32.17
,41829,2026-04-01T08:40:52+00:00,19,0,1,32.17
,41830,2026-04-01T08:40:52+00:00,19,0,1,32.17
,41831,2026-04-01T08:40:52+00:00,21,0,1,32.17
,41832,2026-04-01T08:40:52+00:00,24,0,1,32.17
,41833,2026-04-01T08:40:52+00:00,24,0,1,32.17
,41834,2026-04-01T08:40:52+00:00,25,0,1,32.17
,41835,2026-04-01T08:40:52+00:00,25,0,1,32.17
,41836,2026-04-01T08:40:52+00:00,25,0,1,47.43
,41837,2026-04-01T08:40:52+00:00,25,0,1,32.17
,41838,2026-04-01T08:40:52+00:00,29,0,1,32.17
,41839,2026-04-01T08:40:52+00:00,29,0,1,32.17
,41840,2026-04-01T08:40:52+00:00,29,0,1,32.17
,41841,2026-04-01T08:40:52+00:00,29,0,1,32.17
,41842,2026-04-01T08:40:52+00:00,29,0,1,32.17
,41843,2026-04-01T08:40:52+00:00,29,0,1,32.17
,41844,2026-04-01T08:40:52+00:00,33,0,1,32.17
,41845,2026-04-01T08:40:52+00:00,35,0,1,32.17
,41846,2026-04-01T08:40:52+00:00,35,0,1,32.17
,41847,2026-04-01T08:40:52+00:00,37,0,1,32.17
,41848,2026-04-01T08:40:52+00:00,39,0,1,32.17
,41849,2026-04-01T08:40:52+00:00,39,0,1,32.17
,41850,2026-04-01T08:40:52+00:00,39,0,1,32.17
,41851,2026-04-01T08:40:52+00:00,39,0,1,32.17
,41852,2026-04-01T08:40:52+00:00,39,0,1,32.17
,41853,2026-04-01T08:40:52+00:00,39,0,1,32.17
,41854,2026-04-01T08:40:52+00:00,39,0,1,32.17
,41855,2026-04-01T08:40:52+00:00,39,0,1,32.17
,41856,2026-04-01T08:40:52+00:00,39,0,1,32.17
,41857,2026-04-01T08:40:52+00:00,39,0,1,32.17
,41858,2026-04-01T08:40:52+00:00,39,0,1,19.95
,41859,2026-04-01T08:40:52+00:00,45,0,1,32.17
,41860,2026-04-01T08:40:52+00:00,45,0,1,47.43
,41862,2026-04-01T08:40:52+00:00,45,0,1,32.17
,41863,2026-04-01T08:40:52+00:00,48,0,1,32.17
,41864,2026-04-01T08:40:52+00:00,49,0,1,32.17
,41865,2026-04-01T08:40:52+00:00,49,0,1,32.17
,41866,2026-04-01T08:40:52+00:00,53,0,1,32.17
,41867,2026-04-01T08:40:52+00:00,55,0,1,32.17
,41868,2026-04-01T08:40:52+00:00,55,0,1,32.17
,41869,2026-04-01T08:40:52+00:00,55,0,1,32.17
,41870,2026-04-01T08:40:52+00:00,55,0,1,32.17
,41871,2026-04-01T08:40:52+00:00,55,0,1,32.17
,41872,2026-04-01T08:40:52+00:00,59,0,1,32.17
,41873,2026-04-01T08:40:52+00:00,59,0,1,32.17
,41874,2026-04-01T08:40:52+00:00,59,0,1,32.17
,41875,2026-04-01T08:40:52+00:00,65,0,1,32.17
,41876,2026-04-01T08:40:52+00:00,65,0,1,32.17
,41880,2026-04-01T08:40:52+00:00,69,0,1,32.17
,41884,2026-04-01T08:40:52+00:00,69,0,1,32.17
,41885,2026-04-01T08:40:52+00:00,69,0,1,47.43
,41887,2026-04-01T08:40:52+00:00,69,0,1,32.17
,41888,2026-04-01T08:40:52+00:00,69,0,1,32.17
,41889,2026-04-01T08:40:52+00:00,69,0,1,32.17
,41890,2026-04-01T08:40:52+00:00,69,0,1,32.17
,41891,2026-04-01T08:40:52+00:00,74,0,1,32.17
,41892,2026-04-01T08:40:52+00:00,74,0,1,32.17
,41893,2026-04-01T08:40:52+00:00,74,0,1,32.17
,41894,2026-04-01T08:40:52+00:00,75,0,1,32.17
,41895,2026-04-01T08:40:52+00:00,75,0,1,32.17
,41896,2026-04-01T08:40:52+00:00,75,0,1,32.17
,41897,2026-04-01T08:40:52+00:00,79,0,1,32.17
,41898,2026-04-01T08:40:52+00:00,79,0,1,32.17
,41899,2026-04-01T08:40:52+00:00,79,0,1,32.17
,41900,2026-04-01T08:40:52+00:00,79,0,1,32.17
,41901,2026-04-01T08:40:52+00:00,79,0,1,32.17
,41902,2026-04-01T08:40:52+00:00,85,0,1,32.17
,41903,2026-04-01T08:40:52+00:00,85,0,1,32.17
,41904,2026-04-01T08:40:52+00:00,85,0,1,32.17
,41905,2026-04-01T08:40:52+00:00,85,0,1,32.17
,41906,2026-04-01T08:40:52+00:00,85,0,1,32.17
,41907,2026-04-01T08:40:52+00:00,89,0,1,32.17
,41908,2026-04-01T08:40:52+00:00,89,0,1,32.17
,41909,2026-04-01T08:40:52+00:00,89,0,1,32.17
,41910,2026-04-01T08:40:52+00:00,89,0,1,32.17
,41911,2026-04-01T08:40:52+00:00,89,0,1,32.17
,41912,2026-04-01T08:40:52+00:00,89,0,1,32.17
,41913,2026-04-01T08:40:52+00:00,89,0,1,32.17
,41914,2026-04-01T08:40:52+00:00,89,0,1,32.17
,41916,2026-04-01T08:40:52+00:00,89,0,1,32.17
,41917,2026-04-01T08:40:52+00:00,92,0,1,32.17
,41918,2026-04-01T08:40:52+00:00,95,0,1,32.17
,41919,2026-04-01T08:40:52+00:00,95,0,1,32.17
,41920,2026-04-01T08:40:52+00:00,95,0,1,32.17
,41921,2026-04-01T08:40:52+00:00,99,0,1,32.17
,41922,2026-04-01T08:40:52+00:00,99,0,1,32.17
,41923,2026-04-01T08:40:52+00:00,99,0,1,32.17
,41924,2026-04-01T08:40:52+00:00,99,0,1,32.17
,41925,2026-04-01T08:40:52+00:00,99,0,1,32.17
,41926,2026-04-01T08:40:52+00:00,99,0,1,32.17
,41927,2026-04-01T08:40:52+00:00,99,0,1,32.17
,41928,2026-04-01T08:40:52+00:00,109,0,1,32.17
,41929,2026-04-01T08:40:52+00:00,109,0,1,32.17
,41930,2026-04-01T08:40:52+00:00,109,0,1,32.17
,41931,2026-04-01T08:40:52+00:00,109,0,1,32.17
,41935,2026-04-01T08:40:52+00:00,115,0,1,32.17
,41936,2026-04-01T08:40:52+00:00,115,0,1,32.17
,41937,2026-04-01T08:40:52+00:00,115,0,1,32.17
,41938,2026-04-01T08:40:52+00:00,119,0,1,32.17
,41939,2026-04-01T08:40:52+00:00,119,0,1,32.17
,41940,2026-04-01T08:40:52+00:00,119,0,1,32.17
,41941,2026-04-01T08:40:52+00:00,125,0,1,32.17
,41942,2026-04-01T08:40:52+00:00,129,0,1,32.17
,41943,2026-04-01T08:40:52+00:00,139,0,1,32.17
,41944,2026-04-01T08:40:52+00:00,139,0,1,32.17
,41945,2026-04-01T08:40:52+00:00,139,0,1,32.17
,41946,2026-04-01T08:40:52+00:00,144,0,1,32.17
,41947,2026-04-01T08:40:52+00:00,149,0,1,32.17
,41948,2026-04-01T08:40:52+00:00,159,0,1,32.17
,41949,2026-04-01T08:40:52+00:00,169,0,1,47.43
,41952,2026-04-01T08:40:52+00:00,177,0,1,32.17
,41954,2026-04-01T08:40:52+00:00,179,0,1,19.95
,41957,2026-04-01T08:40:52+00:00,179,0,1,32.17
,41958,2026-04-01T08:40:52+00:00,179,0,1,32.17
,41959,2026-04-01T08:40:52+00:00,179,0,1,32.17
,41960,2026-04-01T08:40:52+00:00,179,0,1,32.17
,41961,2026-04-01T08:40:52+00:00,179,0,1,32.17
,41966,2026-04-01T08:40:52+00:00,195,0,1,32.17
,41967,2026-04-01T08:40:52+00:00,199,0,1,58.63
,41968,2026-04-01T08:40:52+00:00,199,0,1,58.63
,41970,2026-04-01T08:40:52+00:00,199,0,1,32.17
,41973,2026-04-01T08:40:52+00:00,215,0,1,32.17
,41974,2026-04-01T08:40:52+00:00,229,0,1,32.17
,41976,2026-04-01T08:40:52+00:00,239,0,1,32.17
,41977,2026-04-01T08:40:52+00:00,239,0,1,32.17
,41979,2026-04-01T08:40:52+00:00,249,0,1,32.17
,41981,2026-04-01T08:40:52+00:00,269,0,1,32.17
,41982,2026-04-01T08:40:52+00:00,278,0,1,32.17
,41983,2026-04-01T08:40:52+00:00,279,0,1,32.17
,41984,2026-04-01T08:40:52+00:00,319,0,1,32.17
,41985,2026-04-01T08:40:52+00:00,319,0,1,47.43
,41986,2026-04-01T08:40:52+00:00,329,0,1,32.17
,41987,2026-04-01T08:40:52+00:00,329,0,1,32.17
,41990,2026-04-01T08:40:52+00:00,349,0,1,45.32
,41991,2026-04-01T08:40:52+00:00,349,0,1,45.32
,41992,2026-04-01T08:40:52+00:00,349,0,1,45.32
,41993,2026-04-01T08:40:52+00:00,349,0,1,45.32
,41995,2026-04-01T08:40:52+00:00,399,0,1,32.17
,41996,2026-04-01T08:40:52+00:00,399,0,1,32.17
,41997,2026-04-01T08:40:52+00:00,399,0,1,32.17
,41998,2026-04-01T08:40:52+00:00,409,0,1,32.17
,41999,2026-04-01T08:40:52+00:00,419,0,1,32.17
,42001,2026-04-01T08:40:52+00:00,425,0,1,32.17
,42002,2026-04-01T08:40:52+00:00,425,0,1,32.17
,42004,2026-04-01T08:40:52+00:00,429,0,1,32.17
,42005,2026-04-01T08:40:52+00:00,449,0,1,32.17
,42006,2026-04-01T08:40:52+00:00,449,0,1,32.17
,42011,2026-04-01T08:40:52+00:00,469,0,1,32.17
,42012,2026-04-01T08:40:52+00:00,489,0,1,32.17
,42013,2026-04-01T08:40:52+00:00,489,0,1,32.17
,42014,2026-04-01T08:40:52+00:00,519,0,1,47.43
,42015,2026-04-01T08:40:52+00:00,519,0,1,47.43
,42016,2026-04-01T08:40:52+00:00,519,0,1,32.17
,42017,2026-04-01T08:40:52+00:00,519,0,1,32.17
,42018,2026-04-01T08:40:52+00:00,519,0,1,47.43
,42019,2026-04-01T08:40:52+00:00,519,0,1,47.43
,42020,2026-04-01T08:40:52+00:00,519,0,1,32.17
,42021,2026-04-01T08:40:52+00:00,549,0,1,32.17
,42022,2026-04-01T08:40:52+00:00,549,0,1,32.17
,42023,2026-04-01T08:40:52+00:00,549,0,1,32.17
,42027,2026-04-01T08:40:52+00:00,599,0,1,32.17
,42028,2026-04-01T08:40:52+00:00,599,0,1,32.17
,42029,2026-04-01T08:40:52+00:00,599,0,1,32.17
,42030,2026-04-01T08:40:52+00:00,599,0,1,32.17
,42031,2026-04-01T08:40:52+00:00,659,0,1,32.17
,42032,2026-04-01T08:40:52+00:00,899,0,1,37.38
,42035,2026-04-01T08:40:52+00:00,1079,0,1,32.17
,42039,2026-04-01T08:40:52+00:00,1289,0,1,47.43
,42040,2026-04-01T08:40:52+00:00,1289,0,1,47.43
,42041,2026-04-01T08:40:52+00:00,1299,0,1,32.17
,42043,2026-04-01T08:40:52+00:00,1449,0,1,32.17
,42044,2026-04-01T08:40:52+00:00,1499,0,1,37.56
,42045,2026-04-01T08:40:52+00:00,1499,0,1,32.17
,42046,2026-04-01T08:40:52+00:00,1589,0,1,32.17
,42049,2026-04-01T08:40:52+00:00,1649,0,1,42.66
,42051,2026-04-01T08:40:52+00:00,2099,0,1,32.17
,42053,2026-04-01T08:40:52+00:00,2249,0,1,44.07
,42054,2026-04-01T08:40:52+00:00,2539,0,1,32.17
,42055,2026-04-01T08:40:52+00:00,2619,0,1,32.17
,42056,2026-04-01T08:40:52+00:00,2799,0,1,38.72
,42057,2026-04-01T08:40:52+00:00,2989,0,1,32.17
,42066,2026-04-01T08:40:52+00:00,49,0,1,32.17
,42081,2026-04-01T08:40:52+00:00,459,0,1,41.05
,42082,2026-04-01T08:40:52+00:00,499,0,1,32.17
,40945,2026-04-01T08:44:05+00:00,109,0,1,32.17
,40943,2026-04-01T08:44:05+00:00,99,0,1,32.17
,41122,2026-04-01T08:44:05+00:00,39,0,1,32.17
,38465,2026-04-01T08:44:05+00:00,6,0,1,32.17
,38466,2026-04-01T08:44:05+00:00,6,0,1,32.17
,38467,2026-04-01T08:44:05+00:00,6,0,1,32.17
,38494,2026-04-01T08:44:05+00:00,49,0,1,47.43
,38504,2026-04-01T08:44:05+00:00,189,0,1,32.17
,39435,2026-04-01T08:44:05+00:00,269,0,1,32.17
,40160,2026-04-01T08:44:05+00:00,35,0,1,47.43
,40164,2026-04-01T08:44:05+00:00,37,0,1,47.43
,40174,2026-04-01T08:44:05+00:00,39,0,1,32.17
,40191,2026-04-01T08:44:05+00:00,45,0,1,32.17
,40197,2026-04-01T08:44:05+00:00,46,0,1,32.17
,40204,2026-04-01T08:44:05+00:00,49,0,1,32.17
,40227,2026-04-01T08:44:05+00:00,59,0,1,47.43
,40228,2026-04-01T08:44:05+00:00,59,0,1,32.17
,40229,2026-04-01T08:44:05+00:00,59,0,1,32.17
,40230,2026-04-01T08:44:05+00:00,59,0,1,32.17
,40231,2026-04-01T08:44:05+00:00,59,0,1,32.17
,40233,2026-04-01T08:44:05+00:00,59,0,1,32.17
,40236,2026-04-01T08:44:05+00:00,69,0,1,32.17
,40239,2026-04-01T08:44:05+00:00,79,0,1,32.17
,40240,2026-04-01T08:44:05+00:00,85,0,1,47.43
,40242,2026-04-01T08:44:05+00:00,85,0,1,32.17
,40248,2026-04-01T08:44:05+00:00,199,0,1,32.17
,40254,2026-04-01T08:44:05+00:00,219,0,1,32.17
,40261,2026-04-01T08:44:05+00:00,249,0,1,47.43
,40262,2026-04-01T08:44:05+00:00,249,0,1,47.43
,40263,2026-04-01T08:44:05+00:00,249,0,1,47.43
,40264,2026-04-01T08:44:05+00:00,249,0,1,47.43
,40273,2026-04-01T08:44:05+00:00,265,0,1,32.17
,40274,2026-04-01T08:44:05+00:00,265,0,1,47.43
,40275,2026-04-01T08:44:05+00:00,269,0,1,32.17
,40280,2026-04-01T08:44:05+00:00,269,0,1,32.17
,40281,2026-04-01T08:44:05+00:00,279,0,1,32.17
,40282,2026-04-01T08:44:05+00:00,289,0,1,32.17
,40290,2026-04-01T08:44:05+00:00,319,0,1,32.17
,40292,2026-04-01T08:44:05+00:00,319,0,1,32.17
,40294,2026-04-01T08:44:05+00:00,319,0,1,32.17
,40297,2026-04-01T08:44:05+00:00,319,0,1,32.17
,40314,2026-04-01T08:44:05+00:00,359,0,1,32.17
,40317,2026-04-01T08:44:05+00:00,359,0,1,32.17
,40329,2026-04-01T08:44:05+00:00,389,0,1,47.99
,40334,2026-04-01T08:44:05+00:00,399,0,1,32.17
,40335,2026-04-01T08:44:05+00:00,399,0,1,32.17
,40337,2026-04-01T08:44:05+00:00,399,0,1,40.07
,40340,2026-04-01T08:44:05+00:00,399,0,1,47.43
,40386,2026-04-01T08:44:05+00:00,499,0,1,32.17
,40461,2026-04-01T08:44:05+00:00,779,0,1,32.17
,40512,2026-04-01T08:44:05+00:00,1069,0,1,32.17
,40515,2026-04-01T08:44:05+00:00,1079,0,1,32.17
,40516,2026-04-01T08:44:05+00:00,1079,0,1,47.43
,40519,2026-04-01T08:44:05+00:00,1199,0,1,41.54
,40525,2026-04-01T08:44:05+00:00,1259,0,1,32.17
,40532,2026-04-01T08:44:05+00:00,1319,0,1,32.17
,40533,2026-04-01T08:44:05+00:00,1319,0,1,32.17
,40534,2026-04-01T08:44:05+00:00,1319,0,1,32.17
,40535,2026-04-01T08:44:05+00:00,1359,0,1,32.17
,40539,2026-04-01T08:44:05+00:00,1499,0,1,32.17
,40549,2026-04-01T08:44:05+00:00,1649,0,1,32.17
,40550,2026-04-01T08:44:05+00:00,1649,0,1,32.17
,40558,2026-04-01T08:44:05+00:00,1899,0,1,32.17
,40561,2026-04-01T08:44:05+00:00,1899,0,1,32.17
,40563,2026-04-01T08:44:05+00:00,1999,0,1,32.17
,40564,2026-04-01T08:44:05+00:00,1999,0,1,32.17
,40565,2026-04-01T08:44:05+00:00,2049,0,1,43.29
,40572,2026-04-01T08:44:05+00:00,2349,0,1,51.65
,40576,2026-04-01T08:44:05+00:00,3499,0,1,62.18
,40577,2026-04-01T08:44:05+00:00,3499,0,1,39.66
,40578,2026-04-01T08:44:05+00:00,3499,0,1,41.7
,40579,2026-04-01T08:44:05+00:00,3499,0,1,41.7
,40580,2026-04-01T08:44:05+00:00,3499,0,1,40.71
,40582,2026-04-01T08:44:05+00:00,3999,0,1,40.96
,40583,2026-04-01T08:44:05+00:00,3999,0,1,40.96
,40584,2026-04-01T08:44:05+00:00,3999,0,1,40.96
,40614,2026-04-01T08:44:05+00:00,7699,0,1,32.17
,40615,2026-04-01T08:44:05+00:00,7699,0,1,32.17
,40625,2026-04-01T08:44:05+00:00,23,0,1,32.17
,40643,2026-04-01T08:44:05+00:00,89,0,1,49.04
,40720,2026-04-01T08:44:05+00:00,169,0,1,32.17
,40729,2026-04-01T08:44:05+00:00,189,0,1,47.43
,40731,2026-04-01T08:44:05+00:00,189,0,1,32.17
,40764,2026-04-01T08:44:05+00:00,249,0,1,32.17
,40786,2026-04-01T08:44:05+00:00,399,0,1,32.17
,40797,2026-04-01T08:44:05+00:00,499,0,1,30.69
,40808,2026-04-01T08:44:05+00:00,979,0,1,32.17
,40828,2026-04-01T08:44:05+00:00,1789,0,1,48.63
,40830,2026-04-01T08:44:05+00:00,2199,0,1,47.44
,40900,2026-04-01T08:44:05+00:00,29,0,1,32.17
,40902,2026-04-01T08:44:05+00:00,15,0,1,32.17
,40909,2026-04-01T08:44:05+00:00,49,0,1,32.17
,40955,2026-04-01T08:44:05+00:00,199,0,1,32.17
,40986,2026-04-01T08:44:05+00:00,5,0,1,32.17
,41004,2026-04-01T08:44:05+00:00,9,0,1,32.17
,41006,2026-04-01T08:44:05+00:00,9,0,1,32.17
,41010,2026-04-01T08:44:05+00:00,11,0,1,32.17
,41018,2026-04-01T08:44:05+00:00,13,0,1,32.17
,41058,2026-04-01T08:44:05+00:00,69,0,1,32.17
,41063,2026-04-01T08:44:05+00:00,89,0,1,47.43
,41069,2026-04-01T08:44:05+00:00,99,0,1,32.17
,41085,2026-04-01T08:44:05+00:00,5,0,1,32.17
,41088,2026-04-01T08:44:05+00:00,8,0,1,32.17
,41091,2026-04-01T08:44:05+00:00,11,0,1,47.43
,41112,2026-04-01T08:44:05+00:00,27,0,1,32.17
,41118,2026-04-01T08:44:05+00:00,37,0,1,32.17
,41121,2026-04-01T08:44:05+00:00,39,0,1,32.17
,41124,2026-04-01T08:44:05+00:00,55,0,1,32.17
,41132,2026-04-01T08:44:05+00:00,79,0,1,32.17
,41134,2026-04-01T08:44:05+00:00,129,0,1,32.17
,46557,2026-04-01T09:52:18+00:00,49,0,0,71.51
,46604,2026-04-01T09:52:39+00:00,76.5,0,1,60.13
,46893,2026-04-01T09:53:57+00:00,10,0,1,29.06
,46909,2026-04-01T09:54:02+00:00,13.9,0,1,45.12
,46915,2026-04-01T09:54:02+00:00,15.8,0,1,45.12
,46916,2026-04-01T09:54:02+00:00,16.5,0,1,45.12
,46918,2026-04-01T09:54:02+00:00,17.9,0,1,60.13
,46953,2026-04-01T09:54:21+00:00,129.9,0,1,45.12
,46868,2026-04-01T12:02:49+00:00,69,0,0,71.51
,36543,2026-04-01T12:27:06+00:00,1099,0,0,57.31
,36547,2026-04-01T12:27:06+00:00,1149,0,0,71.87
,36557,2026-04-01T12:27:06+00:00,1299,0,0,64.48
,36545,2026-04-01T12:27:06+00:00,1299,0,0,57.31
,36548,2026-04-01T12:27:06+00:00,1299,0,0,57.31
,36546,2026-04-01T12:27:06+00:00,1299,0,0,57.31
,36549,2026-04-01T12:27:06+00:00,1309,0,0,71.87
,36550,2026-04-01T12:27:06+00:00,1319,0,0,57.31
,36551,2026-04-01T12:27:06+00:00,1319,0,0,57.31
,36556,2026-04-01T12:27:06+00:00,1329,0,0,57.31
,36555,2026-04-01T12:27:06+00:00,1329,0,0,71.87
,36554,2026-04-01T12:27:06+00:00,1329,0,0,71.87
,36553,2026-04-01T12:27:06+00:00,1329,0,0,71.87
,36558,2026-04-01T12:27:06+00:00,1349,0,0,57.31
,36559,2026-04-01T12:27:06+00:00,1349,0,0,57.31
,36561,2026-04-01T12:27:06+00:00,1359,0,0,71.87
,36564,2026-04-01T12:27:06+00:00,1369,0,0,71.87
,36563,2026-04-01T12:27:06+00:00,1369,0,0,57.31
,36565,2026-04-01T12:27:06+00:00,1369,0,0,71.87
,36562,2026-04-01T12:27:06+00:00,1369,0,0,71.87
,36567,2026-04-01T12:27:06+00:00,1369,0,0,71.87
,36570,2026-04-01T12:27:09+00:00,1379,0,0,71.87
,36571,2026-04-01T12:27:09+00:00,1379,0,0,71.87
,36572,2026-04-01T12:27:09+00:00,1379,0,0,71.87
,36574,2026-04-01T12:27:09+00:00,1379,0,0,71.87
,36589,2026-04-01T12:27:09+00:00,1499,0,0,57.31
,36599,2026-04-01T12:27:09+00:00,1539,0,0,57.31
,36602,2026-04-01T12:27:09+00:00,1549,0,0,71.87
,36580,2026-04-01T12:27:09+00:00,1659,0,0,76.47
,36648,2026-04-01T12:27:09+00:00,1699,0,0,71.87
,36614,2026-04-01T12:27:12+00:00,1819,0,0,78.16
,36685,2026-04-01T12:27:18+00:00,1999,0,0,59.49
,36688,2026-04-01T12:27:18+00:00,1999,0,0,57.31
,36631,2026-04-01T12:27:18+00:00,1999,0,0,76.48
,36579,2026-04-01T12:27:18+00:00,2029,0,0,65.1
,36642,2026-04-01T12:27:18+00:00,2049,0,0,76.48
,36711,2026-04-01T12:27:18+00:00,2059,0,0,71.87
,36713,2026-04-01T12:27:18+00:00,2059,0,0,57.31
,36758,2026-04-01T12:27:24+00:00,2215,0,0,71.87
,36757,2026-04-01T12:27:24+00:00,2215,0,0,82.94
,36784,2026-04-01T12:27:32+00:00,2399,0,0,71.87
,36820,2026-04-01T12:27:35+00:00,2429,0,0,71.87
,36819,2026-04-01T12:27:35+00:00,2429,0,0,71.87
,36796,2026-04-01T12:27:35+00:00,2449,0,0,71.87
,36747,2026-04-01T12:27:35+00:00,2459,0,0,65.09
,36743,2026-04-01T12:27:35+00:00,2469,0,0,57.31
,36900,2026-04-01T12:27:41+00:00,2649,0,0,57.31
,36918,2026-04-01T12:27:44+00:00,2725,0,0,78.07
,36940,2026-04-01T12:27:47+00:00,2769,0,0,78.07
,36861,2026-04-01T12:27:47+00:00,2769,0,0,77.47
,36956,2026-04-01T12:27:50+00:00,2819,0,0,78.07
,36966,2026-04-01T12:27:50+00:00,2859,0,0,71.87
,36989,2026-04-01T12:27:57+00:00,2945,0,0,77.43
,36969,2026-04-01T12:27:57+00:00,2969,0,0,77.58
,36937,2026-04-01T12:27:57+00:00,2969,0,0,71.87
,37002,2026-04-01T12:27:57+00:00,2989,0,0,77.44
,37003,2026-04-01T12:27:57+00:00,2995,0,0,77.44
,36983,2026-04-01T12:27:57+00:00,3019,0,0,77.59
,37021,2026-04-01T12:28:00+00:00,3039,0,0,77.45
,36952,2026-04-01T12:28:00+00:00,3149,0,0,77.02
,36828,2026-04-01T12:28:00+00:00,3159,0,0,77.02
,36846,2026-04-01T12:28:04+00:00,3199,0,0,64.65
,36909,2026-04-01T12:28:04+00:00,3209,0,0,64.66
,36854,2026-04-01T12:28:04+00:00,3219,0,0,77.05
,37010,2026-04-01T12:28:04+00:00,3219,0,0,77.57
,37069,2026-04-01T12:28:04+00:00,3235,0,0,76.84
,36925,2026-04-01T12:28:04+00:00,3249,0,0,77.06
,37047,2026-04-01T12:28:04+00:00,3249,0,0,71.87
,36874,2026-04-01T12:28:04+00:00,3249,0,0,77.06
,36933,2026-04-01T12:28:04+00:00,3259,0,0,77.06
,36932,2026-04-01T12:28:04+00:00,3259,0,0,77.06
,37079,2026-04-01T12:28:04+00:00,3279,0,0,77.55
,36947,2026-04-01T12:28:07+00:00,3299,0,0,77.07
,36950,2026-04-01T12:28:07+00:00,3309,0,0,77.08
,37094,2026-04-01T12:28:07+00:00,3309,0,0,71.87
,37095,2026-04-01T12:28:07+00:00,3309,0,0,71.87
,37091,2026-04-01T12:28:07+00:00,3319,0,0,76.94
,36964,2026-04-01T12:28:07+00:00,3349,0,0,77.09
,37053,2026-04-01T12:28:07+00:00,3349,0,0,77.09
,37097,2026-04-01T12:28:10+00:00,3449,0,0,71.87
,37081,2026-04-01T12:28:10+00:00,3469,0,0,71.87
,37114,2026-04-01T12:28:13+00:00,3645,0,0,77.64
,37062,2026-04-01T12:28:16+00:00,3699,0,0,77.2
,37066,2026-04-01T12:28:16+00:00,3709,0,0,77.2
,37155,2026-04-01T12:28:16+00:00,3735,0,0,57.31
,37076,2026-04-01T12:28:16+00:00,3749,0,0,77.21
,37162,2026-04-01T12:28:19+00:00,3949,0,0,71.87
,37142,2026-04-01T12:28:22+00:00,4119,0,0,65
,37148,2026-04-01T12:28:25+00:00,4169,0,0,77.32
,38342,2026-04-01T12:28:59+00:00,359,0,0,71.87
,38427,2026-04-01T12:29:11+00:00,1299,0,0,82.94
,37449,2026-04-01T12:29:14+00:00,1419,0,0,57.31
,37458,2026-04-01T12:29:14+00:00,1469,0,0,57.31
,37483,2026-04-01T12:29:20+00:00,1689,0,0,71.87
,37489,2026-04-01T12:29:20+00:00,1739,0,0,71.87
,37493,2026-04-01T12:29:26+00:00,1929,0,0,71.87
,38289,2026-04-01T12:30:31+00:00,4479,0,0,71.87
,39859,2026-04-01T12:31:03+00:00,0.6,0,0,71.87
,39860,2026-04-01T12:31:03+00:00,0.7,0,0,71.87
,39863,2026-04-01T12:31:03+00:00,5.5,0,0,71.87
,39757,2026-04-01T12:31:03+00:00,5.5,0,0,71.87
,39864,2026-04-01T12:31:03+00:00,8.5,0,0,71.87
,39869,2026-04-01T12:31:03+00:00,9.9,0,0,71.87
,39865,2026-04-01T12:31:03+00:00,9.9,0,0,71.87
,39866,2026-04-01T12:31:03+00:00,9.9,0,0,71.87
,39868,2026-04-01T12:31:03+00:00,9.9,0,0,71.87
,39867,2026-04-01T12:31:03+00:00,9.9,0,0,71.87
,39469,2026-04-01T12:31:03+00:00,10.3,0,0,71.87
,39874,2026-04-01T12:31:03+00:00,19.5,0,0,71.87
,39875,2026-04-01T12:31:03+00:00,19.9,0,0,71.87
,39876,2026-04-01T12:31:03+00:00,24.9,0,0,71.87
,39699,2026-04-01T12:31:06+00:00,26.9,0,0,71.87
,39698,2026-04-01T12:31:06+00:00,26.9,0,0,82.94
,39878,2026-04-01T12:31:06+00:00,27.5,0,0,78.16
,39702,2026-04-01T12:31:06+00:00,27.5,0,0,82.94
,39703,2026-04-01T12:31:06+00:00,27.9,0,0,71.87
,39705,2026-04-01T12:31:06+00:00,28.5,0,0,71.87
,39706,2026-04-01T12:31:06+00:00,28.5,0,0,57.31
,39674,2026-04-01T12:31:06+00:00,28.9,0,0,71.87
,39711,2026-04-01T12:31:06+00:00,28.9,0,0,57.31
,39712,2026-04-01T12:31:06+00:00,28.9,0,0,57.31
,39708,2026-04-01T12:31:06+00:00,28.9,0,0,57.31
,39707,2026-04-01T12:31:06+00:00,28.9,0,0,57.31
,39709,2026-04-01T12:31:06+00:00,28.9,0,0,57.31
,39714,2026-04-01T12:31:06+00:00,29.9,0,0,71.87
,39715,2026-04-01T12:31:06+00:00,29.9,0,0,57.31
,39675,2026-04-01T12:31:06+00:00,31.5,0,0,71.87
,39610,2026-04-01T12:31:06+00:00,35,0,0,71.87
,39716,2026-04-01T12:31:09+00:00,35.9,0,0,82.94
,39759,2026-04-01T12:31:09+00:00,37.5,0,0,71.87
,39758,2026-04-01T12:31:09+00:00,37.5,0,0,71.87
,39881,2026-04-01T12:31:12+00:00,59.9,0,0,71.87
,39741,2026-04-01T12:31:12+00:00,69.9,0,0,71.87
,39742,2026-04-01T12:31:12+00:00,70.5,0,0,57.31
,39554,2026-04-01T12:31:12+00:00,79,0,0,71.87
,39677,2026-04-01T12:31:15+00:00,89,0,0,71.87
,39678,2026-04-01T12:31:18+00:00,115,0,0,71.87
,39681,2026-04-01T12:32:30+00:00,139,0,0,71.87
,39680,2026-04-01T12:32:30+00:00,139,0,0,71.87
,39894,2026-04-01T12:32:30+00:00,139.9,0,0,71.87
,39895,2026-04-01T12:32:30+00:00,149.9,0,0,71.87
,39789,2026-04-01T12:32:30+00:00,159,0,0,71.87
,39791,2026-04-01T12:32:30+00:00,159,0,0,71.87
,39684,2026-04-01T12:32:30+00:00,159,0,0,71.87
,39734,2026-04-01T12:32:36+00:00,199,0,0,71.87
,39801,2026-04-01T12:32:36+00:00,199,0,0,71.87
,39800,2026-04-01T12:32:36+00:00,199,0,0,71.87
,39810,2026-04-01T12:32:36+00:00,209,0,0,71.87
,39562,2026-04-01T12:32:40+00:00,219,0,0,74.21
,39811,2026-04-01T12:32:40+00:00,219,0,0,71.87
,39822,2026-04-01T12:32:43+00:00,259,0,0,71.87
,39828,2026-04-01T12:32:43+00:00,269,0,0,82.94
,39570,2026-04-01T12:32:43+00:00,289,0,0,82.94
,39817,2026-04-01T12:32:43+00:00,289,0,0,82.94
,39567,2026-04-01T12:32:46+00:00,299,0,0,71.87
,39688,2026-04-01T12:32:46+00:00,299,0,0,71.87
,39687,2026-04-01T12:32:49+00:00,369,0,0,71.87
,39902,2026-04-01T12:32:49+00:00,375,0,0,71.87
,39690,2026-04-01T12:32:52+00:00,389,0,0,71.87
,39581,2026-04-01T12:32:55+00:00,449,0,0,71.87
,39691,2026-04-01T12:32:58+00:00,569,0,0,71.87
,39693,2026-04-01T12:32:58+00:00,599,0,0,82.94
,39694,2026-04-01T12:33:03+00:00,679,0,0,71.87
,39695,2026-04-01T12:33:06+00:00,699,0,0,82.94
,39519,2026-04-01T12:33:10+00:00,799,0,0,71.87
,39521,2026-04-01T12:33:10+00:00,899,0,0,57.31
,39522,2026-04-01T12:33:13+00:00,1019,0,0,57.31
,39525,2026-04-01T12:33:13+00:00,1019,0,0,71.87
,39524,2026-04-01T12:33:13+00:00,1029,0,0,71.87
,39523,2026-04-01T12:33:13+00:00,1039,0,0,71.87
,39526,2026-04-01T12:33:13+00:00,1079,0,0,71.87
,39606,2026-04-01T12:33:16+00:00,1199,0,0,71.87
,39533,2026-04-01T12:33:16+00:00,1279,0,0,71.87
,39535,2026-04-01T12:33:16+00:00,1399,0,0,66.39
,39513,2026-04-01T12:33:19+00:00,1799,0,0,71.87
,39514,2026-04-01T12:33:19+00:00,1899,0,0,71.87
,39537,2026-04-01T12:33:19+00:00,1999,0,0,57.31
,39538,2026-04-01T12:33:19+00:00,2359,0,0,82.94
,39539,2026-04-01T12:33:19+00:00,2419,0,0,71.87
,39308,2026-04-01T12:33:25+00:00,0.9,0,0,71.87
,39309,2026-04-01T12:33:25+00:00,2.5,0,0,71.87
,38779,2026-04-01T12:33:25+00:00,2.6,0,0,71.87
,38780,2026-04-01T12:33:25+00:00,2.7,0,0,71.87
,38781,2026-04-01T12:33:25+00:00,2.9,0,0,57.31
,38785,2026-04-01T12:33:25+00:00,3.5,0,0,71.87
,38786,2026-04-01T12:33:25+00:00,3.7,0,0,71.87
,38782,2026-04-01T12:33:25+00:00,3.9,0,0,71.87
,38788,2026-04-01T12:33:25+00:00,3.9,0,0,46.39
,38792,2026-04-01T12:33:25+00:00,4.5,0,0,71.87
,38796,2026-04-01T12:33:25+00:00,4.5,0,0,71.87
,38795,2026-04-01T12:33:25+00:00,4.5,0,0,71.87
,38790,2026-04-01T12:33:25+00:00,4.5,0,0,57.31
,38794,2026-04-01T12:33:28+00:00,4.5,0,0,71.87
,38797,2026-04-01T12:33:28+00:00,4.5,0,0,71.87
,38799,2026-04-01T12:33:28+00:00,4.9,0,0,71.87
,38798,2026-04-01T12:33:28+00:00,4.9,0,0,71.87
,38800,2026-04-01T12:33:28+00:00,4.9,0,0,71.87
,38802,2026-04-01T12:33:28+00:00,5.2,0,0,71.87
,38804,2026-04-01T12:33:28+00:00,5.5,0,0,57.31
,38803,2026-04-01T12:33:28+00:00,5.5,0,0,71.87
,38805,2026-04-01T12:33:28+00:00,5.7,0,0,71.87
,38812,2026-04-01T12:33:28+00:00,5.9,0,0,71.87
,38806,2026-04-01T12:33:28+00:00,5.9,0,0,57.31
,38807,2026-04-01T12:33:28+00:00,5.9,0,0,57.31
,38811,2026-04-01T12:33:28+00:00,5.9,0,0,57.31
,38808,2026-04-01T12:33:28+00:00,5.9,0,0,71.87
,38809,2026-04-01T12:33:28+00:00,5.9,0,0,71.87
,38810,2026-04-01T12:33:28+00:00,5.9,0,0,71.87
,38813,2026-04-01T12:33:28+00:00,6.4,0,0,82.94
,38815,2026-04-01T12:33:28+00:00,6.5,0,0,71.87
,38818,2026-04-01T12:33:28+00:00,6.9,0,0,71.87
,38820,2026-04-01T12:33:32+00:00,6.9,0,0,71.87
,38821,2026-04-01T12:33:32+00:00,6.9,0,0,57.31
,38819,2026-04-01T12:33:32+00:00,6.9,0,0,71.87
,38823,2026-04-01T12:33:32+00:00,6.9,0,0,71.87
,38822,2026-04-01T12:33:32+00:00,6.9,0,0,71.87
,38816,2026-04-01T12:33:32+00:00,6.9,0,0,71.87
,38824,2026-04-01T12:33:32+00:00,7.5,0,0,82.94
,38825,2026-04-01T12:33:32+00:00,7.7,0,0,71.87
,38829,2026-04-01T12:33:32+00:00,7.9,0,0,57.31
,38828,2026-04-01T12:33:32+00:00,7.9,0,0,71.87
,38827,2026-04-01T12:33:32+00:00,7.9,0,0,57.31
,38830,2026-04-01T12:33:32+00:00,7.9,0,0,57.31
,38826,2026-04-01T12:33:32+00:00,7.9,0,0,57.31
,38831,2026-04-01T12:33:32+00:00,8.5,0,0,71.87
,38832,2026-04-01T12:33:35+00:00,8.5,0,0,71.87
,38607,2026-04-01T12:33:35+00:00,8.5,0,0,71.87
,39132,2026-04-01T12:33:35+00:00,8.5,0,0,71.87
,40126,2026-04-01T12:33:35+00:00,8.9,0,0,86.78
,39133,2026-04-01T12:33:35+00:00,9.5,0,0,71.87
,38834,2026-04-01T12:33:35+00:00,9.8,0,0,57.31
,38833,2026-04-01T12:33:35+00:00,9.8,0,0,60.77
,38836,2026-04-01T12:33:35+00:00,9.9,0,0,71.87
,39135,2026-04-01T12:33:35+00:00,9.9,0,0,71.87
,39310,2026-04-01T12:33:35+00:00,9.9,0,0,71.87
,38835,2026-04-01T12:33:35+00:00,9.9,0,0,71.87
,38837,2026-04-01T12:33:35+00:00,10.5,0,0,82.94
,38838,2026-04-01T12:33:35+00:00,10.5,0,0,57.31
,38839,2026-04-01T12:33:35+00:00,10.9,0,0,71.87
,38841,2026-04-01T12:33:38+00:00,11.9,0,0,71.87
,38842,2026-04-01T12:33:38+00:00,11.9,0,0,71.87
,38845,2026-04-01T12:33:38+00:00,11.9,0,0,71.87
,38840,2026-04-01T12:33:38+00:00,11.9,0,0,57.31
,38843,2026-04-01T12:33:38+00:00,11.9,0,0,71.87
,38844,2026-04-01T12:33:38+00:00,11.9,0,0,57.31
,38846,2026-04-01T12:33:38+00:00,11.9,0,0,71.87
,38850,2026-04-01T12:33:38+00:00,12.3,0,0,57.31
,38849,2026-04-01T12:33:38+00:00,12.3,0,0,71.87
,38610,2026-04-01T12:33:38+00:00,12.5,0,0,57.31
,38608,2026-04-01T12:33:38+00:00,12.5,0,0,89.45
,38608,2026-04-01T12:33:38+00:00,12.5,0,0,89.45
,38608,2026-04-01T12:33:38+00:00,12.5,0,0,89.45
,38608,2026-04-01T12:33:38+00:00,12.5,0,0,89.45
,38609,2026-04-01T12:33:38+00:00,12.5,0,0,82.94
,38855,2026-04-01T12:33:42+00:00,12.9,0,0,71.87
,38857,2026-04-01T12:33:42+00:00,12.9,0,0,71.87
,38858,2026-04-01T12:33:42+00:00,12.9,0,0,71.87
,38854,2026-04-01T12:33:42+00:00,12.9,0,0,71.87
,38852,2026-04-01T12:33:42+00:00,12.9,0,0,71.87
,38856,2026-04-01T12:33:42+00:00,12.9,0,0,71.87
,39137,2026-04-01T12:33:42+00:00,13.9,0,0,57.31
,38864,2026-04-01T12:33:42+00:00,13.9,0,0,82.94
,38865,2026-04-01T12:33:42+00:00,13.9,0,0,71.87
,39138,2026-04-01T12:33:42+00:00,13.9,0,0,57.31
,38860,2026-04-01T12:33:42+00:00,13.9,0,0,71.87
,38861,2026-04-01T12:33:42+00:00,13.9,0,0,71.87
,38859,2026-04-01T12:33:42+00:00,13.9,0,0,71.87
,38862,2026-04-01T12:33:42+00:00,13.9,0,0,57.31
,38863,2026-04-01T12:33:42+00:00,13.9,0,0,57.31
,38866,2026-04-01T12:33:42+00:00,14.5,0,0,71.87
,38867,2026-04-01T12:33:45+00:00,14.9,0,0,57.31
,38868,2026-04-01T12:33:45+00:00,14.9,0,0,57.31
,39139,2026-04-01T12:33:45+00:00,15.5,0,0,57.31
,38869,2026-04-01T12:33:45+00:00,15.5,0,0,57.31
,39252,2026-04-01T12:33:45+00:00,15.9,0,0,71.87
,38891,2026-04-01T12:33:45+00:00,15.9,0,0,82.94
,38890,2026-04-01T12:33:45+00:00,15.9,0,0,82.94
,38892,2026-04-01T12:33:45+00:00,15.9,0,0,82.94
,38870,2026-04-01T12:33:45+00:00,15.9,0,0,82.94
,38871,2026-04-01T12:33:45+00:00,15.9,0,0,61.95
,39140,2026-04-01T12:33:48+00:00,16.5,0,0,71.87
,38875,2026-04-01T12:33:48+00:00,16.9,0,0,71.87
,38872,2026-04-01T12:33:48+00:00,16.9,0,0,71.87
,39357,2026-04-01T12:33:48+00:00,17.9,0,0,71.87
,38877,2026-04-01T12:33:48+00:00,17.9,0,0,71.87
,38874,2026-04-01T12:33:48+00:00,18,0,0,57.31
,38876,2026-04-01T12:33:48+00:00,18,0,0,57.31
,38873,2026-04-01T12:33:48+00:00,18,0,0,57.31
,38882,2026-04-01T12:33:48+00:00,18.5,0,0,71.87
,38881,2026-04-01T12:33:48+00:00,18.5,0,0,71.87
,38880,2026-04-01T12:33:48+00:00,18.5,0,0,71.87
,38909,2026-04-01T12:33:51+00:00,19,0,0,82.94
,39311,2026-04-01T12:33:51+00:00,19,0,0,82.94
,38894,2026-04-01T12:33:51+00:00,19.5,0,0,57.31
,38893,2026-04-01T12:33:51+00:00,19.5,0,0,57.31
,38895,2026-04-01T12:33:51+00:00,19.5,0,0,57.31
,38896,2026-04-01T12:33:51+00:00,19.9,0,0,57.31
,39144,2026-04-01T12:33:51+00:00,19.9,0,0,71.87
,38897,2026-04-01T12:33:51+00:00,20.9,0,0,71.87
,38898,2026-04-01T12:33:54+00:00,21.5,0,0,57.31
,38899,2026-04-01T12:33:54+00:00,21.9,0,0,71.87
,39358,2026-04-01T12:33:54+00:00,22,0,0,82.94
,38900,2026-04-01T12:33:54+00:00,22.5,0,0,57.31
,38902,2026-04-01T12:33:54+00:00,22.9,0,0,71.87
,38904,2026-04-01T12:33:54+00:00,22.9,0,0,71.87
,38903,2026-04-01T12:33:54+00:00,22.9,0,0,71.87
,38901,2026-04-01T12:33:54+00:00,22.9,0,0,71.87
,39254,2026-04-01T12:33:54+00:00,23.9,0,0,57.31
,38906,2026-04-01T12:33:54+00:00,24.5,0,0,57.31
,39255,2026-04-01T12:33:54+00:00,24.5,0,0,82.94
,38923,2026-04-01T12:34:00+00:00,25.5,0,0,57.31
,39257,2026-04-01T12:34:00+00:00,25.9,0,0,57.31
,39149,2026-04-01T12:34:00+00:00,25.9,0,0,71.87
,38924,2026-04-01T12:34:00+00:00,25.9,0,0,57.31
,39148,2026-04-01T12:34:00+00:00,25.9,0,0,57.31
,38927,2026-04-01T12:34:00+00:00,26.5,0,0,57.31
,38928,2026-04-01T12:34:00+00:00,26.5,0,0,57.31
,38926,2026-04-01T12:34:00+00:00,26.5,0,0,57.31
,38929,2026-04-01T12:34:03+00:00,27.5,0,0,71.87
,39878,2026-04-01T12:34:03+00:00,27.5,0,0,78.16
,38933,2026-04-01T12:34:03+00:00,28.8,0,0,71.87
,38932,2026-04-01T12:34:03+00:00,28.8,0,0,57.31
,38934,2026-04-01T12:34:03+00:00,28.9,0,0,71.87
,39174,2026-04-01T12:34:12+00:00,35,0,0,82.94
,39324,2026-04-01T12:34:12+00:00,35,0,0,71.87
,38990,2026-04-01T12:34:15+00:00,38,0,0,71.87
,38986,2026-04-01T12:34:15+00:00,38,0,0,71.87
,38989,2026-04-01T12:34:15+00:00,38,0,0,71.87
,39325,2026-04-01T12:34:15+00:00,38.5,0,0,57.31
,39166,2026-04-01T12:34:18+00:00,39,0,0,82.94
,39371,2026-04-01T12:34:18+00:00,39,0,0,82.94
,38617,2026-04-01T12:34:21+00:00,41.9,0,0,71.87
,39160,2026-04-01T12:34:21+00:00,42.9,0,0,57.31
,39032,2026-04-01T12:34:21+00:00,44,0,0,82.94
,39364,2026-04-01T12:34:21+00:00,44.9,0,0,57.31
,38655,2026-04-01T12:34:24+00:00,45,0,0,71.87
,38654,2026-04-01T12:34:24+00:00,45,0,0,82.94
,38653,2026-04-01T12:34:24+00:00,45,0,0,82.94
,39372,2026-04-01T12:34:27+00:00,45,0,0,82.94
,39012,2026-04-01T12:34:27+00:00,48.5,0,0,57.31
,39168,2026-04-01T12:34:30+00:00,49,0,0,71.87
,39170,2026-04-01T12:34:30+00:00,49,0,0,82.94
,39021,2026-04-01T12:34:33+00:00,49.9,0,0,71.87
,39029,2026-04-01T12:34:36+00:00,55,0,0,71.87
,39382,2026-04-01T12:34:43+00:00,59,0,0,82.94
,38665,2026-04-01T12:34:46+00:00,64,0,0,71.87
,38620,2026-04-01T12:34:52+00:00,69,0,0,71.87
,38678,2026-04-01T12:34:55+00:00,69.5,0,0,71.87
,39279,2026-04-01T12:34:55+00:00,74.9,0,0,71.87
,39185,2026-04-01T12:35:01+00:00,84.9,0,0,57.31
,39078,2026-04-01T12:35:10+00:00,89,0,0,66.39
,38710,2026-04-01T12:35:16+00:00,107.5,0,0,57.31
,38732,2026-04-01T12:35:23+00:00,119,0,0,78.98
,39210,2026-04-01T12:35:26+00:00,119.9,0,0,57.31
,39381,2026-04-01T12:35:33+00:00,147,0,0,71.87
,39211,2026-04-01T12:35:36+00:00,158,0,0,57.31
,39104,2026-04-01T12:35:39+00:00,169,0,0,78.98
,39105,2026-04-01T12:35:39+00:00,169,0,0,78.98
,39113,2026-04-01T12:35:46+00:00,199,0,0,66.39
,39111,2026-04-01T12:35:50+00:00,199,0,0,66.39
,39236,2026-04-01T12:35:56+00:00,265,0,0,71.87
,39401,2026-04-01T12:35:56+00:00,299,0,0,78.98
,39121,2026-04-01T12:35:59+00:00,329,0,0,66.39
,39463,2026-04-01T12:36:15+00:00,5599,0,0,46.39
,39947,2026-04-01T12:36:21+00:00,349,0,0,71.87
,39948,2026-04-01T12:36:21+00:00,459,0,0,71.87
,39951,2026-04-01T12:36:21+00:00,1049,0,0,57.31
,39952,2026-04-01T12:36:21+00:00,3799,0,0,71.87
,39904,2026-04-01T12:36:27+00:00,5449,0,0,71.87
,39971,2026-04-01T12:36:40+00:00,394.9,0,0,57.31
,39979,2026-04-01T12:36:40+00:00,559,0,0,57.31
,40126,2026-04-01T12:37:01+00:00,8.9,0,0,86.78
,40127,2026-04-01T12:37:01+00:00,10.9,0,0,82.94
,40128,2026-04-01T12:37:01+00:00,11.9,0,0,82.94
,40129,2026-04-01T12:37:01+00:00,13.9,0,0,57.31
,40138,2026-04-01T12:37:01+00:00,44.9,0,0,57.31
,40029,2026-04-01T12:37:11+00:00,8.3,0,0,57.31
,40031,2026-04-01T12:37:11+00:00,9.6,0,0,57.31
,40032,2026-04-01T12:37:11+00:00,10.9,0,0,57.31
,40034,2026-04-01T12:37:11+00:00,11.8,0,0,57.31
,40035,2026-04-01T12:37:11+00:00,12.8,0,0,57.31
,40036,2026-04-01T12:37:11+00:00,12.9,0,0,82.94
,40038,2026-04-01T12:37:11+00:00,12.9,0,0,71.87
,40037,2026-04-01T12:37:11+00:00,12.9,0,0,71.87
,40040,2026-04-01T12:37:11+00:00,13.3,0,0,71.87
,40041,2026-04-01T12:37:11+00:00,13.4,0,0,71.87
,40043,2026-04-01T12:37:11+00:00,13.4,0,0,71.87
,40042,2026-04-01T12:37:11+00:00,13.4,0,0,71.87
,40045,2026-04-01T12:37:11+00:00,13.9,0,0,82.94
,40044,2026-04-01T12:37:11+00:00,13.9,0,0,57.31
,40048,2026-04-01T12:37:11+00:00,13.9,0,0,57.31
,40047,2026-04-01T12:37:11+00:00,13.9,0,0,57.31
,40046,2026-04-01T12:37:11+00:00,13.9,0,0,57.31
,40049,2026-04-01T12:37:11+00:00,14.5,0,0,57.31
,40052,2026-04-01T12:37:11+00:00,14.7,0,0,71.87
,40054,2026-04-01T12:37:11+00:00,14.9,0,0,57.31
,40055,2026-04-01T12:37:11+00:00,15.4,0,0,71.87
,40056,2026-04-01T12:37:11+00:00,15.4,0,0,71.87
,40057,2026-04-01T12:37:14+00:00,15.5,0,0,57.31
,40059,2026-04-01T12:37:14+00:00,16.5,0,0,57.31
,40060,2026-04-01T12:37:14+00:00,16.5,0,0,57.31
,40061,2026-04-01T12:37:14+00:00,16.6,0,0,71.87
,40062,2026-04-01T12:37:14+00:00,16.9,0,0,57.31
,40063,2026-04-01T12:37:14+00:00,17.6,0,0,82.94
,40064,2026-04-01T12:37:14+00:00,17.9,0,0,71.87
,40067,2026-04-01T12:37:14+00:00,19.2,0,0,57.31
,40068,2026-04-01T12:37:14+00:00,19.4,0,0,71.87
,40069,2026-04-01T12:37:14+00:00,19.7,0,0,64.12
,40070,2026-04-01T12:37:14+00:00,19.9,0,0,57.31
,40071,2026-04-01T12:37:14+00:00,19.9,0,0,57.31
,40074,2026-04-01T12:37:14+00:00,25.5,0,0,71.87
,40075,2026-04-01T12:37:14+00:00,26.5,0,0,71.87
,40076,2026-04-01T12:37:14+00:00,27.5,0,0,57.31
,40080,2026-04-01T12:37:14+00:00,33.9,0,0,71.87
,40084,2026-04-01T12:37:17+00:00,44.9,0,0,57.31
,40091,2026-04-01T12:37:17+00:00,79.9,0,0,57.31
,40108,2026-04-01T12:37:23+00:00,16.9,0,0,57.31
,40112,2026-04-01T12:37:23+00:00,34.9,0,0,57.31
,40107,2026-04-01T12:37:23+00:00,35,0,0,57.31
,40114,2026-04-01T12:37:23+00:00,59,0,0,71.87
,40118,2026-04-01T12:37:23+00:00,95.9,0,0,71.87
,38483,2026-04-01T12:37:29+00:00,15.9,0,0,71.87
,38484,2026-04-01T12:37:29+00:00,15.9,0,0,71.87
,38490,2026-04-01T12:37:32+00:00,34.9,0,0,71.87
,38493,2026-04-01T12:37:32+00:00,37.9,0,0,71.87
,38524,2026-04-01T12:37:36+00:00,259,0,0,71.87
,38554,2026-04-01T12:37:39+00:00,419,0,0,71.87
,38552,2026-04-01T12:37:39+00:00,419,0,0,71.87
,38553,2026-04-01T12:37:39+00:00,419,0,0,71.87
,38565,2026-04-01T12:37:39+00:00,579,0,0,71.87
,38566,2026-04-01T12:37:39+00:00,579,0,0,71.87
,38567,2026-04-01T12:37:39+00:00,579,0,0,71.87
,38579,2026-04-01T12:37:42+00:00,899,0,0,71.87
,38580,2026-04-01T12:37:42+00:00,899,0,0,71.87
,38581,2026-04-01T12:37:42+00:00,929,0,0,71.87
,38597,2026-04-01T12:37:44+00:00,3289,0,0,71.87
,38599,2026-04-01T12:37:44+00:00,3289,0,0,71.87
,38602,2026-04-01T12:37:44+00:00,3769,0,0,71.87
,41304,2026-04-01T12:38:11+00:00,18.9,0,0,71.87
,41283,2026-04-01T12:38:15+00:00,719,0,0,71.87
,41286,2026-04-01T12:38:15+00:00,1089,0,0,82.94
,41293,2026-04-01T12:38:15+00:00,1479,0,0,82.94
,41299,2026-04-01T12:38:15+00:00,4439,0,0,78.98
,41328,2026-04-01T12:38:23+00:00,5.9,0,0,82.94
,41327,2026-04-01T12:38:23+00:00,5.9,0,0,71.87
,41329,2026-04-01T12:38:23+00:00,5.9,0,0,71.87
,41330,2026-04-01T12:38:23+00:00,5.9,0,0,71.87
,41358,2026-04-01T12:38:23+00:00,9.9,0,0,82.94
,41359,2026-04-01T12:38:23+00:00,10.5,0,0,71.87
,41360,2026-04-01T12:38:23+00:00,21.5,0,0,71.87
,41361,2026-04-01T12:38:23+00:00,23.5,0,0,82.94
,41331,2026-04-01T12:38:23+00:00,24.9,0,0,71.87
,41332,2026-04-01T12:38:23+00:00,24.9,0,0,71.87
,41333,2026-04-01T12:38:23+00:00,24.9,0,0,71.87
,41334,2026-04-01T12:38:23+00:00,24.9,0,0,71.87
,41370,2026-04-01T12:38:26+00:00,69.9,0,0,71.87
,41380,2026-04-01T12:38:29+00:00,125,0,0,71.87
,41352,2026-04-01T12:38:35+00:00,2959,0,0,71.87
,41271,2026-04-01T12:38:47+00:00,569,0,0,71.87
,41160,2026-04-01T12:38:47+00:00,719,0,0,82.94
,41163,2026-04-01T12:38:47+00:00,799,0,0,71.87
,41181,2026-04-01T12:38:50+00:00,1249,0,0,66.39
,41201,2026-04-01T12:38:53+00:00,1789,0,0,71.87
,41215,2026-04-01T12:38:53+00:00,1999,0,0,66.39
,41210,2026-04-01T12:38:53+00:00,1999,0,0,78.98
,41221,2026-04-01T12:38:53+00:00,2199,0,0,66.39
,41244,2026-04-01T12:38:57+00:00,3999,0,0,66.39
,41257,2026-04-01T12:39:00+00:00,6649,0,0,78.98
,41262,2026-04-01T12:39:00+00:00,7899,0,0,78.98
,41413,2026-04-01T12:39:07+00:00,10.9,0,0,83.26
,41413,2026-04-01T12:39:07+00:00,10.9,0,0,83.26
,41413,2026-04-01T12:39:07+00:00,10.9,0,0,83.26
,41413,2026-04-01T12:39:07+00:00,10.9,0,0,83.26
,41414,2026-04-01T12:39:07+00:00,13.5,0,0,71.87
,41416,2026-04-01T12:39:46+00:00,3.5,0,0,71.87
,41415,2026-04-01T12:39:46+00:00,3.5,0,0,71.87
,41419,2026-04-01T12:39:46+00:00,3.9,0,0,71.87
,41417,2026-04-01T12:39:46+00:00,3.9,0,0,71.87
,41418,2026-04-01T12:39:46+00:00,3.9,0,0,71.87
,41420,2026-04-01T12:39:46+00:00,3.9,0,0,71.87
,41421,2026-04-01T12:39:46+00:00,4.5,0,0,71.87
,41422,2026-04-01T12:39:46+00:00,4.9,0,0,71.87
,41426,2026-04-01T12:39:46+00:00,5.5,0,0,71.87
,41427,2026-04-01T12:39:46+00:00,5.5,0,0,71.87
,41428,2026-04-01T12:39:46+00:00,5.5,0,0,71.87
,41430,2026-04-01T12:39:46+00:00,5.5,0,0,71.87
,41425,2026-04-01T12:39:46+00:00,5.5,0,0,71.87
,41429,2026-04-01T12:39:46+00:00,5.5,0,0,71.87
,41431,2026-04-01T12:39:46+00:00,5.5,0,0,71.87
,41432,2026-04-01T12:39:46+00:00,5.9,0,0,71.87
,41433,2026-04-01T12:39:46+00:00,5.9,0,0,71.87
,41434,2026-04-01T12:39:46+00:00,6.2,0,0,71.87
,42059,2026-04-01T12:39:46+00:00,6.5,0,0,71.87
,41435,2026-04-01T12:39:46+00:00,6.5,0,0,71.87
,41436,2026-04-01T12:39:46+00:00,6.6,0,0,71.87
,41438,2026-04-01T12:39:46+00:00,6.9,0,0,71.87
,41439,2026-04-01T12:39:46+00:00,6.9,0,0,71.87
,41440,2026-04-01T12:39:46+00:00,7.9,0,0,71.87
,41441,2026-04-01T12:39:50+00:00,7.9,0,0,71.87
,41442,2026-04-01T12:39:50+00:00,8.9,0,0,72.55
,41443,2026-04-01T12:39:50+00:00,8.9,0,0,71.87
,41444,2026-04-01T12:39:50+00:00,9.8,0,0,57.31
,42060,2026-04-01T12:39:50+00:00,9.9,0,0,71.87
,41445,2026-04-01T12:39:50+00:00,9.9,0,0,71.87
,41450,2026-04-01T12:39:50+00:00,10.9,0,0,71.87
,41449,2026-04-01T12:39:50+00:00,10.9,0,0,71.87
,41448,2026-04-01T12:39:50+00:00,10.9,0,0,71.87
,41451,2026-04-01T12:39:50+00:00,10.9,0,0,57.31
,41453,2026-04-01T12:39:50+00:00,11.2,0,0,57.31
,41454,2026-04-01T12:39:50+00:00,11.5,0,0,71.87
,41455,2026-04-01T12:39:50+00:00,12.5,0,0,71.87
,41457,2026-04-01T12:39:50+00:00,12.9,0,0,71.87
,41456,2026-04-01T12:39:50+00:00,12.9,0,0,71.87
,41458,2026-04-01T12:39:50+00:00,13.9,0,0,71.87
,42061,2026-04-01T12:39:50+00:00,13.9,0,0,71.87
,41460,2026-04-01T12:39:50+00:00,14.5,0,0,71.87
,41461,2026-04-01T12:39:50+00:00,14.5,0,0,71.87
,41462,2026-04-01T12:39:50+00:00,14.9,0,0,71.87
,41463,2026-04-01T12:39:50+00:00,14.9,0,0,71.87
,41466,2026-04-01T12:39:50+00:00,15.9,0,0,57.31
,41465,2026-04-01T12:39:53+00:00,15.9,0,0,71.87
,41467,2026-04-01T12:39:53+00:00,15.9,0,0,71.87
,42089,2026-04-01T12:39:53+00:00,15.9,0,0,71.87
,41468,2026-04-01T12:39:53+00:00,16.9,0,0,82.94
,41469,2026-04-01T12:39:53+00:00,17.9,0,0,71.87
,41471,2026-04-01T12:39:53+00:00,17.9,0,0,82.94
,41474,2026-04-01T12:39:53+00:00,17.9,0,0,71.87
,41470,2026-04-01T12:39:53+00:00,17.9,0,0,71.87
,41473,2026-04-01T12:39:53+00:00,17.9,0,0,71.87
,41472,2026-04-01T12:39:53+00:00,17.9,0,0,71.87
,41479,2026-04-01T12:39:53+00:00,19.5,0,0,71.87
,41478,2026-04-01T12:39:53+00:00,19.5,0,0,71.87
,41480,2026-04-01T12:39:53+00:00,19.9,0,0,71.87
,41483,2026-04-01T12:39:53+00:00,19.9,0,0,71.87
,41481,2026-04-01T12:39:53+00:00,19.9,0,0,71.87
,41486,2026-04-01T12:39:53+00:00,22.9,0,0,71.87
,41485,2026-04-01T12:39:53+00:00,22.9,0,0,71.87
,42062,2026-04-01T12:39:53+00:00,24.9,0,0,71.87
,41493,2026-04-01T12:39:56+00:00,25.9,0,0,71.87
,41496,2026-04-01T12:39:56+00:00,26.9,0,0,71.87
,41501,2026-04-01T12:39:56+00:00,27.9,0,0,82.94
,42064,2026-04-01T12:39:56+00:00,29.9,0,0,71.87
,41510,2026-04-01T12:39:56+00:00,31.9,0,0,71.87
,41509,2026-04-01T12:39:56+00:00,31.9,0,0,71.87
,41521,2026-04-01T12:39:56+00:00,35,0,0,71.87
,41535,2026-04-01T12:39:56+00:00,35,0,0,71.87
,41523,2026-04-01T12:39:56+00:00,35,0,0,82.94
,41517,2026-04-01T12:39:59+00:00,35.9,0,0,71.87
,41566,2026-04-01T12:39:59+00:00,39,0,0,71.87
,41530,2026-04-01T12:39:59+00:00,39.9,0,0,71.87
,41529,2026-04-01T12:39:59+00:00,39.9,0,0,71.87
,41531,2026-04-01T12:39:59+00:00,39.9,0,0,57.31
,41546,2026-04-01T12:40:02+00:00,49.9,0,0,71.87
,41589,2026-04-01T12:40:02+00:00,55,0,0,71.87
,41584,2026-04-01T12:40:05+00:00,59,0,0,71.87
,41579,2026-04-01T12:40:08+00:00,59.9,0,0,71.87
,41578,2026-04-01T12:40:08+00:00,59.9,0,0,82.94
,41580,2026-04-01T12:40:08+00:00,59.9,0,0,71.87
,41617,2026-04-01T12:40:11+00:00,75,0,0,82.94
,41933,2026-04-01T12:40:21+00:00,109.9,0,0,71.87
,41934,2026-04-01T12:40:21+00:00,109.9,0,0,71.87
,41677,2026-04-01T12:40:24+00:00,119,0,0,71.87
,41676,2026-04-01T12:40:24+00:00,119,0,0,71.87
,41681,2026-04-01T12:40:24+00:00,119,0,0,71.87
,42077,2026-04-01T12:40:27+00:00,149,0,0,71.87
,41742,2026-04-01T12:40:33+00:00,179,0,0,71.87
,41758,2026-04-01T12:40:36+00:00,199,0,0,71.87
,41746,2026-04-01T12:40:36+00:00,199,0,0,71.87
,41774,2026-04-01T12:40:39+00:00,265,0,0,82.94
,40154,2026-04-01T12:40:58+00:00,32.9,0,0,71.87
,40151,2026-04-01T12:40:58+00:00,32.9,0,0,71.87
,40155,2026-04-01T12:40:58+00:00,35,0,0,71.87
,40153,2026-04-01T12:40:58+00:00,35,0,0,71.87
,40152,2026-04-01T12:40:58+00:00,35,0,0,71.87
,40187,2026-04-01T12:41:02+00:00,43.9,0,0,71.87
,40188,2026-04-01T12:41:02+00:00,43.9,0,0,71.87
,40189,2026-04-01T12:41:02+00:00,43.9,0,0,71.87
,40190,2026-04-01T12:41:02+00:00,44.9,0,0,71.87
,40234,2026-04-01T12:41:44+00:00,59.9,0,0,57.31
,40238,2026-04-01T12:41:44+00:00,69.9,0,0,57.31
,40235,2026-04-01T12:41:44+00:00,69.9,0,0,71.87
,40237,2026-04-01T12:41:44+00:00,69.9,0,0,71.87
,40256,2026-04-01T12:41:50+00:00,199,0,0,71.87
,40304,2026-04-01T12:41:56+00:00,359,0,0,57.31
,40302,2026-04-01T12:41:56+00:00,359,0,0,71.87
,40305,2026-04-01T12:41:56+00:00,359,0,0,57.31
,40301,2026-04-01T12:41:56+00:00,359,0,0,57.31
,40369,2026-04-01T12:42:09+00:00,599,0,0,71.87
,40367,2026-04-01T12:42:12+00:00,599,0,0,71.87
,40581,2026-04-01T12:42:28+00:00,3399,0,0,66.39
,40964,2026-04-01T12:42:46+00:00,1.2,0,0,71.87
,40965,2026-04-01T12:42:46+00:00,2.3,0,0,71.87
,40966,2026-04-01T12:42:46+00:00,2.4,0,0,71.87
,40967,2026-04-01T12:42:46+00:00,2.5,0,0,71.87
,41081,2026-04-01T12:42:46+00:00,2.5,0,0,71.87
,40968,2026-04-01T12:42:46+00:00,2.9,0,0,71.87
,40969,2026-04-01T12:42:46+00:00,2.9,0,0,71.87
,40970,2026-04-01T12:42:46+00:00,3.2,0,0,82.94
,40975,2026-04-01T12:42:46+00:00,3.5,0,0,71.87
,40973,2026-04-01T12:42:46+00:00,3.5,0,0,82.94
,40892,2026-04-01T12:42:46+00:00,3.5,0,0,82.94
,40893,2026-04-01T12:42:46+00:00,3.5,0,0,82.94
,40894,2026-04-01T12:42:46+00:00,3.5,0,0,71.87
,40895,2026-04-01T12:42:46+00:00,3.5,0,0,82.94
,40980,2026-04-01T12:42:46+00:00,3.5,0,0,71.87
,40971,2026-04-01T12:42:46+00:00,3.5,0,0,71.87
,40972,2026-04-01T12:42:46+00:00,3.5,0,0,71.87
,40974,2026-04-01T12:42:46+00:00,3.5,0,0,71.87
,40979,2026-04-01T12:42:46+00:00,3.9,0,0,71.87
,40977,2026-04-01T12:42:46+00:00,3.9,0,0,71.87
,40978,2026-04-01T12:42:46+00:00,3.9,0,0,71.87
,40976,2026-04-01T12:42:46+00:00,3.9,0,0,71.87
,40981,2026-04-01T12:42:50+00:00,4.1,0,0,71.87
,40982,2026-04-01T12:42:50+00:00,4.5,0,0,71.87
,40839,2026-04-01T12:42:50+00:00,4.9,0,0,71.87
,40984,2026-04-01T12:42:50+00:00,4.9,0,0,71.87
,40983,2026-04-01T12:42:50+00:00,4.9,0,0,71.87
,41083,2026-04-01T12:42:50+00:00,4.9,0,0,71.87
,40837,2026-04-01T12:42:50+00:00,4.9,0,0,71.87
,40838,2026-04-01T12:42:50+00:00,4.9,0,0,71.87
,40840,2026-04-01T12:42:50+00:00,4.9,0,0,71.87
,41084,2026-04-01T12:42:50+00:00,4.9,0,0,71.87
,40985,2026-04-01T12:42:50+00:00,5.5,0,0,71.87
,38464,2026-04-01T12:42:50+00:00,5.9,0,0,71.87
,40987,2026-04-01T12:42:50+00:00,5.9,0,0,71.87
,40841,2026-04-01T12:42:50+00:00,5.9,0,0,71.87
,40988,2026-04-01T12:42:50+00:00,6.2,0,0,71.87
,40990,2026-04-01T12:42:50+00:00,6.5,0,0,71.87
,40989,2026-04-01T12:42:50+00:00,6.5,0,0,71.87
,40992,2026-04-01T12:42:50+00:00,6.9,0,0,71.87
,40991,2026-04-01T12:42:50+00:00,6.9,0,0,71.87
,40993,2026-04-01T12:42:50+00:00,7.2,0,0,71.87
,41086,2026-04-01T12:42:53+00:00,7.5,0,0,71.87
,40996,2026-04-01T12:42:53+00:00,7.5,0,0,71.87
,40843,2026-04-01T12:42:53+00:00,7.5,0,0,71.87
,40842,2026-04-01T12:42:53+00:00,7.5,0,0,71.87
,40844,2026-04-01T12:42:53+00:00,7.5,0,0,71.87
,40995,2026-04-01T12:42:53+00:00,7.5,0,0,71.87
,40994,2026-04-01T12:42:53+00:00,7.5,0,0,71.87
,41087,2026-04-01T12:42:53+00:00,7.5,0,0,71.87
,40999,2026-04-01T12:42:53+00:00,7.9,0,0,82.94
,40845,2026-04-01T12:42:53+00:00,7.9,0,0,71.87
,40997,2026-04-01T12:42:53+00:00,7.9,0,0,71.87
,40998,2026-04-01T12:42:53+00:00,7.9,0,0,71.87
,41000,2026-04-01T12:42:53+00:00,8.3,0,0,71.87
,40846,2026-04-01T12:42:53+00:00,8.5,0,0,71.87
,40847,2026-04-01T12:42:53+00:00,8.5,0,0,71.87
,41003,2026-04-01T12:42:53+00:00,8.9,0,0,71.87
,41089,2026-04-01T12:42:53+00:00,8.9,0,0,71.87
,41002,2026-04-01T12:42:53+00:00,8.9,0,0,57.31
,41001,2026-04-01T12:42:53+00:00,8.9,0,0,57.31
,40848,2026-04-01T12:42:53+00:00,8.9,0,0,71.87
,41090,2026-04-01T12:42:53+00:00,9.5,0,0,82.94
,38469,2026-04-01T12:42:57+00:00,9.9,0,0,71.87
,40851,2026-04-01T12:42:57+00:00,9.9,0,0,71.87
,40850,2026-04-01T12:42:57+00:00,9.9,0,0,71.87
,41005,2026-04-01T12:42:57+00:00,9.9,0,0,71.87
,41007,2026-04-01T12:42:57+00:00,9.9,0,0,73.24
,41007,2026-04-01T12:42:57+00:00,10.9,0,0,73.24
,40849,2026-04-01T12:42:57+00:00,9.9,0,0,71.87
,38470,2026-04-01T12:42:57+00:00,10.5,0,0,82.94
,41008,2026-04-01T12:42:57+00:00,10.9,0,0,71.87
,41009,2026-04-01T12:42:57+00:00,10.9,0,0,71.87
,41007,2026-04-01T12:42:57+00:00,9.9,0,0,73.24
,41007,2026-04-01T12:42:57+00:00,10.9,0,0,73.24
,41019,2026-04-01T12:42:57+00:00,11.5,0,0,71.87
,41092,2026-04-01T12:42:57+00:00,11.9,0,0,71.87
,41011,2026-04-01T12:42:57+00:00,11.9,0,0,71.87
,38472,2026-04-01T12:42:57+00:00,11.9,0,0,82.94
,38471,2026-04-01T12:42:57+00:00,11.9,0,0,71.87
,41013,2026-04-01T12:42:57+00:00,12.5,0,0,71.87
,41022,2026-04-01T12:42:57+00:00,12.5,0,0,71.87
,40853,2026-04-01T12:42:57+00:00,12.9,0,0,71.87
,38473,2026-04-01T12:43:00+00:00,13.5,0,0,82.94
,41094,2026-04-01T12:43:00+00:00,13.5,0,0,71.87
,40855,2026-04-01T12:43:00+00:00,13.9,0,0,71.87
,40856,2026-04-01T12:43:00+00:00,13.9,0,0,71.87
,41015,2026-04-01T12:43:00+00:00,13.9,0,0,71.87
,41016,2026-04-01T12:43:00+00:00,13.9,0,0,71.87
,40857,2026-04-01T12:43:00+00:00,13.9,0,0,71.87
,40854,2026-04-01T12:43:00+00:00,13.9,0,0,71.87
,41014,2026-04-01T12:43:00+00:00,13.9,0,0,71.87
,41017,2026-04-01T12:43:00+00:00,13.9,0,0,82.94
,40859,2026-04-01T12:43:00+00:00,14.5,0,0,71.87
,40858,2026-04-01T12:43:00+00:00,14.5,0,0,71.87
,40862,2026-04-01T12:43:00+00:00,14.9,0,0,71.87
,40861,2026-04-01T12:43:00+00:00,14.9,0,0,71.87
,40860,2026-04-01T12:43:00+00:00,14.9,0,0,71.87
,41096,2026-04-01T12:43:00+00:00,15.5,0,0,71.87
,38480,2026-04-01T12:43:00+00:00,15.9,0,0,71.87
,40865,2026-04-01T12:43:00+00:00,15.9,0,0,71.87
,40864,2026-04-01T12:43:03+00:00,15.9,0,0,71.87
,38479,2026-04-01T12:43:03+00:00,15.9,0,0,82.94
,38481,2026-04-01T12:43:03+00:00,15.9,0,0,71.87
,41097,2026-04-01T12:43:03+00:00,15.9,0,0,71.87
,38482,2026-04-01T12:43:03+00:00,15.9,0,0,71.87
,40866,2026-04-01T12:43:03+00:00,15.9,0,0,71.87
,40863,2026-04-01T12:43:03+00:00,15.9,0,0,71.87
,40867,2026-04-01T12:43:03+00:00,16.9,0,0,71.87
,40903,2026-04-01T12:43:03+00:00,16.9,0,0,71.87
,41098,2026-04-01T12:43:03+00:00,17.5,0,0,71.87
,40868,2026-04-01T12:43:03+00:00,17.5,0,0,71.87
,40869,2026-04-01T12:43:03+00:00,17.5,0,0,71.87
,40870,2026-04-01T12:43:03+00:00,17.5,0,0,71.87
,40872,2026-04-01T12:43:03+00:00,17.5,0,0,71.87
,40871,2026-04-01T12:43:03+00:00,17.5,0,0,71.87
,41025,2026-04-01T12:43:03+00:00,17.9,0,0,71.87
,41024,2026-04-01T12:43:03+00:00,17.9,0,0,57.31
,41023,2026-04-01T12:43:03+00:00,18.5,0,0,82.94
,41099,2026-04-01T12:43:03+00:00,18.9,0,0,71.87
,40878,2026-04-01T12:43:06+00:00,19.9,0,0,71.87
,40879,2026-04-01T12:43:06+00:00,19.9,0,0,71.87
,40880,2026-04-01T12:43:06+00:00,19.9,0,0,71.87
,41102,2026-04-01T12:43:06+00:00,19.9,0,0,71.87
,40875,2026-04-01T12:43:06+00:00,19.9,0,0,71.87
,41028,2026-04-01T12:43:06+00:00,19.9,0,0,71.87
,41103,2026-04-01T12:43:06+00:00,19.9,0,0,71.87
,40877,2026-04-01T12:43:06+00:00,19.9,0,0,71.87
,40876,2026-04-01T12:43:06+00:00,19.9,0,0,71.87
,41029,2026-04-01T12:43:06+00:00,19.9,0,0,71.87
,41030,2026-04-01T12:43:06+00:00,20.9,0,0,71.87
,38485,2026-04-01T12:43:06+00:00,21.5,0,0,76.64
,41031,2026-04-01T12:43:06+00:00,22.9,0,0,71.87
,41032,2026-04-01T12:43:06+00:00,24.9,0,0,71.87
,40881,2026-04-01T12:43:09+00:00,24.9,0,0,71.87
,41035,2026-04-01T12:43:09+00:00,27.5,0,0,71.87
,41036,2026-04-01T12:43:09+00:00,27.5,0,0,71.87
,41037,2026-04-01T12:43:09+00:00,27.9,0,0,71.87
,41113,2026-04-01T12:43:09+00:00,28.9,0,0,71.87
,38489,2026-04-01T12:43:12+00:00,29.9,0,0,71.87
,40907,2026-04-01T12:43:12+00:00,37.9,0,0,71.87
,40934,2026-04-01T12:43:12+00:00,39,0,0,71.87
,40932,2026-04-01T12:43:12+00:00,39,0,0,82.94
,40936,2026-04-01T12:43:12+00:00,39,0,0,71.87
,41128,2026-04-01T12:43:18+00:00,65,0,0,71.87
,41062,2026-04-01T12:43:22+00:00,85,0,0,71.87
,40944,2026-04-01T12:43:22+00:00,99,0,0,71.87
,41067,2026-04-01T12:43:25+00:00,109,0,0,71.87
,40952,2026-04-01T12:43:25+00:00,165,0,0,71.87
,41135,2026-04-01T12:43:25+00:00,169,0,0,71.87
,40623,2026-04-01T12:43:36+00:00,23.9,0,0,82.94
,40624,2026-04-01T12:43:36+00:00,23.9,0,0,71.87
,40626,2026-04-01T12:43:36+00:00,23.9,0,0,57.31
,40640,2026-04-01T12:43:36+00:00,79.9,1,0,78.65
,40641,2026-04-01T12:43:36+00:00,79.9,1,0,78.65
,40642,2026-04-01T12:43:39+00:00,79.9,1,0,78.65
,40761,2026-04-01T12:43:51+00:00,249,0,0,71.87
,40795,2026-04-01T12:43:58+00:00,469,0,0,71.87
,40821,2026-04-01T12:44:02+00:00,1599,0,0,66.39
,39136,2026-04-02T09:09:19+00:00,12,0,1,37.59
,39380,2026-04-02T09:09:19+00:00,135,0,1,37.59
,39387,2026-04-02T09:09:19+00:00,149,0,1,37.59
,39383,2026-04-02T09:09:19+00:00,89,0,1,52.49
,38578,2026-04-02T09:09:19+00:00,889,0,1,37.59
,38540,2026-04-02T09:09:19+00:00,359,0,1,37.59
,38988,2026-04-02T09:09:19+00:00,39,0,1,37.59
,38505,2026-04-02T09:09:19+00:00,189,0,1,37.59
,39659,2026-04-02T09:09:19+00:00,535,0,1,24.72
,36544,2026-04-02T09:09:19+00:00,959,0,1,24.72
,36569,2026-04-02T09:09:19+00:00,1079,0,1,37.59
,36573,2026-04-02T09:09:19+00:00,1369,0,1,47.68
,36575,2026-04-02T09:09:19+00:00,1159,0,1,37.59
,36577,2026-04-02T09:09:19+00:00,1185,0,1,37.59
,36578,2026-04-02T09:09:19+00:00,1289,0,1,37.59
,36586,2026-04-02T09:09:19+00:00,1399,0,1,52.49
,36590,2026-04-02T09:09:19+00:00,1439,0,1,37.59
,36594,2026-04-02T09:09:19+00:00,1449,0,1,37.59
,36716,2026-04-02T09:09:19+00:00,1959,0,1,37.59
,36797,2026-04-02T09:09:19+00:00,2259,0,1,37.59
,36798,2026-04-02T09:09:19+00:00,2259,0,1,37.59
,36803,2026-04-02T09:09:19+00:00,2269,0,1,37.59
,36853,2026-04-02T09:09:19+00:00,2395,0,1,37.59
,36919,2026-04-02T09:09:19+00:00,2559,0,1,37.59
,37057,2026-04-02T09:09:19+00:00,3009,0,1,37.59
,37071,2026-04-02T09:09:19+00:00,3059,0,1,37.59
,37105,2026-04-02T09:09:19+00:00,3209,0,1,37.59
,37116,2026-04-02T09:09:19+00:00,3289,0,1,24.72
,37367,2026-04-02T09:09:19+00:00,7499,0,1,52.49
,37430,2026-04-02T09:09:19+00:00,1279,0,1,32.96
,37452,2026-04-02T09:09:19+00:00,1459,0,1,32.96
,37464,2026-04-02T09:09:19+00:00,1539,0,1,32.96
,37447,2026-04-02T09:09:19+00:00,1429,0,1,37.59
,37448,2026-04-02T09:09:19+00:00,1429,0,1,37.59
,37482,2026-04-02T09:09:19+00:00,1705,0,1,32.96
,37504,2026-04-02T09:09:19+00:00,1929,0,1,32.96
,37487,2026-04-02T09:09:19+00:00,1729,0,1,37.59
,37488,2026-04-02T09:09:19+00:00,1729,0,1,37.59
,37526,2026-04-02T09:09:19+00:00,2089,0,1,32.96
,37528,2026-04-02T09:09:19+00:00,2105,0,1,32.96
,37539,2026-04-02T09:09:19+00:00,2219,0,1,32.96
,37550,2026-04-02T09:09:19+00:00,2389,0,1,32.96
,38257,2026-04-02T09:09:19+00:00,699,0,1,32.96
,38284,2026-04-02T09:09:19+00:00,3149,0,1,37.59
,38326,2026-04-02T09:09:19+00:00,319,0,1,52.49
,38387,2026-04-02T09:09:19+00:00,519,0,1,32.96
,38430,2026-04-02T09:09:19+00:00,1499,0,1,32.96
,38476,2026-04-02T09:09:19+00:00,15,0,1,37.59
,38525,2026-04-02T09:09:19+00:00,279,0,1,32.96
,38547,2026-04-02T09:09:19+00:00,419,0,1,32.96
,38519,2026-04-02T09:09:19+00:00,239,0,1,37.59
,38549,2026-04-02T09:09:19+00:00,419,0,1,32.96
,38550,2026-04-02T09:09:19+00:00,419,0,1,32.96
,38548,2026-04-02T09:09:19+00:00,419,0,1,37.59
,38584,2026-04-02T09:09:19+00:00,1249,0,1,37.59
,38589,2026-04-02T09:09:19+00:00,1885,0,1,37.59
,38590,2026-04-02T09:09:19+00:00,1969,0,1,37.59
,38598,2026-04-02T09:09:19+00:00,3489,0,1,37.59
,38628,2026-04-02T09:09:19+00:00,52,0,1,37.59
,38636,2026-04-02T09:09:19+00:00,55,0,1,52.49
,38719,2026-04-02T09:09:19+00:00,125,0,1,32.96
,38737,2026-04-02T09:09:19+00:00,139,0,1,37.59
,38768,2026-04-02T09:09:19+00:00,229,0,1,37.59
,38771,2026-04-02T09:09:19+00:00,259,0,1,37.59
,38772,2026-04-02T09:09:19+00:00,259,0,1,37.59
,38787,2026-04-02T09:09:19+00:00,3,0,1,37.59
,38789,2026-04-02T09:09:19+00:00,3,0,1,37.59
,38791,2026-04-02T09:09:19+00:00,4,0,1,37.59
,38793,2026-04-02T09:09:19+00:00,4,0,1,37.59
,38801,2026-04-02T09:09:19+00:00,4,0,1,37.59
,38814,2026-04-02T09:09:19+00:00,6,0,1,37.59
,38817,2026-04-02T09:09:19+00:00,6,0,1,37.59
,38851,2026-04-02T09:09:19+00:00,379,0,1,37.59
,38879,2026-04-02T09:09:19+00:00,18,0,1,37.59
,38952,2026-04-02T09:09:19+00:00,31,0,1,37.59
,38991,2026-04-02T09:09:19+00:00,39,0,1,37.59
,39086,2026-04-02T09:09:19+00:00,119,0,1,37.59
,39108,2026-04-02T09:09:19+00:00,205,0,1,37.59
,39162,2026-04-02T09:09:19+00:00,45,0,1,37.59
,39169,2026-04-02T09:09:19+00:00,55,0,1,37.59
,39187,2026-04-02T09:09:19+00:00,86,0,1,24.72
,39228,2026-04-02T09:09:19+00:00,229,0,1,37.59
,39233,2026-04-02T09:09:19+00:00,249,0,1,37.59
,39267,2026-04-02T09:09:19+00:00,59,0,1,52.49
,39301,2026-04-02T09:09:19+00:00,179,0,1,37.59
,39453,2026-04-02T09:09:19+00:00,499,0,1,32.96
,39471,2026-04-02T09:09:19+00:00,199,0,1,48.34
,39463,2026-04-02T09:09:19+00:00,5599,0,1,46.39
,39492,2026-04-02T09:09:19+00:00,639,0,1,52.49
,39499,2026-04-02T09:09:19+00:00,799,0,1,52.49
,39515,2026-04-02T09:09:19+00:00,2399,0,1,37.59
,39518,2026-04-02T09:09:19+00:00,189,0,1,37.59
,39520,2026-04-02T09:09:19+00:00,769,0,1,52.49
,39563,2026-04-02T09:09:19+00:00,199,0,1,20.54
,39542,2026-04-02T09:09:19+00:00,3799,0,1,37.59
,39543,2026-04-02T09:09:19+00:00,4499,0,1,37.59
,39551,2026-04-02T09:09:19+00:00,59,0,1,37.59
,39595,2026-04-02T09:09:19+00:00,789,0,1,37.59
,39676,2026-04-02T09:09:19+00:00,79,0,1,37.59
,39686,2026-04-02T09:09:19+00:00,269,0,1,37.59
,39692,2026-04-02T09:09:19+00:00,599,0,1,37.59
,39700,2026-04-02T09:09:19+00:00,26,0,1,52.49
,39704,2026-04-02T09:09:19+00:00,28,0,1,24.72
,39710,2026-04-02T09:09:19+00:00,28,0,1,37.59
,39713,2026-04-02T09:09:19+00:00,29,0,1,37.59
,39721,2026-04-02T09:09:19+00:00,69,0,1,37.59
,39763,2026-04-02T09:09:19+00:00,59,0,1,37.59
,39885,2026-04-02T09:09:19+00:00,79,0,1,37.59
,39797,2026-04-02T09:09:19+00:00,209,0,1,37.59
,39809,2026-04-02T09:09:19+00:00,239,0,1,37.59
,39836,2026-04-02T09:09:19+00:00,499,0,1,37.59
,39861,2026-04-02T09:09:19+00:00,2,0,1,37.59
,39862,2026-04-02T09:09:19+00:00,4,0,1,37.59
,39890,2026-04-02T09:09:19+00:00,99,0,1,37.59
,39938,2026-04-02T09:09:19+00:00,31,0,1,37.59
,39940,2026-04-02T09:09:19+00:00,68,0,1,37.59
,39949,2026-04-02T09:09:19+00:00,639,0,1,37.59
,40019,2026-04-02T09:09:19+00:00,669,0,1,24.72
,40022,2026-04-02T09:09:19+00:00,899,0,1,37.59
,40026,2026-04-02T09:09:19+00:00,1539,0,1,37.59
,40028,2026-04-02T09:09:19+00:00,7,0,1,52.49
,40033,2026-04-02T09:09:19+00:00,11,0,1,24.72
,40050,2026-04-02T09:09:19+00:00,14,0,1,37.59
,40051,2026-04-02T09:09:19+00:00,14,0,1,37.59
,40053,2026-04-02T09:09:19+00:00,14,0,1,52.49
,40058,2026-04-02T09:09:19+00:00,15,0,1,52.49
,40072,2026-04-02T09:09:19+00:00,22,0,1,37.59
,40087,2026-04-02T09:09:19+00:00,55,0,1,37.59
,40088,2026-04-02T09:09:19+00:00,59,0,1,37.59
,40092,2026-04-02T09:09:19+00:00,95,0,1,37.59
,40099,2026-04-02T09:09:19+00:00,169,0,1,37.59
,40103,2026-04-02T09:09:19+00:00,259,0,1,37.59
,40105,2026-04-02T09:09:19+00:00,7,0,1,52.49
,40106,2026-04-02T09:09:19+00:00,8,0,1,52.49
,40125,2026-04-02T09:09:19+00:00,31,0,1,37.59
,40130,2026-04-02T09:09:19+00:00,23,0,1,52.49
,40139,2026-04-02T09:09:19+00:00,55,0,1,37.59
,36552,2026-04-02T09:09:19+00:00,1029,0,1,37.59
,36560,2026-04-02T09:09:19+00:00,1049,0,1,37.59
,36566,2026-04-02T09:09:19+00:00,1069,0,1,37.59
,36568,2026-04-02T09:09:19+00:00,1069,0,1,37.59
,36622,2026-04-02T09:09:19+00:00,1859,0,1,49.41
,36673,2026-04-02T09:09:19+00:00,1995,0,1,49.41
,36656,2026-04-02T09:09:19+00:00,1945,0,1,49.41
,36664,2026-04-02T09:09:19+00:00,2159,0,1,34.75
,36667,2026-04-02T09:09:19+00:00,2159,0,1,34.01
,36676,2026-04-02T09:09:19+00:00,2005,0,1,49.41
,36687,2026-04-02T09:09:19+00:00,2055,0,1,49.41
,36725,2026-04-02T09:09:19+00:00,2359,0,1,49.41
,36734,2026-04-02T09:09:19+00:00,2211,0,1,49.41
,36728,2026-04-02T09:09:19+00:00,2205,0,1,47.68
,36788,2026-04-02T09:09:19+00:00,2375,0,1,49.41
,36793,2026-04-02T09:09:19+00:00,2589,0,1,34.01
,36837,2026-04-02T09:09:19+00:00,2459,0,1,49.41
,36884,2026-04-02T09:09:19+00:00,2809,0,1,49.41
,36892,2026-04-02T09:09:19+00:00,2645,0,1,49.41
,36907,2026-04-02T09:09:19+00:00,2695,0,1,49.41
,36920,2026-04-02T09:09:19+00:00,2659,0,1,49.41
,36971,2026-04-02T09:09:19+00:00,2949,0,1,47.68
,37058,2026-04-02T09:09:19+00:00,3109,0,1,49.41
,37126,2026-04-02T09:09:19+00:00,3679,0,1,47.68
,38788,2026-04-02T09:09:19+00:00,3.9,0,1,46.39
,36607,2026-04-02T09:09:19+00:00,1489,0,1,37.59
,36632,2026-04-02T09:09:19+00:00,1659,0,1,37.59
,36644,2026-04-02T09:09:19+00:00,1699,0,1,37.59
,36651,2026-04-02T09:09:19+00:00,1769,0,1,37.59
,36657,2026-04-02T09:09:19+00:00,1789,0,1,37.59
,36670,2026-04-02T09:09:19+00:00,1819,0,1,37.59
,36702,2026-04-02T09:09:19+00:00,1929,0,1,37.59
,36703,2026-04-02T09:09:19+00:00,1929,0,1,37.59
,36704,2026-04-02T09:09:19+00:00,1929,0,1,37.59
,38853,2026-04-02T09:09:19+00:00,12,0,1,37.59
,36708,2026-04-02T09:09:19+00:00,1945,0,1,41.58
,36719,2026-04-02T09:09:19+00:00,1969,0,1,37.59
,36723,2026-04-02T09:09:19+00:00,1995,0,1,37.59
,36726,2026-04-02T09:09:19+00:00,2019,0,1,37.59
,36727,2026-04-02T09:09:19+00:00,2019,0,1,54
,36735,2026-04-02T09:09:19+00:00,2049,0,1,37.59
,36752,2026-04-02T09:09:19+00:00,2099,0,1,37.59
,36763,2026-04-02T09:09:19+00:00,2129,0,1,37.59
,36764,2026-04-02T09:09:19+00:00,2139,0,1,37.59
,36765,2026-04-02T09:09:19+00:00,2145,0,1,37.59
,36766,2026-04-02T09:09:19+00:00,2145,0,1,56.53
,36767,2026-04-02T09:09:19+00:00,2149,0,1,37.59
,36775,2026-04-02T09:09:19+00:00,2169,0,1,37.59
,36777,2026-04-02T09:09:19+00:00,2175,0,1,37.59
,36786,2026-04-02T09:09:19+00:00,2199,0,1,37.59
,36827,2026-04-02T09:09:19+00:00,2339,0,1,24.72
,36835,2026-04-02T09:09:19+00:00,2359,0,1,37.59
,36836,2026-04-02T09:09:19+00:00,2359,0,1,24.72
,36843,2026-04-02T09:09:19+00:00,2369,0,1,37.59
,36848,2026-04-02T09:09:19+00:00,2389,0,1,37.59
,36849,2026-04-02T09:09:19+00:00,2389,0,1,37.59
,36851,2026-04-02T09:09:19+00:00,2389,0,1,37.59
,36855,2026-04-02T09:09:19+00:00,2399,0,1,37.59
,36865,2026-04-02T09:09:19+00:00,2409,0,1,37.59
,36870,2026-04-02T09:09:19+00:00,2419,0,1,37.59
,36881,2026-04-02T09:09:19+00:00,2455,0,1,47.2
,36886,2026-04-02T09:09:19+00:00,2459,0,1,37.59
,36891,2026-04-02T09:09:19+00:00,2479,0,1,37.59
,36897,2026-04-02T09:09:19+00:00,2499,0,1,52.49
,36904,2026-04-02T09:09:19+00:00,2515,0,1,37.59
,36914,2026-04-02T09:09:19+00:00,2549,0,1,37.59
,36921,2026-04-02T09:09:19+00:00,2559,0,1,37.59
,36938,2026-04-02T09:09:19+00:00,2595,0,1,41.31
,36941,2026-04-02T09:09:19+00:00,2609,0,1,37.59
,36942,2026-04-02T09:09:19+00:00,2609,0,1,37.59
,36944,2026-04-02T09:09:19+00:00,2615,0,1,37.59
,36948,2026-04-02T09:09:19+00:00,2635,0,1,46.8
,36954,2026-04-02T09:09:19+00:00,2649,0,1,37.59
,36963,2026-04-02T09:09:19+00:00,2679,0,1,37.59
,36968,2026-04-02T09:09:19+00:00,2699,0,1,37.59
,36978,2026-04-02T09:09:19+00:00,2739,0,1,37.59
,36981,2026-04-02T09:09:19+00:00,2749,0,1,43.06
,36985,2026-04-02T09:09:19+00:00,2759,0,1,52.49
,36992,2026-04-02T09:09:19+00:00,2789,0,1,24.72
,36995,2026-04-02T09:09:19+00:00,2799,0,1,52.49
,37001,2026-04-02T09:09:19+00:00,2819,0,1,37.59
,37004,2026-04-02T09:09:19+00:00,2829,0,1,37.59
,37008,2026-04-02T09:09:19+00:00,2839,0,1,37.59
,37036,2026-04-02T09:09:19+00:00,2939,0,1,37.59
,37037,2026-04-02T09:09:19+00:00,2939,0,1,24.72
,37041,2026-04-02T09:09:19+00:00,2949,0,1,37.59
,37042,2026-04-02T09:09:19+00:00,2949,0,1,42.89
,37043,2026-04-02T09:09:19+00:00,2949,0,1,37.59
,37074,2026-04-02T09:09:19+00:00,3069,0,1,37.59
,37084,2026-04-02T09:09:19+00:00,3095,0,1,37.59
,37085,2026-04-02T09:09:19+00:00,3097,0,1,41.18
,37099,2026-04-02T09:09:19+00:00,3169,0,1,37.59
,37102,2026-04-02T09:09:19+00:00,3189,0,1,24.72
,37106,2026-04-02T09:09:19+00:00,3229,0,1,37.59
,37122,2026-04-02T09:09:19+00:00,3349,0,1,37.59
,37134,2026-04-02T09:09:19+00:00,3399,0,1,42.58
,37136,2026-04-02T09:09:19+00:00,3415,0,1,24.72
,37139,2026-04-02T09:09:19+00:00,3429,0,1,37.59
,37149,2026-04-02T09:09:19+00:00,3509,0,1,37.59
,37154,2026-04-02T09:09:19+00:00,3569,0,1,37.59
,37172,2026-04-02T09:09:19+00:00,3659,0,1,37.59
,37176,2026-04-02T09:09:19+00:00,3729,0,1,37.59
,37179,2026-04-02T09:09:19+00:00,3769,0,1,37.59
,37181,2026-04-02T09:09:19+00:00,3789,0,1,37.59
,37218,2026-04-02T09:09:19+00:00,4079,0,1,37.59
,37222,2026-04-02T09:09:19+00:00,4119,0,1,37.59
,37229,2026-04-02T09:09:19+00:00,4199,0,1,52.49
,37255,2026-04-02T09:09:19+00:00,4419,0,1,37.59
,37256,2026-04-02T09:09:19+00:00,4419,0,1,37.59
,37267,2026-04-02T09:09:19+00:00,4569,0,1,37.59
,37284,2026-04-02T09:09:19+00:00,4759,0,1,37.59
,37289,2026-04-02T09:09:19+00:00,4795,0,1,37.59
,37290,2026-04-02T09:09:19+00:00,4859,0,1,37.59
,39336,2026-04-02T09:09:19+00:00,49,0,1,37.59
,37295,2026-04-02T09:09:19+00:00,4899,0,1,37.59
,37313,2026-04-02T09:09:19+00:00,5299,0,1,37.59
,37323,2026-04-02T09:09:19+00:00,5599,0,1,54
,37343,2026-04-02T09:09:19+00:00,6359,0,1,37.59
,37352,2026-04-02T09:09:19+00:00,6799,0,1,37.59
,37354,2026-04-02T09:09:19+00:00,6999,0,1,37.59
,37362,2026-04-02T09:09:19+00:00,7199,0,1,41.9
,37363,2026-04-02T09:09:19+00:00,7219,0,1,37.59
,37364,2026-04-02T09:09:19+00:00,7399,0,1,37.59
,37370,2026-04-02T09:09:19+00:00,7659,0,1,37.59
,37371,2026-04-02T09:09:19+00:00,7829,0,1,37.59
,37376,2026-04-02T09:09:19+00:00,7899,0,1,37.59
,37378,2026-04-02T09:09:19+00:00,8199,0,1,24.72
,37381,2026-04-02T09:09:19+00:00,8399,0,1,37.59
,37395,2026-04-02T09:09:19+00:00,13809,0,1,37.59
,37396,2026-04-02T09:09:19+00:00,14619,0,1,37.59
,37419,2026-04-02T09:09:19+00:00,1119,0,1,37.59
,37425,2026-04-02T09:09:19+00:00,1229,0,1,52.49
,37426,2026-04-02T09:09:19+00:00,1229,0,1,37.59
,37428,2026-04-02T09:09:19+00:00,1279,0,1,37.59
,37429,2026-04-02T09:09:19+00:00,1279,0,1,24.72
,37431,2026-04-02T09:09:19+00:00,1289,0,1,37.59
,37435,2026-04-02T09:09:19+00:00,1319,0,1,52.49
,37436,2026-04-02T09:09:19+00:00,1319,0,1,37.59
,37438,2026-04-02T09:09:19+00:00,1339,0,1,37.59
,37442,2026-04-02T09:09:19+00:00,1359,0,1,37.59
,37444,2026-04-02T09:09:19+00:00,1399,0,1,37.59
,37446,2026-04-02T09:09:19+00:00,1419,0,1,52.49
,37450,2026-04-02T09:09:19+00:00,1439,0,1,37.59
,37454,2026-04-02T09:09:19+00:00,1469,0,1,37.59
,37455,2026-04-02T09:09:19+00:00,1479,0,1,37.59
,39386,2026-04-02T09:09:19+00:00,119,0,1,37.59
,37456,2026-04-02T09:09:19+00:00,1489,0,1,37.59
,37457,2026-04-02T09:09:19+00:00,1489,0,1,37.59
,37459,2026-04-02T09:09:19+00:00,1519,0,1,37.59
,37460,2026-04-02T09:09:19+00:00,1529,0,1,37.59
,37463,2026-04-02T09:09:19+00:00,1539,0,1,37.59
,37467,2026-04-02T09:09:19+00:00,1559,0,1,37.59
,37468,2026-04-02T09:09:19+00:00,1579,0,1,37.59
,37469,2026-04-02T09:09:19+00:00,1579,0,1,37.59
,37470,2026-04-02T09:09:19+00:00,1589,0,1,24.72
,37472,2026-04-02T09:09:19+00:00,1599,0,1,37.59
,37474,2026-04-02T09:09:19+00:00,1635,0,1,37.59
,37475,2026-04-02T09:09:19+00:00,1639,0,1,37.59
,37478,2026-04-02T09:09:19+00:00,1679,0,1,37.59
,37480,2026-04-02T09:09:19+00:00,1689,0,1,37.59
,37481,2026-04-02T09:09:19+00:00,1699,0,1,52.49
,37490,2026-04-02T09:09:19+00:00,1789,0,1,37.59
,37491,2026-04-02T09:09:19+00:00,1789,0,1,37.59
,37492,2026-04-02T09:09:19+00:00,1795,0,1,37.59
,37494,2026-04-02T09:09:19+00:00,1819,0,1,37.59
,37496,2026-04-02T09:09:19+00:00,1849,0,1,37.59
,37498,2026-04-02T09:09:19+00:00,1865,0,1,42.51
,37499,2026-04-02T09:09:19+00:00,1899,0,1,37.59
,37503,2026-04-02T09:09:19+00:00,1929,0,1,37.59
,37505,2026-04-02T09:09:19+00:00,1929,0,1,37.59
,37506,2026-04-02T09:09:19+00:00,1929,0,1,37.59
,37513,2026-04-02T09:09:19+00:00,1979,0,1,37.59
,37514,2026-04-02T09:09:19+00:00,1979,0,1,37.59
,37515,2026-04-02T09:09:19+00:00,1979,0,1,37.59
,37516,2026-04-02T09:09:19+00:00,1989,0,1,24.72
,37517,2026-04-02T09:09:19+00:00,2009,0,1,37.59
,37518,2026-04-02T09:09:19+00:00,2019,0,1,37.59
,37522,2026-04-02T09:09:19+00:00,2039,0,1,37.59
,37527,2026-04-02T09:09:19+00:00,2099,0,1,37.59
,37530,2026-04-02T09:09:19+00:00,2119,0,1,37.59
,37531,2026-04-02T09:09:19+00:00,2129,0,1,37.59
,37533,2026-04-02T09:09:19+00:00,2139,0,1,37.59
,37536,2026-04-02T09:09:19+00:00,2149,0,1,37.59
,37537,2026-04-02T09:09:19+00:00,2189,0,1,37.59
,37543,2026-04-02T09:09:19+00:00,2279,0,1,37.59
,37544,2026-04-02T09:09:19+00:00,2289,0,1,37.59
,37548,2026-04-02T09:09:19+00:00,2369,0,1,37.59
,37549,2026-04-02T09:09:19+00:00,2389,0,1,42.08
,37551,2026-04-02T09:09:19+00:00,2399,0,1,37.59
,37552,2026-04-02T09:09:19+00:00,2399,0,1,37.59
,37556,2026-04-02T09:09:19+00:00,2429,0,1,37.59
,37560,2026-04-02T09:09:19+00:00,2479,0,1,37.59
,37561,2026-04-02T09:09:19+00:00,2479,0,1,37.59
,37564,2026-04-02T09:09:19+00:00,2529,0,1,37.59
,37565,2026-04-02T09:09:19+00:00,2529,0,1,37.59
,37566,2026-04-02T09:09:19+00:00,2539,0,1,37.59
,37568,2026-04-02T09:09:19+00:00,2569,0,1,37.59
,37571,2026-04-02T09:09:19+00:00,2589,0,1,37.59
,37572,2026-04-02T09:09:19+00:00,2589,0,1,37.59
,37577,2026-04-02T09:09:19+00:00,2649,0,1,37.59
,37579,2026-04-02T09:09:19+00:00,2689,0,1,37.59
,37580,2026-04-02T09:09:19+00:00,2699,0,1,37.59
,37581,2026-04-02T09:09:19+00:00,2739,0,1,37.59
,37585,2026-04-02T09:09:19+00:00,2779,0,1,37.59
,37589,2026-04-02T09:09:19+00:00,2839,0,1,37.59
,37590,2026-04-02T09:09:19+00:00,2849,0,1,37.59
,37593,2026-04-02T09:09:19+00:00,2949,0,1,37.59
,37600,2026-04-02T09:09:19+00:00,3079,0,1,37.59
,37632,2026-04-02T09:09:19+00:00,6239,0,1,37.59
,37636,2026-04-02T09:09:19+00:00,7419,0,1,37.59
,37659,2026-04-02T09:09:19+00:00,1499,0,1,37.59
,37678,2026-04-02T09:09:19+00:00,1699,0,1,37.59
,37682,2026-04-02T09:09:19+00:00,1749,0,1,37.59
,37695,2026-04-02T09:09:19+00:00,1849,0,1,37.59
,37736,2026-04-02T09:09:19+00:00,2129,0,1,37.59
,37739,2026-04-02T09:09:19+00:00,2159,0,1,37.59
,37762,2026-04-02T09:09:19+00:00,2299,0,1,37.59
,37843,2026-04-02T09:09:19+00:00,2699,0,1,37.59
,37845,2026-04-02T09:09:19+00:00,2699,0,1,37.59
,37859,2026-04-02T09:09:19+00:00,2799,0,1,37.59
,37891,2026-04-02T09:09:19+00:00,2949,0,1,37.59
,37895,2026-04-02T09:09:19+00:00,2979,0,1,37.59
,37916,2026-04-02T09:09:19+00:00,3059,0,1,37.59
,37927,2026-04-02T09:09:19+00:00,3099,0,1,37.59
,37951,2026-04-02T09:09:19+00:00,3199,0,1,37.59
,37952,2026-04-02T09:09:19+00:00,3199,0,1,37.59
,37973,2026-04-02T09:09:19+00:00,3349,0,1,37.59
,37992,2026-04-02T09:09:19+00:00,3459,0,1,37.59
,38001,2026-04-02T09:09:19+00:00,3549,0,1,37.59
,38003,2026-04-02T09:09:19+00:00,3569,0,1,37.59
,38011,2026-04-02T09:09:19+00:00,3599,0,1,37.59
,38026,2026-04-02T09:09:19+00:00,3759,0,1,37.59
,38104,2026-04-02T09:09:19+00:00,4659,0,1,37.59
,38142,2026-04-02T09:09:19+00:00,5479,0,1,37.59
,38241,2026-04-02T09:09:19+00:00,11599,0,1,37.59
,38247,2026-04-02T09:09:19+00:00,13499,0,1,37.59
,38248,2026-04-02T09:09:19+00:00,14199,0,1,37.59
,38249,2026-04-02T09:09:19+00:00,14299,0,1,37.59
,38250,2026-04-02T09:09:19+00:00,14999,0,1,37.59
,38251,2026-04-02T09:09:19+00:00,15799,0,1,37.59
,38252,2026-04-02T09:09:19+00:00,15799,0,1,37.59
,38253,2026-04-02T09:09:19+00:00,15999,0,1,37.59
,38254,2026-04-02T09:09:19+00:00,18199,0,1,37.59
,38255,2026-04-02T09:09:19+00:00,19699,0,1,37.59
,38265,2026-04-02T09:09:19+00:00,2045,0,1,37.59
,38266,2026-04-02T09:09:19+00:00,2069,0,1,37.59
,38267,2026-04-02T09:09:19+00:00,2259,0,1,37.59
,38270,2026-04-02T09:09:19+00:00,2479,0,1,24.72
,38276,2026-04-02T09:09:19+00:00,2779,0,1,37.59
,38278,2026-04-02T09:09:19+00:00,2929,0,1,37.59
,38279,2026-04-02T09:09:19+00:00,2949,0,1,37.59
,38281,2026-04-02T09:09:19+00:00,2989,0,1,37.59
,38282,2026-04-02T09:09:19+00:00,3029,0,1,41.47
,38285,2026-04-02T09:09:19+00:00,3249,0,1,24.72
,38286,2026-04-02T09:09:19+00:00,3289,0,1,37.59
,38288,2026-04-02T09:09:19+00:00,3399,0,1,37.59
,38291,2026-04-02T09:09:19+00:00,3549,0,1,37.59
,38292,2026-04-02T09:09:19+00:00,3599,0,1,37.59
,38293,2026-04-02T09:09:19+00:00,3849,0,1,37.59
,38294,2026-04-02T09:09:19+00:00,3899,0,1,37.59
,38295,2026-04-02T09:09:19+00:00,3999,0,1,37.59
,38296,2026-04-02T09:09:19+00:00,4049,0,1,37.59
,38297,2026-04-02T09:09:19+00:00,165,0,1,54
,38298,2026-04-02T09:09:19+00:00,199,0,1,37.59
,38299,2026-04-02T09:09:19+00:00,209,0,1,37.59
,38300,2026-04-02T09:09:19+00:00,209,0,1,52.49
,38301,2026-04-02T09:09:19+00:00,229,0,1,37.59
,38302,2026-04-02T09:09:19+00:00,239,0,1,37.59
,38303,2026-04-02T09:09:19+00:00,239,0,1,37.59
,38305,2026-04-02T09:09:19+00:00,249,0,1,37.59
,38311,2026-04-02T09:09:19+00:00,279,0,1,37.59
,38312,2026-04-02T09:09:19+00:00,285,0,1,37.59
,38313,2026-04-02T09:09:19+00:00,289,0,1,52.49
,38320,2026-04-02T09:09:19+00:00,319,0,1,37.59
,38327,2026-04-02T09:09:19+00:00,329,0,1,37.59
,38329,2026-04-02T09:09:19+00:00,329,0,1,52.49
,38335,2026-04-02T09:09:19+00:00,339,0,1,52.49
,38338,2026-04-02T09:09:19+00:00,349,0,1,37.59
,38340,2026-04-02T09:09:19+00:00,349,0,1,37.59
,38343,2026-04-02T09:09:19+00:00,379,0,1,37.59
,38350,2026-04-02T09:09:19+00:00,399,0,1,37.59
,38359,2026-04-02T09:09:19+00:00,409,0,1,37.59
,38360,2026-04-02T09:09:19+00:00,409,0,1,37.59
,38364,2026-04-02T09:09:19+00:00,439,0,1,52.49
,38366,2026-04-02T09:09:19+00:00,449,0,1,37.59
,38367,2026-04-02T09:09:19+00:00,449,0,1,37.59
,38370,2026-04-02T09:09:19+00:00,459,0,1,37.59
,38373,2026-04-02T09:09:19+00:00,469,0,1,37.59
,38375,2026-04-02T09:09:19+00:00,469,0,1,54
,38381,2026-04-02T09:09:19+00:00,499,0,1,37.59
,38388,2026-04-02T09:09:19+00:00,519,0,1,37.59
,38390,2026-04-02T09:09:19+00:00,549,0,1,52.49
,38392,2026-04-02T09:09:19+00:00,569,0,1,37.59
,38396,2026-04-02T09:09:19+00:00,599,0,1,52.49
,38398,2026-04-02T09:09:19+00:00,609,0,1,37.59
,38404,2026-04-02T09:09:19+00:00,629,0,1,37.59
,38406,2026-04-02T09:09:19+00:00,649,0,1,37.59
,38407,2026-04-02T09:09:19+00:00,659,0,1,37.59
,38413,2026-04-02T09:09:19+00:00,719,0,1,37.59
,38415,2026-04-02T09:09:19+00:00,769,0,1,37.59
,38417,2026-04-02T09:09:19+00:00,789,0,1,37.59
,38422,2026-04-02T09:09:19+00:00,1059,0,1,37.59
,38425,2026-04-02T09:09:19+00:00,1249,0,1,37.59
,38429,2026-04-02T09:09:19+00:00,1499,0,1,37.59
,38434,2026-04-02T09:09:19+00:00,1769,0,1,37.59
,38440,2026-04-02T09:09:19+00:00,4119,0,1,37.59
,38445,2026-04-02T09:09:19+00:00,5179,0,1,37.59
,38450,2026-04-02T09:09:19+00:00,6059,0,1,37.59
,38454,2026-04-02T09:09:19+00:00,6829,0,1,37.59
,38495,2026-04-02T09:09:19+00:00,53,0,1,37.59
,38507,2026-04-02T09:09:19+00:00,199,0,1,37.59
,38508,2026-04-02T09:09:19+00:00,239,0,1,37.59
,38523,2026-04-02T09:09:19+00:00,269,0,1,37.59
,38526,2026-04-02T09:09:19+00:00,289,0,1,37.59
,38527,2026-04-02T09:09:19+00:00,289,0,1,37.59
,38535,2026-04-02T09:09:19+00:00,335,0,1,37.59
,38536,2026-04-02T09:09:19+00:00,335,0,1,37.59
,38537,2026-04-02T09:09:19+00:00,335,0,1,37.59
,38545,2026-04-02T09:09:19+00:00,409,0,1,37.59
,38600,2026-04-02T09:09:19+00:00,3489,0,1,37.59
,38603,2026-04-02T09:09:19+00:00,4259,0,1,37.59
,38611,2026-04-02T09:09:19+00:00,16,0,1,52.49
,38637,2026-04-02T09:09:19+00:00,55,0,1,37.59
,38639,2026-04-02T09:09:19+00:00,55,0,1,37.59
,38643,2026-04-02T09:09:19+00:00,55,0,1,37.59
,38702,2026-04-02T09:09:19+00:00,95,0,1,37.59
,38776,2026-04-02T09:09:19+00:00,329,0,1,37.59
,38783,2026-04-02T09:09:19+00:00,3,0,1,37.59
,38784,2026-04-02T09:09:19+00:00,3,0,1,37.59
,39112,2026-04-02T09:09:19+00:00,229,0,1,37.59
,39115,2026-04-02T09:09:19+00:00,269,0,1,37.59
,39122,2026-04-02T09:09:19+00:00,359,0,1,46.88
,39123,2026-04-02T09:09:19+00:00,369,0,1,37.59
,39125,2026-04-02T09:09:19+00:00,399,0,1,37.59
,39130,2026-04-02T09:09:19+00:00,7,0,1,37.59
,39131,2026-04-02T09:09:19+00:00,8,0,1,37.59
,39134,2026-04-02T09:09:19+00:00,9,0,1,37.59
,39143,2026-04-02T09:09:19+00:00,19,0,1,37.59
,39193,2026-04-02T09:09:19+00:00,99,0,1,37.59
,39194,2026-04-02T09:09:19+00:00,99,0,1,37.59
,39200,2026-04-02T09:09:19+00:00,107,0,1,37.59
,39207,2026-04-02T09:09:19+00:00,119,0,1,37.59
,39216,2026-04-02T09:09:19+00:00,159,0,1,37.59
,39238,2026-04-02T09:09:19+00:00,279,0,1,37.59
,39239,2026-04-02T09:09:19+00:00,289,0,1,37.59
,39295,2026-04-02T09:09:19+00:00,119,0,1,37.59
,39305,2026-04-02T09:09:19+00:00,199,0,1,37.59
,39332,2026-04-02T09:09:19+00:00,49,0,1,37.59
,39394,2026-04-02T09:09:19+00:00,252,0,1,37.59
,39395,2026-04-02T09:09:19+00:00,299,0,1,37.59
,39418,2026-04-02T09:09:19+00:00,129,0,1,37.59
,39421,2026-04-02T09:09:19+00:00,159,0,1,37.59
,39441,2026-04-02T09:09:19+00:00,409,0,1,37.59
,39547,2026-04-02T09:09:19+00:00,15999,0,1,37.59
,39561,2026-04-02T09:09:19+00:00,195,0,1,37.59
,39621,2026-04-02T09:09:19+00:00,189,0,1,37.59
,39683,2026-04-02T09:09:19+00:00,159,0,1,24.72
,39727,2026-04-02T09:09:19+00:00,119,0,1,37.59
,39728,2026-04-02T09:09:19+00:00,175,0,1,37.59
,39735,2026-04-02T09:09:19+00:00,215,0,1,37.59
,39950,2026-04-02T09:09:19+00:00,699,0,1,37.59
,39967,2026-04-02T09:09:19+00:00,239,0,1,37.59
,39973,2026-04-02T09:09:19+00:00,295,0,1,24.72
,39974,2026-04-02T09:09:19+00:00,299,0,1,37.59
,39975,2026-04-02T09:09:19+00:00,329,0,1,37.59
,39989,2026-04-02T09:09:19+00:00,599,0,1,37.59
,40008,2026-04-02T09:09:19+00:00,369,0,1,37.59
,40109,2026-04-02T09:09:19+00:00,19,0,1,24.72
,40110,2026-04-02T09:09:19+00:00,30,0,1,37.59
,40113,2026-04-02T09:09:19+00:00,37,0,1,37.59
,40116,2026-04-02T09:09:19+00:00,73,0,1,37.59
,40120,2026-04-02T09:09:19+00:00,222,0,1,37.59
,40123,2026-04-02T09:09:19+00:00,28,0,1,37.59
,40124,2026-04-02T09:09:19+00:00,30,0,1,37.59
,40148,2026-04-02T09:09:19+00:00,99,0,1,37.59
,40963,2026-04-02T09:09:19+00:00,469,0,1,37.59
,41082,2026-04-02T09:09:19+00:00,4,0,1,52.49
,36668,2026-04-02T09:09:19+00:00,1999,0,1,47.68
,36680,2026-04-02T09:09:19+00:00,2209,0,1,34.01
,36731,2026-04-02T09:09:19+00:00,2373,0,1,47.68
,36823,2026-04-02T09:09:19+00:00,2429,0,1,47.68
,37643,2026-04-02T09:09:19+00:00,1119,0,1,47.68
,37649,2026-04-02T09:09:19+00:00,1319,0,1,47.68
,37653,2026-04-02T09:09:19+00:00,1399,0,1,47.68
,37657,2026-04-02T09:09:19+00:00,1469,0,1,47.68
,37665,2026-04-02T09:09:19+00:00,1569,0,1,47.68
,37666,2026-04-02T09:09:19+00:00,1589,0,1,47.68
,37668,2026-04-02T09:09:19+00:00,1599,0,1,47.68
,37674,2026-04-02T09:09:19+00:00,1679,0,1,47.68
,36576,2026-04-02T12:59:14+00:00,1285,0,0,78.65
,36653,2026-04-02T12:59:27+00:00,2099,0,0,66.72
,36740,2026-04-02T12:59:37+00:00,2299,0,0,78.63
,36791,2026-04-02T12:59:40+00:00,2355,0,0,72.6
,36805,2026-04-02T12:59:40+00:00,2399,0,0,72.6
,36782,2026-04-02T12:59:43+00:00,2399,0,0,72.6
,36794,2026-04-02T12:59:43+00:00,2449,0,0,72.6
,36821,2026-04-02T12:59:43+00:00,2449,0,0,72.6
,36749,2026-04-02T12:59:47+00:00,2479,0,0,78.5
,36783,2026-04-02T12:59:47+00:00,2499,0,0,78.05
,36878,2026-04-02T12:59:50+00:00,2555,0,0,78.33
,36895,2026-04-02T12:59:50+00:00,2599,0,0,78.34
,36910,2026-04-02T12:59:54+00:00,2649,0,0,78.35
,36840,2026-04-02T12:59:54+00:00,2719,0,0,78.53
,36872,2026-04-02T12:59:57+00:00,2749,0,0,78.65
,36866,2026-04-02T12:59:57+00:00,2769,0,0,72.6
,36888,2026-04-02T13:00:00+00:00,2799,0,0,78.65
,36939,2026-04-02T13:00:07+00:00,2969,0,0,78.17
,36957,2026-04-02T13:00:10+00:00,3075,0,0,78.4
,36970,2026-04-02T13:00:10+00:00,3119,0,0,78.41
,36982,2026-04-02T13:00:14+00:00,3169,0,0,78.41
,37086,2026-04-02T13:00:24+00:00,3409,0,0,78.24
,37049,2026-04-02T13:00:28+00:00,3689,0,0,78.46
,37061,2026-04-02T13:00:28+00:00,3739,0,0,78.46
,37032,2026-04-02T13:00:31+00:00,3795,0,0,78.46
,38354,2026-04-02T13:01:14+00:00,399,0,0,69.55
,37412,2026-04-02T13:01:24+00:00,899,0,0,72.6
,37508,2026-04-02T13:01:44+00:00,1949,0,0,72.6
,37535,2026-04-02T13:01:53+00:00,2169,0,0,72.6
,37554,2026-04-02T13:02:00+00:00,2459,0,0,72.6
,39679,2026-04-02T13:03:45+00:00,139,0,0,72.6
,39682,2026-04-02T13:03:45+00:00,155,0,0,58.2
,39685,2026-04-02T13:03:55+00:00,219,0,0,72.6
,39689,2026-04-02T13:04:04+00:00,369,0,0,72.6
,39696,2026-04-02T13:04:23+00:00,799,0,0,72.6
,39697,2026-04-02T13:04:27+00:00,1099,0,0,72.6
,38992,2026-04-02T13:05:41+00:00,42,0,0,72.6
,39167,2026-04-02T13:05:56+00:00,51,0,0,72.6
,39192,2026-04-02T13:06:38+00:00,99,0,0,72.6
,39240,2026-04-02T13:07:20+00:00,295,0,0,72.6
,46216,2026-04-18T22:51:35+00:00,1459,0,0,87.33
,46203,2026-04-18T22:51:40+00:00,1749,0,0,92.91
,46208,2026-04-18T22:51:40+00:00,1969,0,0,87.33
,46219,2026-04-18T22:51:40+00:00,2029,0,0,78.36
,46217,2026-04-18T22:51:44+00:00,2169,0,0,87.33
,46227,2026-04-18T22:51:44+00:00,2235,0,0,78.36
,39136,2026-04-21T19:36:54+00:00,12,0,1,37.59
,39380,2026-04-21T19:36:54+00:00,135,0,1,37.59
,39387,2026-04-21T19:36:54+00:00,149,0,1,37.59
,39383,2026-04-21T19:36:54+00:00,89,0,1,52.49
,38540,2026-04-21T19:36:54+00:00,359,0,1,37.59
,38988,2026-04-21T19:36:54+00:00,39,0,1,37.59
,38987,2026-04-21T19:36:54+00:00,39,0,1,62.07
,38505,2026-04-21T19:36:54+00:00,189,0,1,37.59
,39659,2026-04-21T19:36:54+00:00,535,0,1,24.72
,36586,2026-04-21T19:36:54+00:00,1399,0,1,52.49
,36590,2026-04-21T19:36:54+00:00,1439,0,1,37.59
,36594,2026-04-21T19:36:54+00:00,1449,0,1,37.59
,36751,2026-04-21T19:36:54+00:00,2099,0,1,62.07
,36782,2026-04-21T19:36:54+00:00,2399,0,1,72.6
,36794,2026-04-21T19:36:54+00:00,2449,0,1,72.6
,36716,2026-04-21T19:36:54+00:00,1959,0,1,37.59
,36813,2026-04-21T19:36:54+00:00,2299,0,1,62.07
,36830,2026-04-21T19:36:54+00:00,2349,0,1,45.32
,36850,2026-04-21T19:36:54+00:00,2389,0,1,62.07
,36797,2026-04-21T19:36:54+00:00,2259,0,1,37.59
,36798,2026-04-21T19:36:54+00:00,2259,0,1,37.59
,36803,2026-04-21T19:36:54+00:00,2269,0,1,37.59
,36853,2026-04-21T19:36:54+00:00,2395,0,1,37.59
,36955,2026-04-21T19:36:54+00:00,2649,0,1,62.07
,36980,2026-04-21T19:36:54+00:00,2749,0,1,62.07
,36919,2026-04-21T19:36:54+00:00,2559,0,1,37.59
,36999,2026-04-21T19:36:54+00:00,2809,0,1,45.32
,37039,2026-04-21T19:36:54+00:00,2939,0,1,62.07
,37089,2026-04-21T19:36:54+00:00,3119,0,1,62.07
,37110,2026-04-21T19:36:54+00:00,3249,0,1,62.07
,37057,2026-04-21T19:36:54+00:00,3009,0,1,37.59
,37071,2026-04-21T19:36:54+00:00,3059,0,1,37.59
,37105,2026-04-21T19:36:54+00:00,3209,0,1,37.59
,37117,2026-04-21T19:36:54+00:00,3299,0,1,68.96
,37157,2026-04-21T19:36:54+00:00,3589,0,1,62.07
,37116,2026-04-21T19:36:54+00:00,3289,0,1,24.72
,37182,2026-04-21T19:36:54+00:00,3789,0,1,62.07
,37198,2026-04-21T19:36:54+00:00,3899,0,1,66.58
,37201,2026-04-21T19:36:54+00:00,3939,0,1,62.07
,37203,2026-04-21T19:36:54+00:00,3955,0,1,62.07
,37225,2026-04-21T19:36:54+00:00,4129,0,1,62.07
,37231,2026-04-21T19:36:54+00:00,4239,0,1,62.07
,37243,2026-04-21T19:36:54+00:00,4299,0,1,68.17
,37252,2026-04-21T19:36:54+00:00,4399,0,1,66.43
,37258,2026-04-21T19:36:54+00:00,4469,0,1,62.07
,37264,2026-04-21T19:36:54+00:00,4519,0,1,62.07
,37270,2026-04-21T19:36:54+00:00,4629,0,1,62.07
,37274,2026-04-21T19:36:54+00:00,4669,0,1,62.07
,37281,2026-04-21T19:36:54+00:00,4719,0,1,62.07
,37296,2026-04-21T19:36:54+00:00,4899,0,1,66.31
,37339,2026-04-21T19:36:54+00:00,6199,0,1,62.07
,37342,2026-04-21T19:36:54+00:00,6239,0,1,62.07
,37346,2026-04-21T19:36:54+00:00,6589,0,1,62.07
,37355,2026-04-21T19:36:54+00:00,7009,0,1,62.07
,37365,2026-04-21T19:36:54+00:00,7399,0,1,62.07
,37383,2026-04-21T19:36:54+00:00,8669,0,1,62.07
,37384,2026-04-21T19:36:54+00:00,8669,0,1,62.07
,37402,2026-04-21T19:36:54+00:00,679,0,1,62.07
,37405,2026-04-21T19:36:54+00:00,759,0,1,62.07
,37406,2026-04-21T19:36:54+00:00,799,0,1,62.07
,37407,2026-04-21T19:36:54+00:00,829,0,1,45.32
,37367,2026-04-21T19:36:54+00:00,7499,0,1,52.49
,37414,2026-04-21T19:36:54+00:00,999,0,1,62.07
,37416,2026-04-21T19:36:54+00:00,1059,0,1,62.07
,37417,2026-04-21T19:36:54+00:00,1079,0,1,62.07
,37421,2026-04-21T19:36:54+00:00,1119,0,1,62.07
,37432,2026-04-21T19:36:54+00:00,1295,0,1,62.07
,37430,2026-04-21T19:36:54+00:00,1279,0,1,32.96
,37462,2026-04-21T19:36:54+00:00,1529,0,1,62.07
,37452,2026-04-21T19:36:54+00:00,1459,0,1,32.96
,37464,2026-04-21T19:36:54+00:00,1539,0,1,32.96
,37447,2026-04-21T19:36:54+00:00,1429,0,1,37.59
,37448,2026-04-21T19:36:54+00:00,1429,0,1,37.59
,37484,2026-04-21T19:36:54+00:00,1719,0,1,62.07
,37502,2026-04-21T19:36:54+00:00,1909,0,1,62.07
,37508,2026-04-21T19:36:54+00:00,1949,0,1,72.6
,37482,2026-04-21T19:36:54+00:00,1705,0,1,32.96
,37504,2026-04-21T19:36:54+00:00,1929,0,1,32.96
,37487,2026-04-21T19:36:54+00:00,1729,0,1,37.59
,37488,2026-04-21T19:36:54+00:00,1729,0,1,37.59
,37535,2026-04-21T19:36:54+00:00,2169,0,1,72.6
,37526,2026-04-21T19:36:54+00:00,2089,0,1,32.96
,37528,2026-04-21T19:36:54+00:00,2105,0,1,32.96
,37539,2026-04-21T19:36:54+00:00,2219,0,1,32.96
,37550,2026-04-21T19:36:54+00:00,2389,0,1,32.96
,37582,2026-04-21T19:36:54+00:00,2769,0,1,62.07
,37554,2026-04-21T19:36:54+00:00,2459,0,1,72.6
,37599,2026-04-21T19:36:54+00:00,3069,0,1,62.07
,37603,2026-04-21T19:36:54+00:00,3219,0,1,62.07
,37638,2026-04-21T19:36:54+00:00,9399,0,1,62.07
,37644,2026-04-21T19:36:54+00:00,1149,0,1,62.07
,37645,2026-04-21T19:36:54+00:00,1219,0,1,62.07
,37646,2026-04-21T19:36:54+00:00,1239,0,1,62.07
,37651,2026-04-21T19:36:54+00:00,1359,0,1,62.07
,37656,2026-04-21T19:36:54+00:00,1449,0,1,62.07
,37658,2026-04-21T19:36:54+00:00,1469,0,1,62.07
,37660,2026-04-21T19:36:54+00:00,1499,0,1,62.07
,37662,2026-04-21T19:36:54+00:00,1529,0,1,62.07
,37663,2026-04-21T19:36:54+00:00,1539,0,1,62.07
,37664,2026-04-21T19:36:54+00:00,1539,0,1,62.07
,37667,2026-04-21T19:36:54+00:00,1579,0,1,62.07
,37670,2026-04-21T19:36:54+00:00,1629,0,1,62.07
,37671,2026-04-21T19:36:54+00:00,1639,0,1,62.07
,37672,2026-04-21T19:36:54+00:00,1639,0,1,62.07
,37673,2026-04-21T19:36:54+00:00,1649,0,1,62.07
,37675,2026-04-21T19:36:54+00:00,1669,0,1,62.07
,37679,2026-04-21T19:36:54+00:00,1699,0,1,62.07
,37683,2026-04-21T19:36:54+00:00,1749,0,1,62.07
,37684,2026-04-21T19:36:54+00:00,1759,0,1,62.07
,37685,2026-04-21T19:36:54+00:00,1759,0,1,62.07
,37687,2026-04-21T19:36:54+00:00,1779,0,1,62.07
,37688,2026-04-21T19:36:54+00:00,1799,0,1,62.07
,37689,2026-04-21T19:36:54+00:00,1799,0,1,62.07
,37690,2026-04-21T19:36:54+00:00,1819,0,1,62.07
,37691,2026-04-21T19:36:54+00:00,1819,0,1,62.07
,37692,2026-04-21T19:36:54+00:00,1829,0,1,62.07
,37693,2026-04-21T19:36:54+00:00,1839,0,1,62.07
,37694,2026-04-21T19:36:54+00:00,1849,0,1,62.07
,37696,2026-04-21T19:36:54+00:00,1859,0,1,62.07
,37698,2026-04-21T19:36:54+00:00,1869,0,1,62.07
,37699,2026-04-21T19:36:54+00:00,1869,0,1,62.07
,37700,2026-04-21T19:36:54+00:00,1889,0,1,62.07
,37701,2026-04-21T19:36:54+00:00,1889,0,1,62.07
,37702,2026-04-21T19:36:54+00:00,1889,0,1,62.07
,37703,2026-04-21T19:36:54+00:00,1899,0,1,62.07
,37704,2026-04-21T19:36:54+00:00,1899,0,1,62.07
,37706,2026-04-21T19:36:54+00:00,1929,0,1,62.07
,37707,2026-04-21T19:36:54+00:00,1929,0,1,62.07
,37708,2026-04-21T19:36:54+00:00,1949,0,1,62.07
,37709,2026-04-21T19:36:54+00:00,1949,0,1,62.07
,37710,2026-04-21T19:36:54+00:00,1959,0,1,62.07
,37711,2026-04-21T19:36:54+00:00,1959,0,1,62.07
,37712,2026-04-21T19:36:54+00:00,1969,0,1,62.07
,37713,2026-04-21T19:36:54+00:00,1979,0,1,62.07
,37714,2026-04-21T19:36:54+00:00,1999,0,1,62.07
,37715,2026-04-21T19:36:54+00:00,1999,0,1,62.07
,37716,2026-04-21T19:36:54+00:00,1999,0,1,62.07
,37717,2026-04-21T19:36:54+00:00,1999,0,1,62.07
,37718,2026-04-21T19:36:54+00:00,1999,0,1,62.07
,37719,2026-04-21T19:36:54+00:00,2019,0,1,62.07
,37720,2026-04-21T19:36:54+00:00,2019,0,1,62.07
,37721,2026-04-21T19:36:54+00:00,2029,0,1,62.07
,37722,2026-04-21T19:36:54+00:00,2039,0,1,62.07
,37723,2026-04-21T19:36:54+00:00,2049,0,1,62.07
,37724,2026-04-21T19:36:54+00:00,2069,0,1,62.07
,37725,2026-04-21T19:36:54+00:00,2069,0,1,62.07
,37726,2026-04-21T19:36:54+00:00,2079,0,1,62.07
,37727,2026-04-21T19:36:54+00:00,2079,0,1,62.07
,37728,2026-04-21T19:36:54+00:00,2089,0,1,62.07
,37729,2026-04-21T19:36:54+00:00,2089,0,1,62.07
,37730,2026-04-21T19:36:54+00:00,2099,0,1,62.07
,37731,2026-04-21T19:36:54+00:00,2099,0,1,62.07
,37732,2026-04-21T19:36:54+00:00,2099,0,1,62.07
,37733,2026-04-21T19:36:54+00:00,2099,0,1,62.07
,37735,2026-04-21T19:36:54+00:00,2119,0,1,62.07
,37737,2026-04-21T19:36:54+00:00,2139,0,1,62.07
,37738,2026-04-21T19:36:54+00:00,2139,0,1,62.07
,37740,2026-04-21T19:36:54+00:00,2159,0,1,62.07
,37741,2026-04-21T19:36:54+00:00,2179,0,1,62.07
,37742,2026-04-21T19:36:54+00:00,2179,0,1,62.07
,37743,2026-04-21T19:36:54+00:00,2179,0,1,62.07
,37744,2026-04-21T19:36:54+00:00,2179,0,1,62.07
,37745,2026-04-21T19:36:54+00:00,2199,0,1,62.07
,37746,2026-04-21T19:36:54+00:00,2199,0,1,62.07
,37747,2026-04-21T19:36:54+00:00,2199,0,1,62.07
,37748,2026-04-21T19:36:54+00:00,2199,0,1,62.07
,37749,2026-04-21T19:36:54+00:00,2199,0,1,62.07
,37750,2026-04-21T19:36:54+00:00,2219,0,1,62.07
,37751,2026-04-21T19:36:54+00:00,2219,0,1,62.07
,37752,2026-04-21T19:36:54+00:00,2229,0,1,62.07
,37753,2026-04-21T19:36:54+00:00,2239,0,1,62.07
,37754,2026-04-21T19:36:54+00:00,2249,0,1,62.07
,37755,2026-04-21T19:36:54+00:00,2259,0,1,62.07
,37756,2026-04-21T19:36:54+00:00,2269,0,1,62.07
,37757,2026-04-21T19:36:54+00:00,2279,0,1,62.07
,37758,2026-04-21T19:36:54+00:00,2279,0,1,62.07
,37759,2026-04-21T19:36:54+00:00,2289,0,1,62.07
,37760,2026-04-21T19:36:54+00:00,2299,0,1,62.07
,37761,2026-04-21T19:36:54+00:00,2299,0,1,62.07
,37763,2026-04-21T19:36:54+00:00,2299,0,1,62.07
,37764,2026-04-21T19:36:54+00:00,2319,0,1,62.07
,37765,2026-04-21T19:36:54+00:00,2329,0,1,62.07
,37766,2026-04-21T19:36:54+00:00,2329,0,1,62.07
,37767,2026-04-21T19:36:54+00:00,2349,0,1,62.07
,37768,2026-04-21T19:36:54+00:00,2349,0,1,62.07
,37769,2026-04-21T19:36:54+00:00,2359,0,1,62.07
,37770,2026-04-21T19:36:54+00:00,2369,0,1,62.07
,37771,2026-04-21T19:36:54+00:00,2379,0,1,62.07
,37772,2026-04-21T19:36:54+00:00,2379,0,1,62.07
,37773,2026-04-21T19:36:54+00:00,2389,0,1,62.07
,37774,2026-04-21T19:36:54+00:00,2399,0,1,62.07
,37775,2026-04-21T19:36:54+00:00,2399,0,1,62.07
,37776,2026-04-21T19:36:54+00:00,2399,0,1,62.07
,37777,2026-04-21T19:36:54+00:00,2439,0,1,62.07
,37778,2026-04-21T19:36:54+00:00,2439,0,1,62.07
,37779,2026-04-21T19:36:54+00:00,2449,0,1,62.07
,37780,2026-04-21T19:36:54+00:00,2449,0,1,62.07
,37781,2026-04-21T19:36:54+00:00,2449,0,1,62.07
,37782,2026-04-21T19:36:54+00:00,2449,0,1,62.07
,37783,2026-04-21T19:36:54+00:00,2449,0,1,62.07
,37784,2026-04-21T19:36:54+00:00,2459,0,1,62.07
,37785,2026-04-21T19:36:54+00:00,2459,0,1,62.07
,37786,2026-04-21T19:36:54+00:00,2459,0,1,62.07
,37787,2026-04-21T19:36:54+00:00,2459,0,1,62.07
,37788,2026-04-21T19:36:54+00:00,2459,0,1,62.07
,37789,2026-04-21T19:36:54+00:00,2459,0,1,62.07
,37790,2026-04-21T19:36:54+00:00,2479,0,1,62.07
,37791,2026-04-21T19:36:54+00:00,2479,0,1,62.07
,37792,2026-04-21T19:36:54+00:00,2479,0,1,62.07
,37794,2026-04-21T19:36:54+00:00,2489,0,1,62.07
,37795,2026-04-21T19:36:54+00:00,2499,0,1,62.07
,37796,2026-04-21T19:36:54+00:00,2499,0,1,62.07
,37797,2026-04-21T19:36:54+00:00,2499,0,1,62.07
,37798,2026-04-21T19:36:54+00:00,2499,0,1,62.07
,37799,2026-04-21T19:36:54+00:00,2499,0,1,62.07
,37800,2026-04-21T19:36:54+00:00,2499,0,1,62.07
,37801,2026-04-21T19:36:54+00:00,2499,0,1,62.07
,37802,2026-04-21T19:36:54+00:00,2519,0,1,62.07
,37803,2026-04-21T19:36:54+00:00,2529,0,1,62.07
,37804,2026-04-21T19:36:54+00:00,2529,0,1,62.07
,37805,2026-04-21T19:36:54+00:00,2529,0,1,62.07
,37806,2026-04-21T19:36:54+00:00,2539,0,1,62.07
,37807,2026-04-21T19:36:54+00:00,2559,0,1,62.07
,37808,2026-04-21T19:36:54+00:00,2559,0,1,62.07
,37809,2026-04-21T19:36:54+00:00,2559,0,1,62.07
,37810,2026-04-21T19:36:54+00:00,2559,0,1,62.07
,37811,2026-04-21T19:36:54+00:00,2559,0,1,62.07
,37812,2026-04-21T19:36:54+00:00,2559,0,1,62.07
,37813,2026-04-21T19:36:54+00:00,2569,0,1,62.07
,37814,2026-04-21T19:36:54+00:00,2569,0,1,62.07
,37816,2026-04-21T19:36:54+00:00,2579,0,1,62.07
,37817,2026-04-21T19:36:54+00:00,2579,0,1,62.07
,37818,2026-04-21T19:36:54+00:00,2579,0,1,62.07
,37820,2026-04-21T19:36:54+00:00,2599,0,1,62.07
,37821,2026-04-21T19:36:54+00:00,2599,0,1,62.07
,37823,2026-04-21T19:36:54+00:00,2599,0,1,62.07
,37824,2026-04-21T19:36:54+00:00,2599,0,1,62.07
,37825,2026-04-21T19:36:54+00:00,2619,0,1,62.07
,37826,2026-04-21T19:36:54+00:00,2629,0,1,62.07
,37827,2026-04-21T19:36:54+00:00,2629,0,1,62.07
,37829,2026-04-21T19:36:54+00:00,2639,0,1,62.07
,37830,2026-04-21T19:36:54+00:00,2639,0,1,62.07
,37831,2026-04-21T19:36:54+00:00,2639,0,1,62.07
,37832,2026-04-21T19:36:54+00:00,2649,0,1,62.07
,37833,2026-04-21T19:36:54+00:00,2649,0,1,62.07
,37834,2026-04-21T19:36:54+00:00,2649,0,1,62.07
,37835,2026-04-21T19:36:54+00:00,2659,0,1,62.07
,37836,2026-04-21T19:36:54+00:00,2659,0,1,62.07
,37837,2026-04-21T19:36:54+00:00,2689,0,1,62.07
,37838,2026-04-21T19:36:54+00:00,2689,0,1,62.07
,37839,2026-04-21T19:36:54+00:00,2689,0,1,62.07
,37840,2026-04-21T19:36:54+00:00,2699,0,1,62.07
,37841,2026-04-21T19:36:54+00:00,2699,0,1,62.07
,37842,2026-04-21T19:36:54+00:00,2699,0,1,62.07
,37844,2026-04-21T19:36:54+00:00,2699,0,1,62.07
,37846,2026-04-21T19:36:54+00:00,2699,0,1,62.07
,37847,2026-04-21T19:36:54+00:00,2719,0,1,62.07
,37849,2026-04-21T19:36:54+00:00,2739,0,1,62.07
,37850,2026-04-21T19:36:54+00:00,2739,0,1,62.07
,37851,2026-04-21T19:36:54+00:00,2739,0,1,62.07
,37853,2026-04-21T19:36:54+00:00,2759,0,1,62.07
,37854,2026-04-21T19:36:54+00:00,2769,0,1,62.07
,37856,2026-04-21T19:36:54+00:00,2779,0,1,62.07
,37857,2026-04-21T19:36:54+00:00,2789,0,1,62.07
,37858,2026-04-21T19:36:54+00:00,2789,0,1,62.07
,37860,2026-04-21T19:36:54+00:00,2799,0,1,62.07
,37861,2026-04-21T19:36:54+00:00,2819,0,1,62.07
,37862,2026-04-21T19:36:54+00:00,2819,0,1,62.07
,37863,2026-04-21T19:36:54+00:00,2829,0,1,62.07
,37864,2026-04-21T19:36:54+00:00,2829,0,1,62.07
,37971,2026-04-21T19:36:54+00:00,3339,0,1,62.07
,37865,2026-04-21T19:36:54+00:00,2829,0,1,62.07
,37866,2026-04-21T19:36:54+00:00,2839,0,1,62.07
,37867,2026-04-21T19:36:54+00:00,2849,0,1,62.07
,37868,2026-04-21T19:36:54+00:00,2849,0,1,62.07
,37869,2026-04-21T19:36:54+00:00,2849,0,1,62.07
,37870,2026-04-21T19:36:54+00:00,2849,0,1,62.07
,37871,2026-04-21T19:36:54+00:00,2849,0,1,62.07
,37872,2026-04-21T19:36:54+00:00,2849,0,1,62.07
,37873,2026-04-21T19:36:54+00:00,2859,0,1,62.07
,37874,2026-04-21T19:36:54+00:00,2859,0,1,62.07
,37875,2026-04-21T19:36:54+00:00,2859,0,1,62.07
,37876,2026-04-21T19:36:54+00:00,2859,0,1,62.07
,37878,2026-04-21T19:36:54+00:00,2879,0,1,62.07
,37879,2026-04-21T19:36:54+00:00,2889,0,1,62.07
,37880,2026-04-21T19:36:54+00:00,2889,0,1,62.07
,37882,2026-04-21T19:36:54+00:00,2889,0,1,62.07
,37883,2026-04-21T19:36:54+00:00,2899,0,1,62.07
,37884,2026-04-21T19:36:54+00:00,2899,0,1,62.07
,37885,2026-04-21T19:36:54+00:00,2899,0,1,62.07
,37886,2026-04-21T19:36:54+00:00,2899,0,1,62.07
,37887,2026-04-21T19:36:54+00:00,2899,0,1,62.07
,37888,2026-04-21T19:36:54+00:00,2899,0,1,62.07
,37889,2026-04-21T19:36:54+00:00,2939,0,1,62.07
,37890,2026-04-21T19:36:54+00:00,2949,0,1,62.07
,37892,2026-04-21T19:36:54+00:00,2959,0,1,62.07
,37893,2026-04-21T19:36:54+00:00,2959,0,1,62.07
,37894,2026-04-21T19:36:54+00:00,2969,0,1,62.07
,37896,2026-04-21T19:36:54+00:00,2989,0,1,62.07
,37897,2026-04-21T19:36:54+00:00,2989,0,1,62.07
,37898,2026-04-21T19:36:54+00:00,2989,0,1,62.07
,37899,2026-04-21T19:36:54+00:00,2989,0,1,62.07
,37972,2026-04-21T19:36:54+00:00,3349,0,1,62.07
,37900,2026-04-21T19:36:54+00:00,2999,0,1,62.07
,37902,2026-04-21T19:36:54+00:00,2999,0,1,62.07
,37903,2026-04-21T19:36:54+00:00,2999,0,1,62.07
,37904,2026-04-21T19:36:54+00:00,2999,0,1,62.07
,37905,2026-04-21T19:36:54+00:00,2999,0,1,62.07
,37906,2026-04-21T19:36:54+00:00,2999,0,1,62.07
,37907,2026-04-21T19:36:54+00:00,2999,0,1,62.07
,37908,2026-04-21T19:36:54+00:00,2999,0,1,62.07
,37909,2026-04-21T19:36:54+00:00,2999,0,1,62.07
,37910,2026-04-21T19:36:54+00:00,3019,0,1,62.07
,37911,2026-04-21T19:36:54+00:00,3019,0,1,62.07
,37912,2026-04-21T19:36:54+00:00,3029,0,1,62.07
,37913,2026-04-21T19:36:54+00:00,3029,0,1,62.07
,37914,2026-04-21T19:36:54+00:00,3049,0,1,62.07
,37915,2026-04-21T19:36:54+00:00,3049,0,1,62.07
,37917,2026-04-21T19:36:54+00:00,3059,0,1,62.07
,37918,2026-04-21T19:36:54+00:00,3059,0,1,62.07
,37919,2026-04-21T19:36:54+00:00,3069,0,1,62.07
,37920,2026-04-21T19:36:54+00:00,3079,0,1,62.07
,37921,2026-04-21T19:36:54+00:00,3079,0,1,62.07
,37922,2026-04-21T19:36:54+00:00,3079,0,1,62.07
,37925,2026-04-21T19:36:54+00:00,3099,0,1,62.07
,37926,2026-04-21T19:36:54+00:00,3099,0,1,62.07
,37928,2026-04-21T19:36:54+00:00,3099,0,1,62.07
,37929,2026-04-21T19:36:54+00:00,3099,0,1,62.07
,37930,2026-04-21T19:36:54+00:00,3099,0,1,62.07
,37931,2026-04-21T19:36:54+00:00,3119,0,1,62.07
,37932,2026-04-21T19:36:54+00:00,3139,0,1,62.07
,37933,2026-04-21T19:36:54+00:00,3149,0,1,62.07
,37934,2026-04-21T19:36:54+00:00,3149,0,1,62.07
,37935,2026-04-21T19:36:54+00:00,3149,0,1,62.07
,37936,2026-04-21T19:36:54+00:00,3149,0,1,62.07
,37937,2026-04-21T19:36:54+00:00,3149,0,1,62.07
,37938,2026-04-21T19:36:54+00:00,3169,0,1,62.07
,37939,2026-04-21T19:36:54+00:00,3169,0,1,62.07
,37941,2026-04-21T19:36:54+00:00,3179,0,1,62.07
,37942,2026-04-21T19:36:54+00:00,3179,0,1,62.07
,37943,2026-04-21T19:36:54+00:00,3179,0,1,62.07
,37944,2026-04-21T19:36:54+00:00,3199,0,1,62.07
,37945,2026-04-21T19:36:54+00:00,3199,0,1,62.07
,37946,2026-04-21T19:36:54+00:00,3199,0,1,62.07
,37948,2026-04-21T19:36:54+00:00,3199,0,1,62.07
,37949,2026-04-21T19:36:54+00:00,3199,0,1,62.07
,37950,2026-04-21T19:36:54+00:00,3199,0,1,62.07
,37953,2026-04-21T19:36:54+00:00,3219,0,1,62.07
,37954,2026-04-21T19:36:54+00:00,3219,0,1,62.07
,37955,2026-04-21T19:36:54+00:00,3229,0,1,62.07
,37956,2026-04-21T19:36:54+00:00,3229,0,1,62.07
,37957,2026-04-21T19:36:54+00:00,3229,0,1,62.07
,37958,2026-04-21T19:36:54+00:00,3259,0,1,62.07
,37959,2026-04-21T19:36:54+00:00,3259,0,1,62.07
,37960,2026-04-21T19:36:54+00:00,3259,0,1,62.07
,37961,2026-04-21T19:36:54+00:00,3259,0,1,62.07
,37962,2026-04-21T19:36:55+00:00,3269,0,1,62.07
,37963,2026-04-21T19:36:55+00:00,3279,0,1,62.07
,37964,2026-04-21T19:36:55+00:00,3279,0,1,62.07
,37965,2026-04-21T19:36:55+00:00,3279,0,1,62.07
,37966,2026-04-21T19:36:55+00:00,3289,0,1,62.07
,37967,2026-04-21T19:36:55+00:00,3299,0,1,62.07
,37968,2026-04-21T19:36:55+00:00,3299,0,1,62.07
,37970,2026-04-21T19:36:55+00:00,3299,0,1,62.07
,37974,2026-04-21T19:36:55+00:00,3359,0,1,62.07
,37975,2026-04-21T19:36:55+00:00,3359,0,1,62.07
,37976,2026-04-21T19:36:55+00:00,3359,0,1,62.07
,37977,2026-04-21T19:36:55+00:00,3369,0,1,62.07
,37978,2026-04-21T19:36:55+00:00,3379,0,1,62.07
,37979,2026-04-21T19:36:55+00:00,3389,0,1,62.07
,37980,2026-04-21T19:36:55+00:00,3389,0,1,62.07
,37981,2026-04-21T19:36:55+00:00,3389,0,1,62.07
,37982,2026-04-21T19:36:55+00:00,3389,0,1,62.07
,37983,2026-04-21T19:36:55+00:00,3399,0,1,62.07
,37984,2026-04-21T19:36:55+00:00,3399,0,1,62.07
,37985,2026-04-21T19:36:55+00:00,3399,0,1,62.07
,37986,2026-04-21T19:36:55+00:00,3399,0,1,62.07
,37987,2026-04-21T19:36:55+00:00,3399,0,1,62.07
,37988,2026-04-21T19:36:55+00:00,3399,0,1,62.07
,37989,2026-04-21T19:36:55+00:00,3439,0,1,62.07
,37990,2026-04-21T19:36:55+00:00,3449,0,1,62.07
,37991,2026-04-21T19:36:55+00:00,3449,0,1,62.07
,37994,2026-04-21T19:36:55+00:00,3499,0,1,62.07
,37996,2026-04-21T19:36:55+00:00,3519,0,1,62.07
,37997,2026-04-21T19:36:55+00:00,3519,0,1,62.07
,37998,2026-04-21T19:36:55+00:00,3529,0,1,62.07
,37999,2026-04-21T19:36:55+00:00,3549,0,1,62.07
,38002,2026-04-21T19:36:55+00:00,3569,0,1,62.07
,38004,2026-04-21T19:36:55+00:00,3589,0,1,62.07
,38005,2026-04-21T19:36:55+00:00,3599,0,1,62.07
,38006,2026-04-21T19:36:55+00:00,3599,0,1,62.07
,38007,2026-04-21T19:36:55+00:00,3599,0,1,62.07
,38008,2026-04-21T19:36:55+00:00,3599,0,1,62.07
,38009,2026-04-21T19:36:55+00:00,3599,0,1,62.07
,38010,2026-04-21T19:36:55+00:00,3599,0,1,62.07
,38012,2026-04-21T19:36:55+00:00,3599,0,1,62.07
,38013,2026-04-21T19:36:55+00:00,3599,0,1,62.07
,38014,2026-04-21T19:36:55+00:00,3599,0,1,62.07
,38015,2026-04-21T19:36:55+00:00,3619,0,1,62.07
,38016,2026-04-21T19:36:55+00:00,3629,0,1,62.07
,38017,2026-04-21T19:36:55+00:00,3639,0,1,62.07
,38018,2026-04-21T19:36:55+00:00,3649,0,1,62.07
,38020,2026-04-21T19:36:55+00:00,3659,0,1,62.07
,38021,2026-04-21T19:36:55+00:00,3679,0,1,62.07
,38022,2026-04-21T19:36:55+00:00,3699,0,1,62.07
,38023,2026-04-21T19:36:55+00:00,3739,0,1,62.07
,38024,2026-04-21T19:36:55+00:00,3749,0,1,62.07
,38025,2026-04-21T19:36:55+00:00,3749,0,1,62.07
,38027,2026-04-21T19:36:55+00:00,3759,0,1,62.07
,38030,2026-04-21T19:36:55+00:00,3789,0,1,62.07
,38031,2026-04-21T19:36:55+00:00,3799,0,1,62.07
,38032,2026-04-21T19:36:55+00:00,3799,0,1,62.07
,38033,2026-04-21T19:36:55+00:00,3799,0,1,62.07
,38034,2026-04-21T19:36:55+00:00,3799,0,1,62.07
,38035,2026-04-21T19:36:55+00:00,3799,0,1,62.07
,38036,2026-04-21T19:36:55+00:00,3859,0,1,62.07
,38037,2026-04-21T19:36:55+00:00,3879,0,1,62.07
,38039,2026-04-21T19:36:55+00:00,3879,0,1,62.07
,38040,2026-04-21T19:36:55+00:00,3899,0,1,62.07
,38042,2026-04-21T19:36:55+00:00,3899,0,1,62.07
,38044,2026-04-21T19:36:55+00:00,3899,0,1,62.07
,38046,2026-04-21T19:36:55+00:00,3899,0,1,62.07
,38047,2026-04-21T19:36:55+00:00,3949,0,1,62.07
,38048,2026-04-21T19:36:55+00:00,3949,0,1,62.07
,38050,2026-04-21T19:36:55+00:00,3959,0,1,62.07
,38051,2026-04-21T19:36:55+00:00,3959,0,1,62.07
,38052,2026-04-21T19:36:55+00:00,3969,0,1,62.07
,38054,2026-04-21T19:36:55+00:00,3999,0,1,62.07
,38055,2026-04-21T19:36:55+00:00,3999,0,1,62.07
,38056,2026-04-21T19:36:55+00:00,3999,0,1,62.07
,38057,2026-04-21T19:36:55+00:00,3999,0,1,62.07
,38059,2026-04-21T19:36:55+00:00,4039,0,1,62.07
,38060,2026-04-21T19:36:55+00:00,4049,0,1,62.07
,38062,2026-04-21T19:36:55+00:00,4099,0,1,62.07
,38064,2026-04-21T19:36:55+00:00,4139,0,1,62.07
,38065,2026-04-21T19:36:55+00:00,4149,0,1,62.07
,38067,2026-04-21T19:36:55+00:00,4199,0,1,62.07
,38072,2026-04-21T19:36:55+00:00,4299,0,1,62.07
,38073,2026-04-21T19:36:55+00:00,4299,0,1,62.07
,38074,2026-04-21T19:36:55+00:00,4339,0,1,62.07
,38077,2026-04-21T19:36:55+00:00,4389,0,1,62.07
,38078,2026-04-21T19:36:55+00:00,4389,0,1,62.07
,38079,2026-04-21T19:36:55+00:00,4389,0,1,62.07
,38082,2026-04-21T19:36:55+00:00,4399,0,1,62.07
,38083,2026-04-21T19:36:55+00:00,4399,0,1,62.07
,38086,2026-04-21T19:36:55+00:00,4499,0,1,62.07
,38087,2026-04-21T19:36:55+00:00,4499,0,1,62.07
,38089,2026-04-21T19:36:55+00:00,4499,0,1,62.07
,38090,2026-04-21T19:36:55+00:00,4519,0,1,62.07
,38091,2026-04-21T19:36:55+00:00,4569,0,1,62.07
,38093,2026-04-21T19:36:55+00:00,4589,0,1,62.07
,38095,2026-04-21T19:36:55+00:00,4599,0,1,62.07
,38100,2026-04-21T19:36:55+00:00,4649,0,1,62.07
,38105,2026-04-21T19:36:55+00:00,4699,0,1,62.07
,38108,2026-04-21T19:36:55+00:00,4749,0,1,62.07
,38112,2026-04-21T19:36:55+00:00,4789,0,1,62.07
,38113,2026-04-21T19:36:55+00:00,4799,0,1,62.07
,38115,2026-04-21T19:36:55+00:00,4799,0,1,62.07
,38126,2026-04-21T19:36:55+00:00,4899,0,1,62.07
,38128,2026-04-21T19:36:55+00:00,4999,0,1,62.07
,38129,2026-04-21T19:36:55+00:00,4999,0,1,62.07
,38137,2026-04-21T19:36:55+00:00,5279,0,1,62.07
,38140,2026-04-21T19:36:55+00:00,5369,0,1,62.07
,38146,2026-04-21T19:36:55+00:00,5699,0,1,62.07
,38147,2026-04-21T19:36:55+00:00,5699,0,1,62.07
,38148,2026-04-21T19:36:55+00:00,5749,0,1,62.07
,38156,2026-04-21T19:36:55+00:00,5889,0,1,62.07
,38157,2026-04-21T19:36:55+00:00,5989,0,1,62.07
,38159,2026-04-21T19:36:55+00:00,5999,0,1,62.07
,38172,2026-04-21T19:36:55+00:00,6589,0,1,62.07
,38176,2026-04-21T19:36:55+00:00,6789,0,1,62.07
,38180,2026-04-21T19:36:55+00:00,6959,0,1,62.07
,38182,2026-04-21T19:36:55+00:00,6999,0,1,62.07
,38183,2026-04-21T19:36:55+00:00,6999,0,1,62.07
,38186,2026-04-21T19:36:55+00:00,7159,0,1,62.07
,38195,2026-04-21T19:36:55+00:00,7699,0,1,62.07
,38199,2026-04-21T19:36:55+00:00,7879,0,1,62.07
,38202,2026-04-21T19:36:55+00:00,7999,0,1,62.07
,38203,2026-04-21T19:36:55+00:00,7999,0,1,62.07
,38206,2026-04-21T19:36:55+00:00,7999,0,1,62.07
,38208,2026-04-21T19:36:55+00:00,8099,0,1,62.07
,38211,2026-04-21T19:36:55+00:00,8199,0,1,62.07
,38218,2026-04-21T19:36:55+00:00,8899,0,1,62.07
,38221,2026-04-21T19:36:55+00:00,9159,0,1,62.07
,38222,2026-04-21T19:36:55+00:00,9289,0,1,62.07
,38225,2026-04-21T19:36:55+00:00,9399,0,1,62.07
,38228,2026-04-21T19:36:55+00:00,9799,0,1,62.07
,38231,2026-04-21T19:36:55+00:00,9979,0,1,62.07
,38233,2026-04-21T19:36:55+00:00,10199,0,1,62.07
,38235,2026-04-21T19:36:55+00:00,10289,0,1,62.07
,38237,2026-04-21T19:36:55+00:00,10399,0,1,62.07
,38242,2026-04-21T19:36:55+00:00,11599,0,1,62.07
,38243,2026-04-21T19:36:55+00:00,11599,0,1,62.07
,38244,2026-04-21T19:36:55+00:00,11599,0,1,62.07
,38245,2026-04-21T19:36:55+00:00,11699,0,1,62.07
,38246,2026-04-21T19:36:55+00:00,12399,0,1,62.07
,38256,2026-04-21T19:36:55+00:00,22299,0,1,62.07
,38259,2026-04-21T19:36:55+00:00,1199,0,1,76.36
,38261,2026-04-21T19:36:55+00:00,1399,0,1,76.36
,38262,2026-04-21T19:36:55+00:00,1519,0,1,62.07
,38263,2026-04-21T19:36:55+00:00,1829,0,1,62.07
,38257,2026-04-21T19:36:55+00:00,699,0,1,32.96
,38309,2026-04-21T19:36:55+00:00,269,0,1,62.07
,38284,2026-04-21T19:36:55+00:00,3149,0,1,37.59
,38330,2026-04-21T19:36:55+00:00,329,0,1,62.07
,38326,2026-04-21T19:36:55+00:00,319,0,1,52.49
,38361,2026-04-21T19:36:55+00:00,419,0,1,62.07
,38371,2026-04-21T19:36:55+00:00,469,0,1,76.36
,38420,2026-04-21T19:36:55+00:00,1059,0,1,62.07
,38423,2026-04-21T19:36:55+00:00,1115,0,1,62.07
,38430,2026-04-21T19:36:55+00:00,1499,0,1,32.96
,39360,2026-04-21T19:36:55+00:00,34,0,1,62.07
,38463,2026-04-21T19:36:55+00:00,11999,0,1,62.07
,38475,2026-04-21T19:36:55+00:00,15,0,1,62.07
,38497,2026-04-21T19:36:55+00:00,65,0,1,62.07
,38476,2026-04-21T19:36:55+00:00,15,0,1,37.59
,38521,2026-04-21T19:36:55+00:00,265,0,1,62.07
,38528,2026-04-21T19:36:55+00:00,289,0,1,62.07
,38541,2026-04-21T19:36:55+00:00,359,0,1,62.07
,38547,2026-04-21T19:36:55+00:00,419,0,1,32.96
,38519,2026-04-21T19:36:55+00:00,239,0,1,37.59
,38549,2026-04-21T19:36:55+00:00,419,0,1,32.96
,38550,2026-04-21T19:36:55+00:00,419,0,1,32.96
,38548,2026-04-21T19:36:55+00:00,419,0,1,37.59
,38584,2026-04-21T19:36:55+00:00,1249,0,1,37.59
,38586,2026-04-21T19:36:55+00:00,1459,0,1,62.07
,38587,2026-04-21T19:36:55+00:00,1459,0,1,62.07
,38591,2026-04-21T19:36:55+00:00,1969,0,1,62.07
,38589,2026-04-21T19:36:55+00:00,1885,0,1,37.59
,38598,2026-04-21T19:36:55+00:00,3489,0,1,37.59
,38641,2026-04-21T19:36:55+00:00,55,0,1,45.32
,38656,2026-04-21T19:36:55+00:00,59,0,1,62.07
,38662,2026-04-21T19:36:55+00:00,65,0,1,62.07
,38628,2026-04-21T19:36:55+00:00,52,0,1,37.59
,38636,2026-04-21T19:36:55+00:00,55,0,1,52.49
,38669,2026-04-21T19:36:55+00:00,69,0,1,45.32
,38679,2026-04-21T19:36:55+00:00,75,0,1,62.07
,38681,2026-04-21T19:36:55+00:00,75,0,1,76.36
,38692,2026-04-21T19:36:55+00:00,85,0,1,62.07
,38704,2026-04-21T19:36:55+00:00,99,0,1,62.07
,38740,2026-04-21T19:36:55+00:00,149,0,1,62.07
,38719,2026-04-21T19:36:55+00:00,125,0,1,32.96
,38757,2026-04-21T19:36:55+00:00,189,0,1,62.07
,38759,2026-04-21T19:36:55+00:00,199,0,1,62.07
,38763,2026-04-21T19:36:55+00:00,215,0,1,62.07
,38771,2026-04-21T19:36:55+00:00,259,0,1,37.59
,38772,2026-04-21T19:36:55+00:00,259,0,1,37.59
,38823,2026-04-21T19:36:55+00:00,6.9,0,1,71.87
,38787,2026-04-21T19:36:55+00:00,3,0,1,37.59
,38789,2026-04-21T19:36:55+00:00,3,0,1,37.59
,38791,2026-04-21T19:36:55+00:00,4,0,1,37.59
,38793,2026-04-21T19:36:55+00:00,4,0,1,37.59
,38801,2026-04-21T19:36:55+00:00,4,0,1,37.59
,38814,2026-04-21T19:36:55+00:00,6,0,1,37.59
,38817,2026-04-21T19:36:55+00:00,6,0,1,37.59
,38851,2026-04-21T19:36:55+00:00,379,0,1,37.59
,38887,2026-04-21T19:36:55+00:00,19,0,1,62.07
,38879,2026-04-21T19:36:55+00:00,18,0,1,37.59
,38952,2026-04-21T19:36:55+00:00,31,0,1,37.59
,38994,2026-04-21T19:36:55+00:00,43,0,1,62.07
,39029,2026-04-21T19:36:55+00:00,55,0,1,71.87
,38991,2026-04-21T19:36:55+00:00,39,0,1,37.59
,39054,2026-04-21T19:36:55+00:00,69,0,1,62.07
,39099,2026-04-21T19:36:55+00:00,159,0,1,62.07
,39107,2026-04-21T19:36:55+00:00,199,0,1,62.07
,39086,2026-04-21T19:36:55+00:00,119,0,1,37.59
,39114,2026-04-21T19:36:55+00:00,249,0,1,62.07
,39137,2026-04-21T19:36:55+00:00,13.9,0,1,57.31
,39108,2026-04-21T19:36:55+00:00,205,0,1,37.59
,39155,2026-04-21T19:36:55+00:00,35,0,1,62.07
,39156,2026-04-21T19:36:55+00:00,37,0,1,62.07
,39161,2026-04-21T19:36:55+00:00,44,0,1,62.07
,39164,2026-04-21T19:36:55+00:00,49,0,1,62.07
,39171,2026-04-21T19:36:55+00:00,56,0,1,62.07
,39172,2026-04-21T19:36:55+00:00,56,0,1,62.07
,39173,2026-04-21T19:36:55+00:00,57,0,1,62.07
,39162,2026-04-21T19:36:55+00:00,45,0,1,37.59
,39195,2026-04-21T19:36:55+00:00,99,0,1,76.36
,39198,2026-04-21T19:36:55+00:00,99,0,1,62.07
,39199,2026-04-21T19:36:55+00:00,99,0,1,62.07
,39214,2026-04-21T19:36:55+00:00,145,0,1,62.07
,39187,2026-04-21T19:36:55+00:00,86,0,1,24.72
,39263,2026-04-21T19:36:55+00:00,45,0,1,62.07
,39228,2026-04-21T19:36:55+00:00,229,0,1,37.59
,39233,2026-04-21T19:36:55+00:00,249,0,1,37.59
,39270,2026-04-21T19:36:55+00:00,59,0,1,62.07
,39271,2026-04-21T19:36:55+00:00,59,0,1,62.07
,39272,2026-04-21T19:36:55+00:00,69,0,1,62.07
,39267,2026-04-21T19:36:55+00:00,59,0,1,52.49
,39300,2026-04-21T19:36:55+00:00,169,0,1,62.07
,39335,2026-04-21T19:36:55+00:00,49,0,1,62.07
,39301,2026-04-21T19:36:55+00:00,179,0,1,37.59
,39368,2026-04-21T19:36:55+00:00,52,0,1,62.07
,39381,2026-04-21T19:36:55+00:00,147,0,1,71.87
,39471,2026-04-21T19:36:55+00:00,199,0,1,48.34
,39463,2026-04-21T19:36:55+00:00,5599,0,1,46.39
,39492,2026-04-21T19:36:55+00:00,639,0,1,52.49
,39499,2026-04-21T19:36:55+00:00,799,0,1,52.49
,39518,2026-04-21T19:36:55+00:00,189,0,1,37.59
,39545,2026-04-21T19:36:55+00:00,4899,0,1,62.07
,39546,2026-04-21T19:36:55+00:00,5069,0,1,62.07
,39560,2026-04-21T19:36:55+00:00,189,0,1,62.07
,39563,2026-04-21T19:36:55+00:00,199,0,1,20.54
,39542,2026-04-21T19:36:55+00:00,3799,0,1,37.59
,39543,2026-04-21T19:36:55+00:00,4499,0,1,37.59
,39551,2026-04-21T19:36:55+00:00,59,0,1,37.59
,39575,2026-04-21T19:36:55+00:00,369,0,1,45.32
,39595,2026-04-21T19:36:55+00:00,789,0,1,37.59
,39613,2026-04-21T19:36:55+00:00,99,0,1,45.32
,39614,2026-04-21T19:36:55+00:00,120,0,1,45.32
,39670,2026-04-21T19:36:55+00:00,959,0,1,62.07
,39682,2026-04-21T19:36:55+00:00,155,0,1,58.2
,39716,2026-04-21T19:36:55+00:00,35.9,0,1,82.94
,39687,2026-04-21T19:36:55+00:00,369,0,1,71.87
,39686,2026-04-21T19:36:55+00:00,269,0,1,37.59
,39692,2026-04-21T19:36:55+00:00,599,0,1,37.59
,39700,2026-04-21T19:36:55+00:00,26,0,1,52.49
,39704,2026-04-21T19:36:55+00:00,28,0,1,24.72
,39710,2026-04-21T19:36:55+00:00,28,0,1,37.59
,39713,2026-04-21T19:36:55+00:00,29,0,1,37.59
,39723,2026-04-21T19:36:55+00:00,85,0,1,62.07
,39725,2026-04-21T19:36:55+00:00,99,0,1,62.07
,39732,2026-04-21T19:36:55+00:00,199,0,1,62.07
,39734,2026-04-21T19:36:55+00:00,199,0,1,71.87
,39721,2026-04-21T19:36:55+00:00,69,0,1,37.59
,39763,2026-04-21T19:36:55+00:00,59,0,1,37.59
,39787,2026-04-21T19:36:55+00:00,169,0,1,62.07
,39819,2026-04-21T19:36:55+00:00,299,0,1,76.36
,39797,2026-04-21T19:36:55+00:00,209,0,1,37.59
,39809,2026-04-21T19:36:55+00:00,239,0,1,37.59
,39838,2026-04-21T19:36:55+00:00,499,0,1,62.07
,39841,2026-04-21T19:36:55+00:00,619,0,1,62.07
,39842,2026-04-21T19:36:55+00:00,629,0,1,62.07
,39836,2026-04-21T19:36:55+00:00,499,0,1,37.59
,39861,2026-04-21T19:36:55+00:00,2,0,1,37.59
,39862,2026-04-21T19:36:55+00:00,4,0,1,37.59
,39890,2026-04-21T19:36:55+00:00,99,0,1,37.59
,39912,2026-04-21T19:36:55+00:00,8499,0,1,76.36
,39913,2026-04-21T19:36:55+00:00,8819,0,1,62.07
,39914,2026-04-21T19:36:55+00:00,9099,0,1,62.07
,39915,2026-04-21T19:36:55+00:00,9159,0,1,62.07
,39916,2026-04-21T19:36:55+00:00,9799,0,1,62.07
,39917,2026-04-21T19:36:55+00:00,9945,0,1,45.32
,39919,2026-04-21T19:36:55+00:00,11119,0,1,62.07
,39933,2026-04-21T19:36:55+00:00,22399,0,1,62.07
,39946,2026-04-21T19:36:55+00:00,1129,0,1,62.07
,39968,2026-04-21T19:36:55+00:00,259,0,1,62.07
,39949,2026-04-21T19:36:55+00:00,639,0,1,37.59
,39980,2026-04-21T19:36:55+00:00,459,0,1,62.07
,39991,2026-04-21T19:36:55+00:00,699,0,1,62.07
,39992,2026-04-21T19:36:55+00:00,699,0,1,62.07
,39996,2026-04-21T19:36:55+00:00,1095,0,1,62.07
,40024,2026-04-21T19:36:55+00:00,1149,0,1,62.07
,40022,2026-04-21T19:36:55+00:00,899,0,1,37.59
,40026,2026-04-21T19:36:55+00:00,1539,0,1,37.59
,40028,2026-04-21T19:36:55+00:00,7,0,1,52.49
,40033,2026-04-21T19:36:55+00:00,11,0,1,24.72
,40065,2026-04-21T19:36:55+00:00,18,0,1,45.32
,40061,2026-04-21T19:36:55+00:00,16.6,0,1,71.87
,40050,2026-04-21T19:36:55+00:00,14,0,1,37.59
,40051,2026-04-21T19:36:55+00:00,14,0,1,37.59
,40053,2026-04-21T19:36:55+00:00,14,0,1,52.49
,40072,2026-04-21T19:36:55+00:00,22,0,1,37.59
,40087,2026-04-21T19:36:55+00:00,55,0,1,37.59
,40088,2026-04-21T19:36:55+00:00,59,0,1,37.59
,40094,2026-04-21T19:36:55+00:00,99,0,1,62.07
,40096,2026-04-21T19:36:55+00:00,109,0,1,76.36
,40101,2026-04-21T19:36:55+00:00,199,0,1,76.36
,40111,2026-04-21T19:36:55+00:00,31,0,1,62.07
,40117,2026-04-21T19:36:55+00:00,89,0,1,62.07
,40092,2026-04-21T19:36:55+00:00,95,0,1,37.59
,40099,2026-04-21T19:36:55+00:00,169,0,1,37.59
,40103,2026-04-21T19:36:55+00:00,259,0,1,37.59
,40105,2026-04-21T19:36:55+00:00,7,0,1,52.49
,40106,2026-04-21T19:36:55+00:00,8,0,1,52.49
,40135,2026-04-21T19:36:55+00:00,37,0,1,62.07
,40136,2026-04-21T19:36:55+00:00,39,0,1,62.07
,40140,2026-04-21T19:36:55+00:00,55,0,1,76.36
,40143,2026-04-21T19:36:55+00:00,79,0,1,62.07
,40125,2026-04-21T19:36:55+00:00,31,0,1,37.59
,40139,2026-04-21T19:36:55+00:00,55,0,1,37.59
,36552,2026-04-21T19:36:55+00:00,1029,0,1,37.59
,36560,2026-04-21T19:36:55+00:00,1049,0,1,37.59
,37654,2026-04-21T19:36:55+00:00,1359,0,1,69.65
,36566,2026-04-21T19:36:55+00:00,1069,0,1,37.59
,36568,2026-04-21T19:36:55+00:00,1069,0,1,37.59
,36622,2026-04-21T19:36:55+00:00,1859,0,1,49.41
,36659,2026-04-21T19:36:55+00:00,1899,0,1,54.67
,36661,2026-04-21T19:36:55+00:00,1899,0,1,54.67
,36673,2026-04-21T19:36:55+00:00,1995,0,1,49.41
,36682,2026-04-21T19:36:55+00:00,2049,0,1,69.65
,36683,2026-04-21T19:36:55+00:00,2259,0,1,69.65
,36705,2026-04-21T19:36:55+00:00,2309,0,1,69.65
,36676,2026-04-21T19:36:55+00:00,2005,0,1,49.41
,36746,2026-04-21T19:36:55+00:00,2149,0,1,69.65
,36755,2026-04-21T19:36:55+00:00,2485,0,1,69.65
,36725,2026-04-21T19:36:55+00:00,2359,0,1,49.41
,36734,2026-04-21T19:36:55+00:00,2211,0,1,49.41
,36770,2026-04-21T19:36:55+00:00,2209,0,1,69.65
,36773,2026-04-21T19:36:55+00:00,2535,0,1,69.65
,36779,2026-04-21T19:36:55+00:00,2809,0,1,69.65
,36780,2026-04-21T19:36:55+00:00,2369,0,1,69.65
,36807,2026-04-21T19:36:55+00:00,2499,0,1,69.65
,36793,2026-04-21T19:36:55+00:00,2589,0,1,34.01
,36838,2026-04-21T19:36:55+00:00,2739,0,1,69.65
,36837,2026-04-21T19:36:55+00:00,2459,0,1,49.41
,36884,2026-04-21T19:36:55+00:00,2809,0,1,49.41
,36890,2026-04-21T19:36:55+00:00,2859,0,1,69.65
,36906,2026-04-21T19:36:55+00:00,2909,0,1,69.65
,36927,2026-04-21T19:36:55+00:00,3309,0,1,69.65
,36939,2026-04-21T19:36:55+00:00,2969,0,1,78.17
,36907,2026-04-21T19:36:55+00:00,2695,0,1,49.41
,36920,2026-04-21T19:36:55+00:00,2659,0,1,49.41
,36953,2026-04-21T19:36:55+00:00,2549,0,1,69.65
,36952,2026-04-21T19:36:55+00:00,3149,0,1,77.02
,36947,2026-04-21T19:36:55+00:00,3299,0,1,77.07
,36964,2026-04-21T19:36:55+00:00,3349,0,1,77.09
,36971,2026-04-21T19:36:55+00:00,2949,0,1,47.68
,37058,2026-04-21T19:36:55+00:00,3109,0,1,49.41
,37078,2026-04-21T19:36:55+00:00,3329,0,1,69.65
,37151,2026-04-21T19:36:55+00:00,3899,0,1,69.65
,37126,2026-04-21T19:36:55+00:00,3679,0,1,47.68
,37260,2026-04-21T19:36:55+00:00,4709,0,1,69.65
,37285,2026-04-21T19:36:55+00:00,4995,0,1,69.65
,37301,2026-04-21T19:36:55+00:00,5149,0,1,69.65
,37305,2026-04-21T19:36:55+00:00,5189,0,1,69.65
,37306,2026-04-21T19:36:55+00:00,5239,0,1,69.65
,37390,2026-04-21T19:36:55+00:00,9999,0,1,69.65
,37391,2026-04-21T19:36:55+00:00,10309,0,1,69.65
,37641,2026-04-21T19:36:55+00:00,919,0,1,69.65
,37640,2026-04-21T19:36:55+00:00,879,0,1,69.65
,37647,2026-04-21T19:36:55+00:00,1319,0,1,69.65
,37648,2026-04-21T19:36:55+00:00,1319,0,1,69.65
,37650,2026-04-21T19:36:55+00:00,1339,0,1,69.65
,37652,2026-04-21T19:36:55+00:00,1399,0,1,69.65
,37655,2026-04-21T19:36:55+00:00,1419,0,1,69.65
,37661,2026-04-21T19:36:55+00:00,1539,0,1,69.65
,37669,2026-04-21T19:36:55+00:00,1649,0,1,69.65
,37676,2026-04-21T19:36:55+00:00,1689,0,1,69.65
,37677,2026-04-21T19:36:55+00:00,1719,0,1,69.65
,37681,2026-04-21T19:36:55+00:00,1749,0,1,69.65
,37686,2026-04-21T19:36:55+00:00,1789,0,1,69.65
,37697,2026-04-21T19:36:55+00:00,1889,0,1,69.65
,37705,2026-04-21T19:36:55+00:00,1919,0,1,69.65
,36648,2026-04-21T19:36:55+00:00,1699,0,1,71.87
,36933,2026-04-21T19:36:55+00:00,3259,0,1,77.06
,39863,2026-04-21T19:36:55+00:00,5.5,0,1,71.87
,39757,2026-04-21T19:36:55+00:00,5.5,0,1,71.87
,39699,2026-04-21T19:36:55+00:00,26.9,0,1,71.87
,39703,2026-04-21T19:36:55+00:00,27.9,0,1,71.87
,39521,2026-04-21T19:36:55+00:00,899,0,1,57.31
,38782,2026-04-21T19:36:55+00:00,3.9,0,1,71.87
,38926,2026-04-21T19:36:55+00:00,26.5,0,1,57.31
,40036,2026-04-21T19:36:55+00:00,12.9,0,1,82.94
,38600,2026-04-21T19:36:55+00:00,3489,0,1,37.59
,40042,2026-04-21T19:36:55+00:00,13.4,0,1,71.87
,40045,2026-04-21T19:36:55+00:00,13.9,0,1,82.94
,40049,2026-04-21T19:36:55+00:00,14.5,0,1,57.31
,40063,2026-04-21T19:36:55+00:00,17.6,0,1,82.94
,40069,2026-04-21T19:36:55+00:00,19.7,0,1,64.12
,40070,2026-04-21T19:36:55+00:00,19.9,0,1,57.31
,40074,2026-04-21T19:36:55+00:00,25.5,0,1,71.87
,38338,2026-04-21T19:36:55+00:00,349,0,1,37.59
,37653,2026-04-21T19:36:55+00:00,1399,0,1,47.68
,37657,2026-04-21T19:36:55+00:00,1469,0,1,47.68
,38737,2026-04-21T19:36:55+00:00,139,0,1,37.59
,39885,2026-04-21T19:36:55+00:00,79,0,1,37.59
,36664,2026-04-21T19:36:55+00:00,2159,0,1,34.75
,36667,2026-04-21T19:36:55+00:00,2159,0,1,34.01
,36687,2026-04-21T19:36:55+00:00,2055,0,1,49.41
,36728,2026-04-21T19:36:55+00:00,2205,0,1,47.68
,38788,2026-04-21T19:36:55+00:00,3.9,0,1,46.39
,36607,2026-04-21T19:36:55+00:00,1489,0,1,37.59
,36632,2026-04-21T19:36:55+00:00,1659,0,1,37.59
,36644,2026-04-21T19:36:55+00:00,1699,0,1,37.59
,36651,2026-04-21T19:36:55+00:00,1769,0,1,37.59
,36657,2026-04-21T19:36:55+00:00,1789,0,1,37.59
,36670,2026-04-21T19:36:55+00:00,1819,0,1,37.59
,36702,2026-04-21T19:36:55+00:00,1929,0,1,37.59
,36703,2026-04-21T19:36:55+00:00,1929,0,1,37.59
,36704,2026-04-21T19:36:55+00:00,1929,0,1,37.59
,36708,2026-04-21T19:36:55+00:00,1945,0,1,41.58
,36719,2026-04-21T19:36:55+00:00,1969,0,1,37.59
,36723,2026-04-21T19:36:55+00:00,1995,0,1,37.59
,36726,2026-04-21T19:36:55+00:00,2019,0,1,37.59
,36727,2026-04-21T19:36:55+00:00,2019,0,1,54
,36735,2026-04-21T19:36:55+00:00,2049,0,1,37.59
,36752,2026-04-21T19:36:55+00:00,2099,0,1,37.59
,36763,2026-04-21T19:36:55+00:00,2129,0,1,37.59
,36764,2026-04-21T19:36:55+00:00,2139,0,1,37.59
,36765,2026-04-21T19:36:55+00:00,2145,0,1,37.59
,36766,2026-04-21T19:36:55+00:00,2145,0,1,56.53
,36767,2026-04-21T19:36:55+00:00,2149,0,1,37.59
,36775,2026-04-21T19:36:55+00:00,2169,0,1,37.59
,36777,2026-04-21T19:36:55+00:00,2175,0,1,37.59
,36786,2026-04-21T19:36:55+00:00,2199,0,1,37.59
,36827,2026-04-21T19:36:55+00:00,2339,0,1,24.72
,36835,2026-04-21T19:36:55+00:00,2359,0,1,37.59
,36836,2026-04-21T19:36:55+00:00,2359,0,1,24.72
,36843,2026-04-21T19:36:55+00:00,2369,0,1,37.59
,36848,2026-04-21T19:36:55+00:00,2389,0,1,37.59
,36849,2026-04-21T19:36:55+00:00,2389,0,1,37.59
,36851,2026-04-21T19:36:55+00:00,2389,0,1,37.59
,36855,2026-04-21T19:36:55+00:00,2399,0,1,37.59
,36865,2026-04-21T19:36:55+00:00,2409,0,1,37.59
,36870,2026-04-21T19:36:55+00:00,2419,0,1,37.59
,36881,2026-04-21T19:36:55+00:00,2455,0,1,47.2
,36886,2026-04-21T19:36:55+00:00,2459,0,1,37.59
,36891,2026-04-21T19:36:55+00:00,2479,0,1,37.59
,36897,2026-04-21T19:36:55+00:00,2499,0,1,52.49
,36904,2026-04-21T19:36:55+00:00,2515,0,1,37.59
,36914,2026-04-21T19:36:55+00:00,2549,0,1,37.59
,36921,2026-04-21T19:36:55+00:00,2559,0,1,37.59
,36938,2026-04-21T19:36:55+00:00,2595,0,1,41.31
,36941,2026-04-21T19:36:55+00:00,2609,0,1,37.59
,36942,2026-04-21T19:36:55+00:00,2609,0,1,37.59
,36944,2026-04-21T19:36:55+00:00,2615,0,1,37.59
,36948,2026-04-21T19:36:55+00:00,2635,0,1,46.8
,36954,2026-04-21T19:36:55+00:00,2649,0,1,37.59
,36963,2026-04-21T19:36:55+00:00,2679,0,1,37.59
,36968,2026-04-21T19:36:55+00:00,2699,0,1,37.59
,36978,2026-04-21T19:36:55+00:00,2739,0,1,37.59
,36981,2026-04-21T19:36:55+00:00,2749,0,1,43.06
,36985,2026-04-21T19:36:55+00:00,2759,0,1,52.49
,36992,2026-04-21T19:36:55+00:00,2789,0,1,24.72
,36995,2026-04-21T19:36:55+00:00,2799,0,1,52.49
,37001,2026-04-21T19:36:55+00:00,2819,0,1,37.59
,37004,2026-04-21T19:36:55+00:00,2829,0,1,37.59
,37008,2026-04-21T19:36:55+00:00,2839,0,1,37.59
,37036,2026-04-21T19:36:55+00:00,2939,0,1,37.59
,37037,2026-04-21T19:36:55+00:00,2939,0,1,24.72
,37041,2026-04-21T19:36:55+00:00,2949,0,1,37.59
,37042,2026-04-21T19:36:55+00:00,2949,0,1,42.89
,37043,2026-04-21T19:36:55+00:00,2949,0,1,37.59
,37074,2026-04-21T19:36:55+00:00,3069,0,1,37.59
,37084,2026-04-21T19:36:55+00:00,3095,0,1,37.59
,37085,2026-04-21T19:36:55+00:00,3097,0,1,41.18
,37099,2026-04-21T19:36:55+00:00,3169,0,1,37.59
,37102,2026-04-21T19:36:55+00:00,3189,0,1,24.72
,37106,2026-04-21T19:36:55+00:00,3229,0,1,37.59
,37122,2026-04-21T19:36:55+00:00,3349,0,1,37.59
,37134,2026-04-21T19:36:55+00:00,3399,0,1,42.58
,37136,2026-04-21T19:36:55+00:00,3415,0,1,24.72
,37139,2026-04-21T19:36:55+00:00,3429,0,1,37.59
,37149,2026-04-21T19:36:55+00:00,3509,0,1,37.59
,37154,2026-04-21T19:36:55+00:00,3569,0,1,37.59
,37172,2026-04-21T19:36:55+00:00,3659,0,1,37.59
,37176,2026-04-21T19:36:55+00:00,3729,0,1,37.59
,37179,2026-04-21T19:36:55+00:00,3769,0,1,37.59
,37181,2026-04-21T19:36:55+00:00,3789,0,1,37.59
,37218,2026-04-21T19:36:55+00:00,4079,0,1,37.59
,37222,2026-04-21T19:36:55+00:00,4119,0,1,37.59
,37229,2026-04-21T19:36:55+00:00,4199,0,1,52.49
,37255,2026-04-21T19:36:55+00:00,4419,0,1,37.59
,37256,2026-04-21T19:36:55+00:00,4419,0,1,37.59
,37267,2026-04-21T19:36:55+00:00,4569,0,1,37.59
,37289,2026-04-21T19:36:55+00:00,4795,0,1,37.59
,39336,2026-04-21T19:36:55+00:00,49,0,1,37.59
,37295,2026-04-21T19:36:55+00:00,4899,0,1,37.59
,37313,2026-04-21T19:36:55+00:00,5299,0,1,37.59
,37323,2026-04-21T19:36:55+00:00,5599,0,1,54
,37352,2026-04-21T19:36:55+00:00,6799,0,1,37.59
,37354,2026-04-21T19:36:55+00:00,6999,0,1,37.59
,37362,2026-04-21T19:36:55+00:00,7199,0,1,41.9
,37363,2026-04-21T19:36:55+00:00,7219,0,1,37.59
,37364,2026-04-21T19:36:55+00:00,7399,0,1,37.59
,37370,2026-04-21T19:36:55+00:00,7659,0,1,37.59
,37371,2026-04-21T19:36:55+00:00,7829,0,1,37.59
,37376,2026-04-21T19:36:55+00:00,7899,0,1,37.59
,37378,2026-04-21T19:36:55+00:00,8199,0,1,24.72
,37381,2026-04-21T19:36:55+00:00,8399,0,1,37.59
,37395,2026-04-21T19:36:55+00:00,13809,0,1,37.59
,37396,2026-04-21T19:36:55+00:00,14619,0,1,37.59
,37419,2026-04-21T19:36:55+00:00,1119,0,1,37.59
,37425,2026-04-21T19:36:55+00:00,1229,0,1,52.49
,37426,2026-04-21T19:36:55+00:00,1229,0,1,37.59
,37428,2026-04-21T19:36:55+00:00,1279,0,1,37.59
,37429,2026-04-21T19:36:55+00:00,1279,0,1,24.72
,37431,2026-04-21T19:36:55+00:00,1289,0,1,37.59
,37435,2026-04-21T19:36:55+00:00,1319,0,1,52.49
,37436,2026-04-21T19:36:55+00:00,1319,0,1,37.59
,37438,2026-04-21T19:36:55+00:00,1339,0,1,37.59
,37442,2026-04-21T19:36:55+00:00,1359,0,1,37.59
,37444,2026-04-21T19:36:55+00:00,1399,0,1,37.59
,37446,2026-04-21T19:36:55+00:00,1419,0,1,52.49
,37450,2026-04-21T19:36:55+00:00,1439,0,1,37.59
,37454,2026-04-21T19:36:55+00:00,1469,0,1,37.59
,37455,2026-04-21T19:36:55+00:00,1479,0,1,37.59
,39386,2026-04-21T19:36:55+00:00,119,0,1,37.59
,37456,2026-04-21T19:36:55+00:00,1489,0,1,37.59
,37457,2026-04-21T19:36:55+00:00,1489,0,1,37.59
,37459,2026-04-21T19:36:55+00:00,1519,0,1,37.59
,37460,2026-04-21T19:36:55+00:00,1529,0,1,37.59
,37463,2026-04-21T19:36:55+00:00,1539,0,1,37.59
,37467,2026-04-21T19:36:55+00:00,1559,0,1,37.59
,37468,2026-04-21T19:36:55+00:00,1579,0,1,37.59
,37469,2026-04-21T19:36:55+00:00,1579,0,1,37.59
,37470,2026-04-21T19:36:55+00:00,1589,0,1,24.72
,37472,2026-04-21T19:36:55+00:00,1599,0,1,37.59
,37474,2026-04-21T19:36:55+00:00,1635,0,1,37.59
,37475,2026-04-21T19:36:55+00:00,1639,0,1,37.59
,37478,2026-04-21T19:36:55+00:00,1679,0,1,37.59
,37480,2026-04-21T19:36:55+00:00,1689,0,1,37.59
,37481,2026-04-21T19:36:55+00:00,1699,0,1,52.49
,37491,2026-04-21T19:36:55+00:00,1789,0,1,37.59
,37492,2026-04-21T19:36:55+00:00,1795,0,1,37.59
,37494,2026-04-21T19:36:55+00:00,1819,0,1,37.59
,37496,2026-04-21T19:36:55+00:00,1849,0,1,37.59
,37498,2026-04-21T19:36:55+00:00,1865,0,1,42.51
,37499,2026-04-21T19:36:55+00:00,1899,0,1,37.59
,37503,2026-04-21T19:36:55+00:00,1929,0,1,37.59
,37505,2026-04-21T19:36:55+00:00,1929,0,1,37.59
,37506,2026-04-21T19:36:55+00:00,1929,0,1,37.59
,37513,2026-04-21T19:36:55+00:00,1979,0,1,37.59
,37514,2026-04-21T19:36:55+00:00,1979,0,1,37.59
,37515,2026-04-21T19:36:55+00:00,1979,0,1,37.59
,37516,2026-04-21T19:36:55+00:00,1989,0,1,24.72
,37517,2026-04-21T19:36:55+00:00,2009,0,1,37.59
,37518,2026-04-21T19:36:55+00:00,2019,0,1,37.59
,37527,2026-04-21T19:36:55+00:00,2099,0,1,37.59
,37530,2026-04-21T19:36:55+00:00,2119,0,1,37.59
,37531,2026-04-21T19:36:55+00:00,2129,0,1,37.59
,37533,2026-04-21T19:36:55+00:00,2139,0,1,37.59
,37536,2026-04-21T19:36:55+00:00,2149,0,1,37.59
,37537,2026-04-21T19:36:55+00:00,2189,0,1,37.59
,37543,2026-04-21T19:36:55+00:00,2279,0,1,37.59
,37544,2026-04-21T19:36:55+00:00,2289,0,1,37.59
,37548,2026-04-21T19:36:55+00:00,2369,0,1,37.59
,37549,2026-04-21T19:36:55+00:00,2389,0,1,42.08
,37551,2026-04-21T19:36:55+00:00,2399,0,1,37.59
,37552,2026-04-21T19:36:55+00:00,2399,0,1,37.59
,37556,2026-04-21T19:36:55+00:00,2429,0,1,37.59
,37560,2026-04-21T19:36:55+00:00,2479,0,1,37.59
,37561,2026-04-21T19:36:55+00:00,2479,0,1,37.59
,37564,2026-04-21T19:36:55+00:00,2529,0,1,37.59
,37566,2026-04-21T19:36:55+00:00,2539,0,1,37.59
,37568,2026-04-21T19:36:55+00:00,2569,0,1,37.59
,37571,2026-04-21T19:36:55+00:00,2589,0,1,37.59
,37572,2026-04-21T19:36:55+00:00,2589,0,1,37.59
,37577,2026-04-21T19:36:55+00:00,2649,0,1,37.59
,37579,2026-04-21T19:36:55+00:00,2689,0,1,37.59
,37580,2026-04-21T19:36:55+00:00,2699,0,1,37.59
,37581,2026-04-21T19:36:55+00:00,2739,0,1,37.59
,37585,2026-04-21T19:36:55+00:00,2779,0,1,37.59
,37589,2026-04-21T19:36:55+00:00,2839,0,1,37.59
,37590,2026-04-21T19:36:55+00:00,2849,0,1,37.59
,37593,2026-04-21T19:36:55+00:00,2949,0,1,37.59
,37600,2026-04-21T19:36:55+00:00,3079,0,1,37.59
,37632,2026-04-21T19:36:55+00:00,6239,0,1,37.59
,37659,2026-04-21T19:36:55+00:00,1499,0,1,37.59
,37678,2026-04-21T19:36:55+00:00,1699,0,1,37.59
,37682,2026-04-21T19:36:55+00:00,1749,0,1,37.59
,37695,2026-04-21T19:36:55+00:00,1849,0,1,37.59
,38360,2026-04-21T19:36:55+00:00,409,0,1,37.59
,37736,2026-04-21T19:36:55+00:00,2129,0,1,37.59
,37739,2026-04-21T19:36:55+00:00,2159,0,1,37.59
,37762,2026-04-21T19:36:55+00:00,2299,0,1,37.59
,37843,2026-04-21T19:36:55+00:00,2699,0,1,37.59
,37845,2026-04-21T19:36:55+00:00,2699,0,1,37.59
,37859,2026-04-21T19:36:55+00:00,2799,0,1,37.59
,37891,2026-04-21T19:36:55+00:00,2949,0,1,37.59
,37895,2026-04-21T19:36:55+00:00,2979,0,1,37.59
,37916,2026-04-21T19:36:55+00:00,3059,0,1,37.59
,37927,2026-04-21T19:36:55+00:00,3099,0,1,37.59
,37951,2026-04-21T19:36:55+00:00,3199,0,1,37.59
,37952,2026-04-21T19:36:55+00:00,3199,0,1,37.59
,37973,2026-04-21T19:36:55+00:00,3349,0,1,37.59
,37992,2026-04-21T19:36:55+00:00,3459,0,1,37.59
,38001,2026-04-21T19:36:55+00:00,3549,0,1,37.59
,38003,2026-04-21T19:36:55+00:00,3569,0,1,37.59
,38011,2026-04-21T19:36:55+00:00,3599,0,1,37.59
,38026,2026-04-21T19:36:55+00:00,3759,0,1,37.59
,38104,2026-04-21T19:36:55+00:00,4659,0,1,37.59
,38142,2026-04-21T19:36:55+00:00,5479,0,1,37.59
,38241,2026-04-21T19:36:55+00:00,11599,0,1,37.59
,38247,2026-04-21T19:36:55+00:00,13499,0,1,37.59
,38248,2026-04-21T19:36:55+00:00,14199,0,1,37.59
,38249,2026-04-21T19:36:55+00:00,14299,0,1,37.59
,38250,2026-04-21T19:36:55+00:00,14999,0,1,37.59
,38251,2026-04-21T19:36:55+00:00,15799,0,1,37.59
,38252,2026-04-21T19:36:55+00:00,15799,0,1,37.59
,38253,2026-04-21T19:36:55+00:00,15999,0,1,37.59
,38254,2026-04-21T19:36:55+00:00,18199,0,1,37.59
,38255,2026-04-21T19:36:55+00:00,19699,0,1,37.59
,38265,2026-04-21T19:36:55+00:00,2045,0,1,37.59
,38266,2026-04-21T19:36:55+00:00,2069,0,1,37.59
,38364,2026-04-21T19:36:55+00:00,439,0,1,52.49
,38267,2026-04-21T19:36:55+00:00,2259,0,1,37.59
,38270,2026-04-21T19:36:55+00:00,2479,0,1,24.72
,38276,2026-04-21T19:36:55+00:00,2779,0,1,37.59
,38278,2026-04-21T19:36:55+00:00,2929,0,1,37.59
,38279,2026-04-21T19:36:55+00:00,2949,0,1,37.59
,38281,2026-04-21T19:36:55+00:00,2989,0,1,37.59
,38282,2026-04-21T19:36:55+00:00,3029,0,1,41.47
,38285,2026-04-21T19:36:55+00:00,3249,0,1,24.72
,38286,2026-04-21T19:36:55+00:00,3289,0,1,37.59
,38288,2026-04-21T19:36:55+00:00,3399,0,1,37.59
,38291,2026-04-21T19:36:55+00:00,3549,0,1,37.59
,38292,2026-04-21T19:36:55+00:00,3599,0,1,37.59
,38293,2026-04-21T19:36:55+00:00,3849,0,1,37.59
,38294,2026-04-21T19:36:55+00:00,3899,0,1,37.59
,38295,2026-04-21T19:36:55+00:00,3999,0,1,37.59
,38296,2026-04-21T19:36:55+00:00,4049,0,1,37.59
,38297,2026-04-21T19:36:55+00:00,165,0,1,54
,38298,2026-04-21T19:36:55+00:00,199,0,1,37.59
,38299,2026-04-21T19:36:55+00:00,209,0,1,37.59
,38300,2026-04-21T19:36:55+00:00,209,0,1,52.49
,38301,2026-04-21T19:36:55+00:00,229,0,1,37.59
,38302,2026-04-21T19:36:55+00:00,239,0,1,37.59
,38303,2026-04-21T19:36:55+00:00,239,0,1,37.59
,38305,2026-04-21T19:36:55+00:00,249,0,1,37.59
,38311,2026-04-21T19:36:55+00:00,279,0,1,37.59
,38313,2026-04-21T19:36:55+00:00,289,0,1,52.49
,38327,2026-04-21T19:36:55+00:00,329,0,1,37.59
,38329,2026-04-21T19:36:55+00:00,329,0,1,52.49
,38340,2026-04-21T19:36:55+00:00,349,0,1,37.59
,38366,2026-04-21T19:36:55+00:00,449,0,1,37.59
,38367,2026-04-21T19:36:55+00:00,449,0,1,37.59
,38370,2026-04-21T19:36:55+00:00,459,0,1,37.59
,38373,2026-04-21T19:36:55+00:00,469,0,1,37.59
,38375,2026-04-21T19:36:55+00:00,469,0,1,54
,38381,2026-04-21T19:36:55+00:00,499,0,1,37.59
,38388,2026-04-21T19:36:55+00:00,519,0,1,37.59
,38390,2026-04-21T19:36:55+00:00,549,0,1,52.49
,38392,2026-04-21T19:36:55+00:00,569,0,1,37.59
,38398,2026-04-21T19:36:55+00:00,609,0,1,37.59
,38404,2026-04-21T19:36:55+00:00,629,0,1,37.59
,38406,2026-04-21T19:36:55+00:00,649,0,1,37.59
,38407,2026-04-21T19:36:55+00:00,659,0,1,37.59
,38413,2026-04-21T19:36:55+00:00,719,0,1,37.59
,38415,2026-04-21T19:36:55+00:00,769,0,1,37.59
,38422,2026-04-21T19:36:55+00:00,1059,0,1,37.59
,38425,2026-04-21T19:36:55+00:00,1249,0,1,37.59
,38429,2026-04-21T19:36:55+00:00,1499,0,1,37.59
,38434,2026-04-21T19:36:55+00:00,1769,0,1,37.59
,38440,2026-04-21T19:36:55+00:00,4119,0,1,37.59
,38445,2026-04-21T19:36:55+00:00,5179,0,1,37.59
,38450,2026-04-21T19:36:55+00:00,6059,0,1,37.59
,38454,2026-04-21T19:36:55+00:00,6829,0,1,37.59
,38495,2026-04-21T19:36:55+00:00,53,0,1,37.59
,38507,2026-04-21T19:36:55+00:00,199,0,1,37.59
,38523,2026-04-21T19:36:55+00:00,269,0,1,37.59
,38526,2026-04-21T19:36:55+00:00,289,0,1,37.59
,38527,2026-04-21T19:36:55+00:00,289,0,1,37.59
,38535,2026-04-21T19:36:55+00:00,335,0,1,37.59
,38536,2026-04-21T19:36:55+00:00,335,0,1,37.59
,38537,2026-04-21T19:36:55+00:00,335,0,1,37.59
,38545,2026-04-21T19:36:55+00:00,409,0,1,37.59
,38603,2026-04-21T19:36:55+00:00,4259,0,1,37.59
,38611,2026-04-21T19:36:55+00:00,16,0,1,52.49
,38637,2026-04-21T19:36:55+00:00,55,0,1,37.59
,38639,2026-04-21T19:36:55+00:00,55,0,1,37.59
,38702,2026-04-21T19:36:55+00:00,95,0,1,37.59
,38776,2026-04-21T19:36:55+00:00,329,0,1,37.59
,38783,2026-04-21T19:36:55+00:00,3,0,1,37.59
,38784,2026-04-21T19:36:55+00:00,3,0,1,37.59
,39112,2026-04-21T19:36:55+00:00,229,0,1,37.59
,39115,2026-04-21T19:36:55+00:00,269,0,1,37.59
,39122,2026-04-21T19:36:55+00:00,359,0,1,46.88
,39123,2026-04-21T19:36:55+00:00,369,0,1,37.59
,39125,2026-04-21T19:36:55+00:00,399,0,1,37.59
,39130,2026-04-21T19:36:55+00:00,7,0,1,37.59
,39131,2026-04-21T19:36:55+00:00,8,0,1,37.59
,39134,2026-04-21T19:36:55+00:00,9,0,1,37.59
,39143,2026-04-21T19:36:55+00:00,19,0,1,37.59
,39194,2026-04-21T19:36:55+00:00,99,0,1,37.59
,39200,2026-04-21T19:36:55+00:00,107,0,1,37.59
,39207,2026-04-21T19:36:55+00:00,119,0,1,37.59
,39216,2026-04-21T19:36:55+00:00,159,0,1,37.59
,39238,2026-04-21T19:36:55+00:00,279,0,1,37.59
,39239,2026-04-21T19:36:55+00:00,289,0,1,37.59
,39295,2026-04-21T19:36:55+00:00,119,0,1,37.59
,39332,2026-04-21T19:36:55+00:00,49,0,1,37.59
,39394,2026-04-21T19:36:55+00:00,252,0,1,37.59
,39395,2026-04-21T19:36:55+00:00,299,0,1,37.59
,39418,2026-04-21T19:36:55+00:00,129,0,1,37.59
,39421,2026-04-21T19:36:55+00:00,159,0,1,37.59
,39441,2026-04-21T19:36:55+00:00,409,0,1,37.59
,39547,2026-04-21T19:36:55+00:00,15999,0,1,37.59
,39561,2026-04-21T19:36:55+00:00,195,0,1,37.59
,39683,2026-04-21T19:36:55+00:00,159,0,1,24.72
,39727,2026-04-21T19:36:55+00:00,119,0,1,37.59
,39728,2026-04-21T19:36:55+00:00,175,0,1,37.59
,39735,2026-04-21T19:36:55+00:00,215,0,1,37.59
,39950,2026-04-21T19:36:55+00:00,699,0,1,37.59
,39967,2026-04-21T19:36:55+00:00,239,0,1,37.59
,39973,2026-04-21T19:36:55+00:00,295,0,1,24.72
,39974,2026-04-21T19:36:55+00:00,299,0,1,37.59
,39975,2026-04-21T19:36:55+00:00,329,0,1,37.59
,39989,2026-04-21T19:36:55+00:00,599,0,1,37.59
,40008,2026-04-21T19:36:55+00:00,369,0,1,37.59
,40109,2026-04-21T19:36:55+00:00,19,0,1,24.72
,40110,2026-04-21T19:36:55+00:00,30,0,1,37.59
,36544,2026-04-21T19:36:55+00:00,959,0,1,24.72
,36569,2026-04-21T19:36:55+00:00,1079,0,1,37.59
,36573,2026-04-21T19:36:55+00:00,1369,0,1,47.68
,36575,2026-04-21T19:36:55+00:00,1159,0,1,37.59
,36577,2026-04-21T19:36:55+00:00,1185,0,1,37.59
,36578,2026-04-21T19:36:55+00:00,1289,0,1,37.59
,38334,2026-04-21T19:36:55+00:00,339,0,1,62.07
,38853,2026-04-21T19:36:55+00:00,12,0,1,37.59
,39621,2026-04-21T19:36:55+00:00,189,0,1,37.59
,40113,2026-04-21T19:36:55+00:00,37,0,1,37.59
,40116,2026-04-21T19:36:55+00:00,73,0,1,37.59
,40120,2026-04-21T19:36:55+00:00,222,0,1,37.59
,40123,2026-04-21T19:36:55+00:00,28,0,1,37.59
,40124,2026-04-21T19:36:55+00:00,30,0,1,37.59
,40148,2026-04-21T19:36:55+00:00,99,0,1,37.59
,40963,2026-04-21T19:36:55+00:00,469,0,1,37.59
,41082,2026-04-21T19:36:55+00:00,4,0,1,52.49
,36668,2026-04-21T19:36:55+00:00,1999,0,1,47.68
,36680,2026-04-21T19:36:55+00:00,2209,0,1,34.01
,36731,2026-04-21T19:36:55+00:00,2373,0,1,47.68
,36823,2026-04-21T19:36:55+00:00,2429,0,1,47.68
,37643,2026-04-21T19:36:55+00:00,1119,0,1,47.68
,37649,2026-04-21T19:36:55+00:00,1319,0,1,47.68
,37665,2026-04-21T19:36:55+00:00,1569,0,1,47.68
,37666,2026-04-21T19:36:55+00:00,1589,0,1,47.68
,37668,2026-04-21T19:36:55+00:00,1599,0,1,47.68
,37674,2026-04-21T19:36:55+00:00,1679,0,1,47.68
,41477,2026-04-21T19:40:18+00:00,19,0,1,47.43
,41915,2026-04-21T19:40:18+00:00,89,0,1,32.17
,42009,2026-04-21T19:40:18+00:00,459,0,1,47.43
,41725,2026-04-21T19:40:18+00:00,159,0,1,32.17
,41728,2026-04-21T19:40:18+00:00,159,0,1,32.17
,41380,2026-04-21T19:40:18+00:00,125,0,1,71.87
,41969,2026-04-21T19:40:18+00:00,199,0,1,32.17
,41951,2026-04-21T19:40:18+00:00,169,0,1,32.17
,41950,2026-04-21T19:40:18+00:00,169,0,1,32.17
,41955,2026-04-21T19:40:18+00:00,179,0,1,32.17
,41953,2026-04-21T19:40:18+00:00,179,0,1,32.17
,41956,2026-04-21T19:40:18+00:00,179,0,1,32.17
,41882,2026-04-21T19:40:18+00:00,69,0,1,32.17
,41552,2026-04-21T19:40:18+00:00,55,0,1,76.36
,41557,2026-04-21T19:40:18+00:00,55,0,1,32.17
,41994,2026-04-21T19:40:18+00:00,359,0,1,32.17
,41962,2026-04-21T19:40:18+00:00,185,0,1,32.17
,41963,2026-04-21T19:40:18+00:00,185,0,1,32.17
,41879,2026-04-21T19:40:18+00:00,69,0,1,32.17
,41881,2026-04-21T19:40:18+00:00,69,0,1,32.17
,41639,2026-04-21T19:40:18+00:00,89,0,1,62.07
,41510,2026-04-21T19:40:18+00:00,31.9,0,1,71.87
,42003,2026-04-21T19:40:18+00:00,429,0,1,32.17
,42042,2026-04-21T19:40:18+00:00,1299,0,1,37.31
,41748,2026-04-21T19:40:18+00:00,199,0,1,62.07
,41759,2026-04-21T19:40:18+00:00,199,0,1,76.36
,42025,2026-04-21T19:40:18+00:00,589,0,1,39.83
,42024,2026-04-21T19:40:18+00:00,589,0,1,39.83
,42050,2026-04-21T19:40:18+00:00,1799,0,1,32.17
,42034,2026-04-21T19:40:18+00:00,1069,0,1,32.17
,42033,2026-04-21T19:40:18+00:00,1069,0,1,32.17
,41776,2026-04-21T19:40:18+00:00,279,0,1,32.17
,42058,2026-04-21T19:40:18+00:00,3889,0,1,32.17
,42010,2026-04-21T19:40:18+00:00,459,0,1,32.17
,42008,2026-04-21T19:40:18+00:00,459,0,1,32.17
,41932,2026-04-21T19:40:18+00:00,109,0,1,32.17
,42037,2026-04-21T19:40:18+00:00,1149,0,1,32.17
,42052,2026-04-21T19:40:18+00:00,2099,0,1,32.17
,41536,2026-04-21T19:40:18+00:00,49,0,1,32.17
,41610,2026-04-21T19:40:18+00:00,75,0,1,32.17
,41509,2026-04-21T19:40:18+00:00,31.9,0,1,71.87
,41576,2026-04-21T19:40:18+00:00,59,0,1,32.17
,41693,2026-04-21T19:40:18+00:00,129,0,1,32.17
,42047,2026-04-21T19:40:18+00:00,1595,0,1,32.17
,42036,2026-04-21T19:40:18+00:00,1119,0,1,32.17
,42048,2026-04-21T19:40:18+00:00,1595,0,1,32.17
,41877,2026-04-21T19:40:18+00:00,65,0,1,32.17
,38446,2026-04-21T19:40:18+00:00,5299,0,1,62.07
,38447,2026-04-21T19:40:18+00:00,5529,0,1,62.07
,38452,2026-04-21T19:40:18+00:00,6239,0,1,62.07
,38457,2026-04-21T19:40:18+00:00,7299,0,1,62.07
,39299,2026-04-21T19:40:18+00:00,166,0,1,32.17
,39454,2026-04-21T19:40:18+00:00,579,0,1,32.17
,41173,2026-04-21T19:40:18+00:00,1049,0,1,69.47
,41175,2026-04-21T19:40:18+00:00,1099,0,1,62.07
,41152,2026-04-21T19:40:18+00:00,459,0,1,32.17
,41154,2026-04-21T19:40:18+00:00,499,0,1,32.17
,41176,2026-04-21T19:40:18+00:00,1149,0,1,69.14
,41186,2026-04-21T19:40:18+00:00,1399,0,1,62.07
,41199,2026-04-21T19:40:18+00:00,1699,0,1,76.36
,41177,2026-04-21T19:40:18+00:00,1159,0,1,32.17
,41180,2026-04-21T19:40:18+00:00,1259,0,1,32.17
,41214,2026-04-21T19:40:18+00:00,2099,0,1,62.07
,41220,2026-04-21T19:40:18+00:00,2299,0,1,62.07
,41224,2026-04-21T19:40:18+00:00,2499,0,1,62.07
,41240,2026-04-21T19:40:18+00:00,3749,0,1,62.07
,41241,2026-04-21T19:40:18+00:00,3999,0,1,62.07
,41218,2026-04-21T19:40:18+00:00,2299,0,1,39.46
,41226,2026-04-21T19:40:18+00:00,2599,0,1,36.36
,41251,2026-04-21T19:40:18+00:00,5889,0,1,62.07
,41258,2026-04-21T19:40:18+00:00,6999,0,1,32.17
,41273,2026-04-21T19:40:18+00:00,649,0,1,47.43
,41307,2026-04-21T19:40:18+00:00,65,0,1,62.07
,41309,2026-04-21T19:40:18+00:00,199,0,1,62.07
,41323,2026-04-21T19:40:18+00:00,799,0,1,76.36
,41308,2026-04-21T19:40:18+00:00,79,0,1,32.17
,41343,2026-04-21T19:40:18+00:00,79,0,1,47.43
,41345,2026-04-21T19:40:18+00:00,119,0,1,32.17
,41349,2026-04-21T19:40:18+00:00,169,0,1,32.17
,41353,2026-04-21T19:40:18+00:00,2859,0,1,37.11
,41354,2026-04-21T19:40:18+00:00,2939,0,1,32.17
,41355,2026-04-21T19:40:18+00:00,3169,0,1,32.17
,41356,2026-04-21T19:40:18+00:00,3190,0,1,32.17
,41357,2026-04-21T19:40:18+00:00,3689,0,1,32.17
,41369,2026-04-21T19:40:18+00:00,69,0,1,32.17
,41406,2026-04-21T19:40:18+00:00,4099,0,1,62.07
,41415,2026-04-21T19:40:18+00:00,3.5,0,1,71.87
,41423,2026-04-21T19:40:18+00:00,4,0,1,47.43
,41424,2026-04-21T19:40:18+00:00,5,0,1,32.17
,41437,2026-04-21T19:40:18+00:00,6,0,1,32.17
,41467,2026-04-21T19:40:18+00:00,15.9,0,1,71.87
,41446,2026-04-21T19:40:18+00:00,9,0,1,32.17
,41447,2026-04-21T19:40:18+00:00,9,0,1,32.17
,41459,2026-04-21T19:40:18+00:00,14,0,1,32.17
,41464,2026-04-21T19:40:18+00:00,15,0,1,32.17
,41475,2026-04-21T19:40:18+00:00,18,0,1,32.17
,41476,2026-04-21T19:40:18+00:00,18,0,1,32.17
,41482,2026-04-21T19:40:18+00:00,19,0,1,32.17
,41487,2026-04-21T19:40:18+00:00,24,0,1,62.07
,41498,2026-04-21T19:40:18+00:00,27,0,1,77.56
,41493,2026-04-21T19:40:18+00:00,25.9,0,1,71.87
,41492,2026-04-21T19:40:18+00:00,25,0,1,32.17
,41494,2026-04-21T19:40:18+00:00,25,0,1,32.17
,41495,2026-04-21T19:40:18+00:00,25,0,1,32.17
,41513,2026-04-21T19:40:18+00:00,35,0,1,32.17
,41528,2026-04-21T19:40:18+00:00,39,0,1,76.36
,41532,2026-04-21T19:40:18+00:00,40,0,1,62.07
,41537,2026-04-21T19:40:18+00:00,49,0,1,62.07
,41562,2026-04-21T19:40:18+00:00,56,0,1,76.36
,41533,2026-04-21T19:40:18+00:00,42,0,1,32.17
,41594,2026-04-21T19:40:18+00:00,69,0,1,35.54
,41583,2026-04-21T19:40:18+00:00,65,0,1,47.43
,41621,2026-04-21T19:40:18+00:00,82,0,1,62.07
,41623,2026-04-21T19:40:18+00:00,85,0,1,76.36
,41625,2026-04-21T19:40:18+00:00,85,0,1,62.07
,41631,2026-04-21T19:40:18+00:00,89,0,1,45.32
,41676,2026-04-21T19:40:18+00:00,119,0,1,71.87
,41653,2026-04-21T19:40:18+00:00,99,0,1,77.56
,41667,2026-04-21T19:40:18+00:00,105,0,1,62.07
,41660,2026-04-21T19:40:18+00:00,99,0,1,32.17
,41661,2026-04-21T19:40:18+00:00,99,0,1,32.17
,41700,2026-04-21T19:40:18+00:00,139,0,1,35.54
,41702,2026-04-21T19:40:18+00:00,139,0,1,62.07
,41707,2026-04-21T19:40:18+00:00,145,0,1,62.07
,41749,2026-04-21T19:40:18+00:00,199,0,1,62.07
,41764,2026-04-21T19:40:18+00:00,215,0,1,62.07
,41765,2026-04-21T19:40:18+00:00,236,0,1,62.07
,41731,2026-04-21T19:40:18+00:00,169,0,1,32.17
,41753,2026-04-21T19:40:18+00:00,199,0,1,32.17
,41778,2026-04-21T19:40:18+00:00,289,0,1,62.07
,41803,2026-04-21T19:40:18+00:00,379,0,1,62.07
,41804,2026-04-21T19:40:18+00:00,379,0,1,62.07
,41816,2026-04-21T19:40:18+00:00,679,0,1,62.07
,41942,2026-04-21T19:40:18+00:00,129,0,1,32.17
,42072,2026-04-21T19:40:18+00:00,79,0,1,62.07
,42066,2026-04-21T19:40:18+00:00,49,0,1,32.17
,41418,2026-04-21T19:40:18+00:00,3.9,0,1,71.87
,41421,2026-04-21T19:40:18+00:00,4.5,0,1,71.87
,41432,2026-04-21T19:40:18+00:00,5.9,0,1,71.87
,41460,2026-04-21T19:40:18+00:00,14.5,0,1,71.87
,41462,2026-04-21T19:40:18+00:00,14.9,0,1,71.87
,41529,2026-04-21T19:40:18+00:00,39.9,0,1,71.87
,41531,2026-04-21T19:40:18+00:00,39.9,0,1,57.31
,41677,2026-04-21T19:40:18+00:00,119,0,1,71.87
,39455,2026-04-21T19:40:18+00:00,689,0,1,32.17
,39456,2026-04-21T19:40:18+00:00,999,0,1,49.04
,41157,2026-04-21T19:40:18+00:00,589,0,1,32.17
,41188,2026-04-21T19:40:18+00:00,1399,0,1,32.17
,41190,2026-04-21T19:40:18+00:00,1489,0,1,32.17
,41198,2026-04-21T19:40:18+00:00,1679,0,1,32.17
,41208,2026-04-21T19:40:18+00:00,1999,0,1,47.08
,41231,2026-04-21T19:40:18+00:00,2989,0,1,32.17
,41274,2026-04-21T19:40:18+00:00,679,0,1,53.95
,41277,2026-04-21T19:40:18+00:00,469,0,1,32.17
,41288,2026-04-21T19:40:18+00:00,1179,0,1,32.17
,41378,2026-04-21T19:40:18+00:00,119,0,1,32.17
,41391,2026-04-21T19:40:18+00:00,259,0,1,32.17
,41395,2026-04-21T19:40:18+00:00,359,0,1,32.17
,41398,2026-04-21T19:40:18+00:00,1199,0,1,59.14
,41588,2026-04-21T19:40:18+00:00,65,0,1,47.43
,41615,2026-04-21T19:40:18+00:00,79,0,1,32.17
,41616,2026-04-21T19:40:18+00:00,79,0,1,32.17
,41618,2026-04-21T19:40:18+00:00,79,0,1,32.17
,41628,2026-04-21T19:40:18+00:00,89,0,1,32.17
,41663,2026-04-21T19:40:18+00:00,105,0,1,32.17
,41678,2026-04-21T19:40:18+00:00,119,0,1,32.17
,41690,2026-04-21T19:40:18+00:00,129,0,1,32.17
,41691,2026-04-21T19:40:18+00:00,129,0,1,32.17
,41710,2026-04-21T19:40:18+00:00,149,0,1,32.17
,41711,2026-04-21T19:40:18+00:00,149,0,1,47.43
,41712,2026-04-21T19:40:18+00:00,149,0,1,47.43
,41756,2026-04-21T19:40:18+00:00,199,0,1,32.17
,41770,2026-04-21T19:40:18+00:00,249,0,1,32.17
,41784,2026-04-21T19:40:18+00:00,299,0,1,32.17
,41798,2026-04-21T19:40:18+00:00,349,0,1,49.04
,41807,2026-04-21T19:40:18+00:00,399,0,1,32.17
,41808,2026-04-21T19:40:18+00:00,429,0,1,48.26
,41821,2026-04-21T19:40:18+00:00,7,0,1,32.17
,41822,2026-04-21T19:40:18+00:00,8,0,1,32.17
,41823,2026-04-21T19:40:18+00:00,14,0,1,32.17
,41824,2026-04-21T19:40:18+00:00,15,0,1,32.17
,41825,2026-04-21T19:40:18+00:00,16,0,1,32.17
,41826,2026-04-21T19:40:18+00:00,18,0,1,32.17
,41827,2026-04-21T19:40:18+00:00,19,0,1,32.17
,41828,2026-04-21T19:40:18+00:00,19,0,1,32.17
,41829,2026-04-21T19:40:18+00:00,19,0,1,32.17
,41830,2026-04-21T19:40:18+00:00,19,0,1,32.17
,41831,2026-04-21T19:40:18+00:00,21,0,1,32.17
,41832,2026-04-21T19:40:18+00:00,24,0,1,32.17
,41833,2026-04-21T19:40:18+00:00,24,0,1,32.17
,41834,2026-04-21T19:40:18+00:00,25,0,1,32.17
,41835,2026-04-21T19:40:18+00:00,25,0,1,32.17
,41836,2026-04-21T19:40:18+00:00,25,0,1,47.43
,41837,2026-04-21T19:40:18+00:00,25,0,1,32.17
,41838,2026-04-21T19:40:18+00:00,29,0,1,32.17
,41839,2026-04-21T19:40:18+00:00,29,0,1,32.17
,41840,2026-04-21T19:40:18+00:00,29,0,1,32.17
,41841,2026-04-21T19:40:18+00:00,29,0,1,32.17
,41842,2026-04-21T19:40:18+00:00,29,0,1,32.17
,41843,2026-04-21T19:40:18+00:00,29,0,1,32.17
,41844,2026-04-21T19:40:18+00:00,33,0,1,32.17
,41845,2026-04-21T19:40:18+00:00,35,0,1,32.17
,41846,2026-04-21T19:40:18+00:00,35,0,1,32.17
,41847,2026-04-21T19:40:18+00:00,37,0,1,32.17
,41848,2026-04-21T19:40:18+00:00,39,0,1,32.17
,41849,2026-04-21T19:40:18+00:00,39,0,1,32.17
,41850,2026-04-21T19:40:18+00:00,39,0,1,32.17
,41851,2026-04-21T19:40:18+00:00,39,0,1,32.17
,41852,2026-04-21T19:40:18+00:00,39,0,1,32.17
,41853,2026-04-21T19:40:18+00:00,39,0,1,32.17
,41854,2026-04-21T19:40:18+00:00,39,0,1,32.17
,41855,2026-04-21T19:40:18+00:00,39,0,1,32.17
,41856,2026-04-21T19:40:18+00:00,39,0,1,32.17
,41857,2026-04-21T19:40:18+00:00,39,0,1,32.17
,41858,2026-04-21T19:40:18+00:00,39,0,1,19.95
,41859,2026-04-21T19:40:18+00:00,45,0,1,32.17
,41860,2026-04-21T19:40:18+00:00,45,0,1,47.43
,41862,2026-04-21T19:40:18+00:00,45,0,1,32.17
,41863,2026-04-21T19:40:18+00:00,48,0,1,32.17
,41864,2026-04-21T19:40:18+00:00,49,0,1,32.17
,41865,2026-04-21T19:40:18+00:00,49,0,1,32.17
,41866,2026-04-21T19:40:18+00:00,53,0,1,32.17
,41867,2026-04-21T19:40:18+00:00,55,0,1,32.17
,41868,2026-04-21T19:40:18+00:00,55,0,1,32.17
,41869,2026-04-21T19:40:18+00:00,55,0,1,32.17
,41870,2026-04-21T19:40:18+00:00,55,0,1,32.17
,41871,2026-04-21T19:40:18+00:00,55,0,1,32.17
,41872,2026-04-21T19:40:18+00:00,59,0,1,32.17
,41873,2026-04-21T19:40:18+00:00,59,0,1,32.17
,41874,2026-04-21T19:40:18+00:00,59,0,1,32.17
,41875,2026-04-21T19:40:18+00:00,65,0,1,32.17
,41876,2026-04-21T19:40:18+00:00,65,0,1,32.17
,41880,2026-04-21T19:40:18+00:00,69,0,1,32.17
,41884,2026-04-21T19:40:18+00:00,69,0,1,32.17
,41885,2026-04-21T19:40:18+00:00,69,0,1,47.43
,41887,2026-04-21T19:40:18+00:00,69,0,1,32.17
,41888,2026-04-21T19:40:18+00:00,69,0,1,32.17
,41889,2026-04-21T19:40:18+00:00,69,0,1,32.17
,41890,2026-04-21T19:40:18+00:00,69,0,1,32.17
,41891,2026-04-21T19:40:18+00:00,74,0,1,32.17
,41892,2026-04-21T19:40:18+00:00,74,0,1,32.17
,41893,2026-04-21T19:40:18+00:00,74,0,1,32.17
,41894,2026-04-21T19:40:18+00:00,75,0,1,32.17
,41895,2026-04-21T19:40:18+00:00,75,0,1,32.17
,41896,2026-04-21T19:40:18+00:00,75,0,1,32.17
,41897,2026-04-21T19:40:18+00:00,79,0,1,32.17
,41898,2026-04-21T19:40:18+00:00,79,0,1,32.17
,41899,2026-04-21T19:40:18+00:00,79,0,1,32.17
,41900,2026-04-21T19:40:18+00:00,79,0,1,32.17
,41901,2026-04-21T19:40:18+00:00,79,0,1,32.17
,41902,2026-04-21T19:40:18+00:00,85,0,1,32.17
,41903,2026-04-21T19:40:18+00:00,85,0,1,32.17
,41904,2026-04-21T19:40:18+00:00,85,0,1,32.17
,41905,2026-04-21T19:40:18+00:00,85,0,1,32.17
,41906,2026-04-21T19:40:18+00:00,85,0,1,32.17
,41907,2026-04-21T19:40:18+00:00,89,0,1,32.17
,41908,2026-04-21T19:40:18+00:00,89,0,1,32.17
,41909,2026-04-21T19:40:18+00:00,89,0,1,32.17
,41910,2026-04-21T19:40:18+00:00,89,0,1,32.17
,41911,2026-04-21T19:40:18+00:00,89,0,1,32.17
,41912,2026-04-21T19:40:18+00:00,89,0,1,32.17
,41913,2026-04-21T19:40:18+00:00,89,0,1,32.17
,41914,2026-04-21T19:40:18+00:00,89,0,1,32.17
,41916,2026-04-21T19:40:18+00:00,89,0,1,32.17
,41917,2026-04-21T19:40:18+00:00,92,0,1,32.17
,41918,2026-04-21T19:40:18+00:00,95,0,1,32.17
,41919,2026-04-21T19:40:18+00:00,95,0,1,32.17
,41920,2026-04-21T19:40:18+00:00,95,0,1,32.17
,41921,2026-04-21T19:40:18+00:00,99,0,1,32.17
,41922,2026-04-21T19:40:18+00:00,99,0,1,32.17
,41923,2026-04-21T19:40:18+00:00,99,0,1,32.17
,41924,2026-04-21T19:40:18+00:00,99,0,1,32.17
,41925,2026-04-21T19:40:18+00:00,99,0,1,32.17
,41926,2026-04-21T19:40:18+00:00,99,0,1,32.17
,41927,2026-04-21T19:40:18+00:00,99,0,1,32.17
,41928,2026-04-21T19:40:18+00:00,109,0,1,32.17
,41929,2026-04-21T19:40:18+00:00,109,0,1,32.17
,41930,2026-04-21T19:40:18+00:00,109,0,1,32.17
,41931,2026-04-21T19:40:18+00:00,109,0,1,32.17
,41935,2026-04-21T19:40:18+00:00,115,0,1,32.17
,41936,2026-04-21T19:40:18+00:00,115,0,1,32.17
,41937,2026-04-21T19:40:18+00:00,115,0,1,32.17
,41938,2026-04-21T19:40:18+00:00,119,0,1,32.17
,41939,2026-04-21T19:40:18+00:00,119,0,1,32.17
,41940,2026-04-21T19:40:18+00:00,119,0,1,32.17
,41941,2026-04-21T19:40:18+00:00,125,0,1,32.17
,41943,2026-04-21T19:40:18+00:00,139,0,1,32.17
,41944,2026-04-21T19:40:18+00:00,139,0,1,32.17
,41945,2026-04-21T19:40:18+00:00,139,0,1,32.17
,41946,2026-04-21T19:40:18+00:00,144,0,1,32.17
,41947,2026-04-21T19:40:18+00:00,149,0,1,32.17
,41948,2026-04-21T19:40:18+00:00,159,0,1,32.17
,41949,2026-04-21T19:40:18+00:00,169,0,1,47.43
,41952,2026-04-21T19:40:18+00:00,177,0,1,32.17
,41954,2026-04-21T19:40:18+00:00,179,0,1,19.95
,41957,2026-04-21T19:40:18+00:00,179,0,1,32.17
,41958,2026-04-21T19:40:18+00:00,179,0,1,32.17
,41959,2026-04-21T19:40:18+00:00,179,0,1,32.17
,41960,2026-04-21T19:40:18+00:00,179,0,1,32.17
,41961,2026-04-21T19:40:18+00:00,179,0,1,32.17
,41966,2026-04-21T19:40:18+00:00,195,0,1,32.17
,41967,2026-04-21T19:40:18+00:00,199,0,1,58.63
,41968,2026-04-21T19:40:18+00:00,199,0,1,58.63
,41970,2026-04-21T19:40:18+00:00,199,0,1,32.17
,41973,2026-04-21T19:40:18+00:00,215,0,1,32.17
,41974,2026-04-21T19:40:18+00:00,229,0,1,32.17
,41976,2026-04-21T19:40:18+00:00,239,0,1,32.17
,41977,2026-04-21T19:40:18+00:00,239,0,1,32.17
,41979,2026-04-21T19:40:18+00:00,249,0,1,32.17
,41981,2026-04-21T19:40:18+00:00,269,0,1,32.17
,41982,2026-04-21T19:40:18+00:00,278,0,1,32.17
,41983,2026-04-21T19:40:18+00:00,279,0,1,32.17
,41984,2026-04-21T19:40:18+00:00,319,0,1,32.17
,41985,2026-04-21T19:40:18+00:00,319,0,1,47.43
,41986,2026-04-21T19:40:18+00:00,329,0,1,32.17
,41987,2026-04-21T19:40:18+00:00,329,0,1,32.17
,41990,2026-04-21T19:40:18+00:00,349,0,1,45.32
,41991,2026-04-21T19:40:18+00:00,349,0,1,45.32
,41992,2026-04-21T19:40:18+00:00,349,0,1,45.32
,41993,2026-04-21T19:40:18+00:00,349,0,1,45.32
,41995,2026-04-21T19:40:18+00:00,399,0,1,32.17
,41996,2026-04-21T19:40:18+00:00,399,0,1,32.17
,41997,2026-04-21T19:40:18+00:00,399,0,1,32.17
,41998,2026-04-21T19:40:18+00:00,409,0,1,32.17
,41999,2026-04-21T19:40:18+00:00,419,0,1,32.17
,42001,2026-04-21T19:40:18+00:00,425,0,1,32.17
,42002,2026-04-21T19:40:18+00:00,425,0,1,32.17
,42004,2026-04-21T19:40:18+00:00,429,0,1,32.17
,42005,2026-04-21T19:40:18+00:00,449,0,1,32.17
,42006,2026-04-21T19:40:18+00:00,449,0,1,32.17
,42011,2026-04-21T19:40:18+00:00,469,0,1,32.17
,42012,2026-04-21T19:40:18+00:00,489,0,1,32.17
,42013,2026-04-21T19:40:18+00:00,489,0,1,32.17
,42014,2026-04-21T19:40:18+00:00,519,0,1,47.43
,42015,2026-04-21T19:40:18+00:00,519,0,1,47.43
,42016,2026-04-21T19:40:18+00:00,519,0,1,32.17
,42017,2026-04-21T19:40:18+00:00,519,0,1,32.17
,42018,2026-04-21T19:40:18+00:00,519,0,1,47.43
,42019,2026-04-21T19:40:18+00:00,519,0,1,47.43
,42020,2026-04-21T19:40:18+00:00,519,0,1,32.17
,42021,2026-04-21T19:40:18+00:00,549,0,1,32.17
,42022,2026-04-21T19:40:18+00:00,549,0,1,32.17
,42023,2026-04-21T19:40:18+00:00,549,0,1,32.17
,42027,2026-04-21T19:40:18+00:00,599,0,1,32.17
,42028,2026-04-21T19:40:18+00:00,599,0,1,32.17
,42029,2026-04-21T19:40:18+00:00,599,0,1,32.17
,42030,2026-04-21T19:40:18+00:00,599,0,1,32.17
,42031,2026-04-21T19:40:18+00:00,659,0,1,32.17
,42032,2026-04-21T19:40:18+00:00,899,0,1,37.38
,42035,2026-04-21T19:40:18+00:00,1079,0,1,32.17
,42039,2026-04-21T19:40:18+00:00,1289,0,1,47.43
,42040,2026-04-21T19:40:18+00:00,1289,0,1,47.43
,42041,2026-04-21T19:40:18+00:00,1299,0,1,32.17
,42043,2026-04-21T19:40:18+00:00,1449,0,1,32.17
,42044,2026-04-21T19:40:18+00:00,1499,0,1,37.56
,42045,2026-04-21T19:40:18+00:00,1499,0,1,32.17
,42046,2026-04-21T19:40:18+00:00,1589,0,1,32.17
,42049,2026-04-21T19:40:18+00:00,1649,0,1,42.66
,42051,2026-04-21T19:40:18+00:00,2099,0,1,32.17
,42053,2026-04-21T19:40:18+00:00,2249,0,1,44.07
,42054,2026-04-21T19:40:18+00:00,2539,0,1,32.17
,42055,2026-04-21T19:40:18+00:00,2619,0,1,32.17
,42056,2026-04-21T19:40:18+00:00,2799,0,1,38.72
,42057,2026-04-21T19:40:18+00:00,2989,0,1,32.17
,42081,2026-04-21T19:40:18+00:00,459,0,1,41.05
,38487,2026-04-21T19:44:27+00:00,25,0,1,62.07
,40936,2026-04-21T19:44:27+00:00,39,0,1,71.87
,40932,2026-04-21T19:44:27+00:00,39,0,1,82.94
,41047,2026-04-21T19:44:27+00:00,49,0,1,62.07
,40945,2026-04-21T19:44:27+00:00,109,0,1,32.17
,40943,2026-04-21T19:44:27+00:00,99,0,1,32.17
,41122,2026-04-21T19:44:27+00:00,39,0,1,32.17
,38465,2026-04-21T19:44:27+00:00,6,0,1,32.17
,38466,2026-04-21T19:44:27+00:00,6,0,1,32.17
,38467,2026-04-21T19:44:27+00:00,6,0,1,32.17
,38496,2026-04-21T19:44:27+00:00,55,0,1,62.07
,38501,2026-04-21T19:44:27+00:00,99,0,1,62.07
,38494,2026-04-21T19:44:27+00:00,49,0,1,47.43
,38504,2026-04-21T19:44:27+00:00,189,0,1,32.17
,39435,2026-04-21T19:44:27+00:00,269,0,1,32.17
,40160,2026-04-21T19:44:27+00:00,35,0,1,47.43
,40164,2026-04-21T19:44:27+00:00,37,0,1,47.43
,40191,2026-04-21T19:44:27+00:00,45,0,1,32.17
,40216,2026-04-21T19:44:27+00:00,52,0,1,62.07
,40225,2026-04-21T19:44:27+00:00,55,0,1,62.07
,40232,2026-04-21T19:44:27+00:00,59,0,1,62.07
,40204,2026-04-21T19:44:27+00:00,49,0,1,32.17
,40250,2026-04-21T19:44:27+00:00,199,0,1,62.07
,40251,2026-04-21T19:44:27+00:00,209,0,1,62.07
,40255,2026-04-21T19:44:27+00:00,219,0,1,62.07
,40270,2026-04-21T19:44:27+00:00,259,0,1,62.07
,40272,2026-04-21T19:44:27+00:00,265,0,1,62.07
,40283,2026-04-21T19:44:27+00:00,289,0,1,62.07
,40295,2026-04-21T19:44:27+00:00,319,0,1,62.07
,40316,2026-04-21T19:44:27+00:00,359,0,1,62.07
,40280,2026-04-21T19:44:27+00:00,269,0,1,32.17
,40281,2026-04-21T19:44:27+00:00,279,0,1,32.17
,40282,2026-04-21T19:44:27+00:00,289,0,1,32.17
,40290,2026-04-21T19:44:27+00:00,319,0,1,32.17
,40318,2026-04-21T19:44:27+00:00,359,0,1,62.07
,40333,2026-04-21T19:44:27+00:00,399,0,1,72.21
,40341,2026-04-21T19:44:27+00:00,399,0,1,72.21
,40342,2026-04-21T19:44:27+00:00,399,0,1,72.21
,40394,2026-04-21T19:44:27+00:00,539,0,1,62.07
,40395,2026-04-21T19:44:27+00:00,549,0,1,62.07
,40423,2026-04-21T19:44:27+00:00,629,0,1,62.07
,40429,2026-04-21T19:44:27+00:00,649,0,1,76.36
,40431,2026-04-21T19:44:27+00:00,649,0,1,62.07
,40443,2026-04-21T19:44:27+00:00,699,0,1,70.76
,40455,2026-04-21T19:44:27+00:00,749,0,1,62.07
,40456,2026-04-21T19:44:27+00:00,749,0,1,76.36
,40462,2026-04-21T19:44:27+00:00,779,0,1,62.07
,40514,2026-04-21T19:44:27+00:00,1079,0,1,76.36
,40518,2026-04-21T19:44:27+00:00,1199,0,1,71.51
,40545,2026-04-21T19:44:27+00:00,1599,0,1,62.07
,40546,2026-04-21T19:44:27+00:00,1649,0,1,62.07
,40568,2026-04-21T19:44:27+00:00,2199,0,1,62.07
,40573,2026-04-21T19:44:27+00:00,2399,0,1,62.07
,40575,2026-04-21T19:44:27+00:00,2899,0,1,77.56
,40622,2026-04-21T19:44:27+00:00,22,0,1,62.07
,40628,2026-04-21T19:44:27+00:00,25,0,1,62.07
,40652,2026-04-21T19:44:27+00:00,99,0,1,62.07
,40625,2026-04-21T19:44:27+00:00,23,0,1,32.17
,40643,2026-04-21T19:44:27+00:00,89,0,1,49.04
,40659,2026-04-21T19:44:27+00:00,99,0,1,77.56
,40689,2026-04-21T19:44:27+00:00,139,0,1,62.07
,40695,2026-04-21T19:44:27+00:00,149,0,1,62.07
,40700,2026-04-21T19:44:27+00:00,159,0,1,62.07
,40709,2026-04-21T19:44:27+00:00,169,0,1,62.07
,40722,2026-04-21T19:44:27+00:00,169,0,1,62.07
,40740,2026-04-21T19:44:27+00:00,199,0,1,62.07
,40747,2026-04-21T19:44:27+00:00,199,0,1,76.36
,40749,2026-04-21T19:44:27+00:00,219,0,1,62.07
,40762,2026-04-21T19:44:27+00:00,249,0,1,62.07
,40764,2026-04-21T19:44:27+00:00,249,0,1,32.17
,40781,2026-04-21T19:44:27+00:00,379,0,1,62.07
,40786,2026-04-21T19:44:27+00:00,399,0,1,32.17
,40819,2026-04-21T19:44:27+00:00,1499,0,1,72.48
,40823,2026-04-21T19:44:27+00:00,1699,0,1,77.27
,40828,2026-04-21T19:44:27+00:00,1789,0,1,48.63
,40830,2026-04-21T19:44:27+00:00,2199,0,1,47.44
,40898,2026-04-21T19:44:27+00:00,22,0,1,62.07
,40905,2026-04-21T19:44:27+00:00,35,0,1,62.07
,40911,2026-04-21T19:44:27+00:00,55,0,1,62.07
,40915,2026-04-21T19:44:27+00:00,59,0,1,62.07
,40900,2026-04-21T19:44:27+00:00,29,0,1,32.17
,40902,2026-04-21T19:44:27+00:00,15,0,1,32.17
,40909,2026-04-21T19:44:27+00:00,49,0,1,32.17
,40947,2026-04-21T19:44:27+00:00,109,0,1,62.07
,40989,2026-04-21T19:44:27+00:00,6.5,0,1,71.87
,40986,2026-04-21T19:44:27+00:00,5,0,1,32.17
,41030,2026-04-21T19:44:27+00:00,20.9,0,1,71.87
,41004,2026-04-21T19:44:27+00:00,9,0,1,32.17
,41006,2026-04-21T19:44:27+00:00,9,0,1,32.17
,41010,2026-04-21T19:44:27+00:00,11,0,1,32.17
,41018,2026-04-21T19:44:27+00:00,13,0,1,32.17
,41033,2026-04-21T19:44:27+00:00,25,0,1,62.07
,41057,2026-04-21T19:44:27+00:00,69,0,1,62.07
,41059,2026-04-21T19:44:27+00:00,75,0,1,62.07
,41060,2026-04-21T19:44:27+00:00,85,0,1,62.07
,41058,2026-04-21T19:44:27+00:00,69,0,1,32.17
,41063,2026-04-21T19:44:27+00:00,89,0,1,47.43
,41079,2026-04-21T19:44:27+00:00,459,0,1,62.07
,41092,2026-04-21T19:44:27+00:00,11.9,0,1,71.87
,41069,2026-04-21T19:44:27+00:00,99,0,1,32.17
,41085,2026-04-21T19:44:27+00:00,5,0,1,32.17
,41088,2026-04-21T19:44:27+00:00,8,0,1,32.17
,41109,2026-04-21T19:44:27+00:00,27,0,1,62.07
,41117,2026-04-21T19:44:27+00:00,32,0,1,62.07
,41127,2026-04-21T19:44:27+00:00,65,0,1,62.07
,41128,2026-04-21T19:44:27+00:00,65,0,1,71.87
,41148,2026-04-21T19:44:27+00:00,219,0,1,62.07
,40972,2026-04-21T19:44:27+00:00,3.5,0,1,71.87
,41090,2026-04-21T19:44:27+00:00,9.5,0,1,82.94
,40197,2026-04-21T19:44:27+00:00,46,0,1,32.17
,40229,2026-04-21T19:44:27+00:00,59,0,1,32.17
,40230,2026-04-21T19:44:27+00:00,59,0,1,32.17
,40231,2026-04-21T19:44:27+00:00,59,0,1,32.17
,40236,2026-04-21T19:44:27+00:00,69,0,1,32.17
,40248,2026-04-21T19:44:27+00:00,199,0,1,32.17
,40254,2026-04-21T19:44:27+00:00,219,0,1,32.17
,40261,2026-04-21T19:44:27+00:00,249,0,1,47.43
,40262,2026-04-21T19:44:27+00:00,249,0,1,47.43
,40263,2026-04-21T19:44:27+00:00,249,0,1,47.43
,40264,2026-04-21T19:44:27+00:00,249,0,1,47.43
,40273,2026-04-21T19:44:27+00:00,265,0,1,32.17
,40274,2026-04-21T19:44:27+00:00,265,0,1,47.43
,40275,2026-04-21T19:44:27+00:00,269,0,1,32.17
,40292,2026-04-21T19:44:27+00:00,319,0,1,32.17
,40294,2026-04-21T19:44:27+00:00,319,0,1,32.17
,40297,2026-04-21T19:44:27+00:00,319,0,1,32.17
,40314,2026-04-21T19:44:27+00:00,359,0,1,32.17
,40317,2026-04-21T19:44:27+00:00,359,0,1,32.17
,40329,2026-04-21T19:44:27+00:00,389,0,1,47.99
,40335,2026-04-21T19:44:27+00:00,399,0,1,32.17
,40337,2026-04-21T19:44:27+00:00,399,0,1,40.07
,40340,2026-04-21T19:44:27+00:00,399,0,1,47.43
,40461,2026-04-21T19:44:27+00:00,779,0,1,32.17
,40512,2026-04-21T19:44:27+00:00,1069,0,1,32.17
,40516,2026-04-21T19:44:27+00:00,1079,0,1,47.43
,40519,2026-04-21T19:44:27+00:00,1199,0,1,41.54
,40525,2026-04-21T19:44:27+00:00,1259,0,1,32.17
,40532,2026-04-21T19:44:27+00:00,1319,0,1,32.17
,40533,2026-04-21T19:44:27+00:00,1319,0,1,32.17
,40534,2026-04-21T19:44:27+00:00,1319,0,1,32.17
,40539,2026-04-21T19:44:27+00:00,1499,0,1,32.17
,40549,2026-04-21T19:44:27+00:00,1649,0,1,32.17
,40550,2026-04-21T19:44:27+00:00,1649,0,1,32.17
,40563,2026-04-21T19:44:27+00:00,1999,0,1,32.17
,40564,2026-04-21T19:44:27+00:00,1999,0,1,32.17
,40565,2026-04-21T19:44:27+00:00,2049,0,1,43.29
,40572,2026-04-21T19:44:27+00:00,2349,0,1,51.65
,40577,2026-04-21T19:44:27+00:00,3499,0,1,39.66
,40578,2026-04-21T19:44:27+00:00,3499,0,1,41.7
,40579,2026-04-21T19:44:27+00:00,3499,0,1,41.7
,40580,2026-04-21T19:44:27+00:00,3499,0,1,40.71
,40582,2026-04-21T19:44:27+00:00,3999,0,1,40.96
,40583,2026-04-21T19:44:27+00:00,3999,0,1,40.96
,40584,2026-04-21T19:44:27+00:00,3999,0,1,40.96
,40614,2026-04-21T19:44:27+00:00,7699,0,1,32.17
,40720,2026-04-21T19:44:27+00:00,169,0,1,32.17
,40729,2026-04-21T19:44:27+00:00,189,0,1,47.43
,40731,2026-04-21T19:44:27+00:00,189,0,1,32.17
,40797,2026-04-21T19:44:27+00:00,499,0,1,30.69
,40808,2026-04-21T19:44:27+00:00,979,0,1,32.17
,40955,2026-04-21T19:44:27+00:00,199,0,1,32.17
,41091,2026-04-21T19:44:27+00:00,11,0,1,47.43
,41112,2026-04-21T19:44:27+00:00,27,0,1,32.17
,41118,2026-04-21T19:44:27+00:00,37,0,1,32.17
,41121,2026-04-21T19:44:27+00:00,39,0,1,32.17
,41124,2026-04-21T19:44:27+00:00,55,0,1,32.17
,41134,2026-04-21T19:44:27+00:00,129,0,1,32.17
,46896,2026-04-21T23:06:59+00:00,12,0,0,61.63
,46904,2026-04-21T23:06:59+00:00,14,0,0,61.63
,46925,2026-04-21T23:06:59+00:00,27.5,0,0,76.02
,46865,2026-04-21T23:07:03+00:00,699,0,0,76.02
,46699,2026-04-21T23:07:27+00:00,427,0,1,76.02
,46979,2026-04-21T23:22:12+00:00,279,0,1,44.86
,46996,2026-04-21T23:22:17+00:00,479,0,0,61.63
,47137,2026-04-21T23:22:40+00:00,10,0,0,58.37
,47137,2026-04-21T23:22:40+00:00,10,0,0,58.37
,46677,2026-04-21T23:22:58+00:00,65,1,0,75.93
,36589,2026-04-21T23:26:11+00:00,1629,0,0,57.31
,36599,2026-04-21T23:26:11+00:00,1669,0,0,57.31
,36602,2026-04-21T23:26:11+00:00,1679,0,0,71.87
,36621,2026-04-21T23:26:18+00:00,1899,0,0,54.67
,36623,2026-04-21T23:26:18+00:00,1909,0,0,69.65
,36629,2026-04-21T23:26:18+00:00,1955,0,0,69.65
,36627,2026-04-21T23:26:18+00:00,1959,0,0,69.65
,36636,2026-04-21T23:26:18+00:00,1965,0,0,69.65
,36628,2026-04-21T23:26:18+00:00,1969,0,0,69.65
,36640,2026-04-21T23:26:21+00:00,1975,0,0,69.65
,36654,2026-04-21T23:26:25+00:00,2109,0,0,54.67
,36652,2026-04-21T23:26:25+00:00,2109,0,0,54.67
,36655,2026-04-21T23:26:25+00:00,2119,0,0,69.65
,36671,2026-04-21T23:26:25+00:00,2159,0,0,69.65
,36686,2026-04-21T23:26:25+00:00,2159,0,0,69.65
,36669,2026-04-21T23:26:25+00:00,2159,0,0,69.65
,36630,2026-04-21T23:26:25+00:00,2159,0,0,54.67
,36695,2026-04-21T23:26:25+00:00,2169,0,0,69.65
,36672,2026-04-21T23:26:25+00:00,2169,0,0,69.65
,36643,2026-04-21T23:26:29+00:00,2209,0,0,69.65
,36666,2026-04-21T23:26:33+00:00,2325,0,0,69.65
,36665,2026-04-21T23:26:33+00:00,2325,0,0,69.65
,36882,2026-04-21T23:26:36+00:00,2395,0,0,62.07
,36753,2026-04-21T23:26:36+00:00,2399,0,0,69.65
,36700,2026-04-21T23:26:36+00:00,2399,0,0,69.65
,36647,2026-04-21T23:26:36+00:00,2399,0,0,81.37
,36878,2026-04-21T23:26:40+00:00,2431,0,0,78.33
,36714,2026-04-21T23:26:40+00:00,2449,0,0,69.65
,36769,2026-04-21T23:26:40+00:00,2449,0,0,69.65
,36658,2026-04-21T23:26:40+00:00,2449,0,0,69.65
,36799,2026-04-21T23:26:40+00:00,2459,0,0,62.07
,36895,2026-04-21T23:26:40+00:00,2475,0,0,78.34
,36806,2026-04-21T23:26:44+00:00,2489,0,0,62.07
,36740,2026-04-21T23:26:44+00:00,2499,0,0,78.63
,36710,2026-04-21T23:26:44+00:00,2499,0,0,69.65
,36817,2026-04-21T23:26:44+00:00,2519,0,0,62.07
,36729,2026-04-21T23:26:44+00:00,2539,0,0,69.65
,36730,2026-04-21T23:26:44+00:00,2539,0,0,69.65
,36917,2026-04-21T23:26:48+00:00,2545,0,0,62.07
,36916,2026-04-21T23:26:48+00:00,2545,0,0,62.07
,36899,2026-04-21T23:26:48+00:00,2559,0,0,82.89
,36844,2026-04-21T23:26:48+00:00,2569,0,0,62.07
,36715,2026-04-21T23:26:48+00:00,2599,0,0,54.67
,36864,2026-04-21T23:26:48+00:00,2599,0,0,62.07
,36960,2026-04-21T23:26:48+00:00,2605,0,0,62.07
,36829,2026-04-21T23:26:48+00:00,2605,0,0,69.65
,36868,2026-04-21T23:26:54+00:00,2619,0,0,62.07
,36988,2026-04-21T23:26:54+00:00,2619,0,0,62.07
,36957,2026-04-21T23:26:54+00:00,2635,0,0,78.4
,36847,2026-04-21T23:26:54+00:00,2649,0,0,69.65
,36889,2026-04-21T23:26:54+00:00,2669,0,0,62.07
,36762,2026-04-21T23:26:54+00:00,2679,0,0,69.65
,36970,2026-04-21T23:26:54+00:00,2679,0,0,78.41
,36876,2026-04-21T23:26:54+00:00,2699,0,0,69.65
,36781,2026-04-21T23:26:58+00:00,2719,0,0,81.37
,36986,2026-04-21T23:26:58+00:00,2745,0,0,62.07
,36987,2026-04-21T23:26:58+00:00,2745,0,0,62.07
,36795,2026-04-21T23:27:02+00:00,2769,0,0,69.65
,36918,2026-04-21T23:27:02+00:00,2801,0,0,78.07
,37005,2026-04-21T23:27:02+00:00,2805,0,0,62.07
,37006,2026-04-21T23:27:02+00:00,2805,0,0,62.07
,37032,2026-04-21T23:27:07+00:00,2841,0,0,78.46
,36940,2026-04-21T23:27:07+00:00,2845,0,0,78.07
,36861,2026-04-21T23:27:07+00:00,2859,0,0,77.47
,37049,2026-04-21T23:27:07+00:00,2885,0,0,78.46
,36956,2026-04-21T23:27:07+00:00,2895,0,0,78.07
,36996,2026-04-21T23:27:14+00:00,2985,0,0,69.65
,36989,2026-04-21T23:27:14+00:00,2995,0,0,77.43
,37017,2026-04-21T23:27:14+00:00,3035,0,0,69.65
,37002,2026-04-21T23:27:14+00:00,3039,0,0,77.44
,37003,2026-04-21T23:27:14+00:00,3045,0,0,77.44
,37021,2026-04-21T23:27:14+00:00,3089,0,0,77.45
,37040,2026-04-21T23:27:18+00:00,3119,0,0,69.65
,37031,2026-04-21T23:27:18+00:00,3139,0,0,62.07
,37022,2026-04-21T23:27:18+00:00,3169,0,0,69.65
,36887,2026-04-21T23:27:18+00:00,3169,0,0,69.65
,37075,2026-04-21T23:27:18+00:00,3179,0,0,69.65
,37069,2026-04-21T23:27:18+00:00,3211,0,0,76.84
,37088,2026-04-21T23:27:21+00:00,3229,0,0,69.65
,37079,2026-04-21T23:27:21+00:00,3255,0,0,77.55
,37091,2026-04-21T23:27:21+00:00,3305,0,0,76.94
,37086,2026-04-21T23:27:24+00:00,3359,0,0,78.24
,37098,2026-04-21T23:27:24+00:00,3369,1,0,66.48
,37103,2026-04-21T23:27:24+00:00,3389,0,0,76.36
,37133,2026-04-21T23:27:27+00:00,3489,0,0,62.07
,37063,2026-04-21T23:27:27+00:00,3499,0,0,60.94
,37056,2026-04-21T23:27:27+00:00,3529,0,0,69.65
,36909,2026-04-21T23:27:27+00:00,3559,0,0,64.66
,37111,2026-04-21T23:27:27+00:00,3559,0,0,69.65
,36925,2026-04-21T23:27:31+00:00,3599,0,0,77.06
,36932,2026-04-21T23:27:31+00:00,3599,0,0,77.06
,36950,2026-04-21T23:27:31+00:00,3649,0,0,77.08
,37090,2026-04-21T23:27:31+00:00,3659,0,0,62.07
,37207,2026-04-21T23:27:31+00:00,3689,0,0,69.12
,37205,2026-04-21T23:27:31+00:00,3689,0,0,69.12
,37206,2026-04-21T23:27:31+00:00,3689,0,0,62.07
,37175,2026-04-21T23:27:34+00:00,3819,0,0,69.65
,37143,2026-04-21T23:27:34+00:00,3859,0,0,69.65
,37174,2026-04-21T23:27:37+00:00,3899,0,0,62.07
,37152,2026-04-21T23:27:37+00:00,3909,0,0,69.65
,37113,2026-04-21T23:27:37+00:00,3929,0,0,69.65
,37180,2026-04-21T23:27:37+00:00,3989,0,0,62.07
,37199,2026-04-21T23:27:37+00:00,3999,0,0,69.65
,37197,2026-04-21T23:27:37+00:00,3999,0,0,69.65
,37185,2026-04-21T23:27:37+00:00,4009,0,0,62.07
,37147,2026-04-21T23:27:42+00:00,4099,0,0,54.67
,37292,2026-04-21T23:27:42+00:00,4199,0,0,74.9
,37293,2026-04-21T23:27:42+00:00,4199,0,0,69.65
,37291,2026-04-21T23:27:42+00:00,4199,0,0,75.96
,37210,2026-04-21T23:27:42+00:00,4199,0,0,62.07
,37214,2026-04-21T23:27:45+00:00,4249,0,0,62.07
,37202,2026-04-21T23:27:45+00:00,4349,0,0,69.65
,37195,2026-04-21T23:27:45+00:00,4359,0,0,69.65
,37223,2026-04-21T23:27:50+00:00,4399,0,0,69.65
,37245,2026-04-21T23:27:50+00:00,4399,0,0,74.26
,37253,2026-04-21T23:27:50+00:00,4499,0,0,74.75
,37248,2026-04-21T23:27:50+00:00,4519,0,0,62.07
,37249,2026-04-21T23:27:50+00:00,4599,0,0,69.65
,37266,2026-04-21T23:27:50+00:00,4639,0,0,73.62
,37217,2026-04-21T23:27:54+00:00,4699,0,0,69.65
,37344,2026-04-21T23:27:54+00:00,4709,0,0,45.32
,37265,2026-04-21T23:27:54+00:00,4739,0,0,62.07
,37268,2026-04-21T23:27:57+00:00,4819,0,0,62.07
,37325,2026-04-21T23:27:57+00:00,4899,0,0,62.07
,37326,2026-04-21T23:27:57+00:00,4899,0,0,62.07
,37327,2026-04-21T23:27:57+00:00,4899,0,0,62.07
,37328,2026-04-21T23:27:57+00:00,4899,0,0,62.07
,37321,2026-04-21T23:27:57+00:00,4925,0,0,45.32
,37240,2026-04-21T23:27:57+00:00,5099,0,0,69.65
,37247,2026-04-21T23:27:57+00:00,5149,0,0,69.65
,37309,2026-04-21T23:28:01+00:00,5399,0,0,62.07
,37280,2026-04-21T23:28:01+00:00,5419,0,0,69.65
,37290,2026-04-21T23:28:04+00:00,5879,0,0,37.59
,37350,2026-04-21T23:28:04+00:00,6159,0,0,62.07
,37343,2026-04-21T23:28:04+00:00,6239,0,0,37.59
,37369,2026-04-21T23:28:04+00:00,6469,0,0,62.07
,37357,2026-04-21T23:28:07+00:00,7059,0,0,69.65
,37356,2026-04-21T23:28:07+00:00,7059,0,0,69.65
,37382,2026-04-21T23:28:07+00:00,7189,0,0,69.65
,37366,2026-04-21T23:28:07+00:00,7579,0,0,69.65
,37373,2026-04-21T23:28:11+00:00,7919,0,0,69.65
,37374,2026-04-21T23:28:11+00:00,7919,0,0,69.65
,37386,2026-04-21T23:28:11+00:00,8779,0,0,69.65
,37385,2026-04-21T23:28:11+00:00,8779,0,0,69.65
,38316,2026-04-21T23:28:20+00:00,299,0,0,62.07
,38322,2026-04-21T23:28:20+00:00,299,0,0,62.07
,38324,2026-04-21T23:28:20+00:00,299,0,0,45.32
,38323,2026-04-21T23:28:20+00:00,309,0,0,62.07
,38341,2026-04-21T23:28:20+00:00,329,0,0,62.07
,38344,2026-04-21T23:28:23+00:00,369,0,0,62.07
,38350,2026-04-21T23:28:23+00:00,389,0,0,37.59
,38351,2026-04-21T23:28:23+00:00,389,0,0,62.07
,38357,2026-04-21T23:28:23+00:00,389,0,0,62.07
,38359,2026-04-21T23:28:27+00:00,409,0,0,37.59
,38391,2026-04-21T23:28:31+00:00,549,0,0,62.07
,38417,2026-04-21T23:28:36+00:00,789,0,0,37.59
,37412,2026-04-21T23:28:40+00:00,925,0,0,72.6
,37423,2026-04-21T23:28:46+00:00,1469,0,0,62.07
,37440,2026-04-21T23:28:49+00:00,1499,0,0,62.07
,37439,2026-04-21T23:28:49+00:00,1499,0,0,62.07
,37427,2026-04-21T23:28:49+00:00,1519,0,0,62.07
,37443,2026-04-21T23:28:49+00:00,1549,0,0,62.07
,37445,2026-04-21T23:28:52+00:00,1685,0,0,62.07
,37449,2026-04-21T23:28:52+00:00,1699,0,0,57.31
,37453,2026-04-21T23:28:52+00:00,1735,0,0,62.07
,37458,2026-04-21T23:28:52+00:00,1749,0,0,57.31
,37465,2026-04-21T23:28:56+00:00,1899,0,0,62.07
,37473,2026-04-21T23:28:56+00:00,1899,0,0,62.07
,37466,2026-04-21T23:28:56+00:00,1899,0,0,62.07
,37476,2026-04-21T23:29:00+00:00,1939,0,0,62.07
,37471,2026-04-21T23:29:00+00:00,1949,0,0,62.07
,37477,2026-04-21T23:29:00+00:00,1949,0,0,62.07
,37479,2026-04-21T23:29:00+00:00,1949,0,0,62.07
,37483,2026-04-21T23:29:00+00:00,1969,0,0,71.87
,37486,2026-04-21T23:29:00+00:00,1999,0,0,62.07
,37485,2026-04-21T23:29:00+00:00,1999,0,0,62.07
,37489,2026-04-21T23:29:00+00:00,2019,0,0,71.87
,37497,2026-04-21T23:29:00+00:00,2155,0,0,62.07
,37509,2026-04-21T23:29:05+00:00,2159,0,0,45.32
,37500,2026-04-21T23:29:05+00:00,2169,0,0,62.07
,37501,2026-04-21T23:29:05+00:00,2175,0,0,62.07
,37493,2026-04-21T23:29:05+00:00,2199,0,0,71.87
,37521,2026-04-21T23:29:05+00:00,2219,0,0,62.07
,37510,2026-04-21T23:29:05+00:00,2219,0,0,62.07
,37520,2026-04-21T23:29:05+00:00,2219,0,0,62.07
,37511,2026-04-21T23:29:05+00:00,2229,0,0,62.07
,37525,2026-04-21T23:29:05+00:00,2269,0,0,62.07
,37507,2026-04-21T23:29:05+00:00,2269,0,0,45.32
,37523,2026-04-21T23:29:05+00:00,2299,0,0,54.67
,37532,2026-04-21T23:29:09+00:00,2359,0,0,62.07
,37524,2026-04-21T23:29:09+00:00,2369,0,0,62.07
,37534,2026-04-21T23:29:09+00:00,2419,0,0,62.07
,37512,2026-04-21T23:29:09+00:00,2459,0,0,69.65
,37529,2026-04-21T23:29:09+00:00,2459,0,0,62.07
,37538,2026-04-21T23:29:09+00:00,2469,0,0,62.07
,38268,2026-04-21T23:29:12+00:00,2499,0,0,62.07
,37547,2026-04-21T23:29:12+00:00,2639,0,0,62.07
,37546,2026-04-21T23:29:12+00:00,2649,0,0,62.07
,37542,2026-04-21T23:29:16+00:00,2699,0,0,69.65
,37555,2026-04-21T23:29:16+00:00,2699,0,0,62.07
,37558,2026-04-21T23:29:16+00:00,2725,0,0,62.07
,37541,2026-04-21T23:29:16+00:00,2759,0,0,69.65
,37563,2026-04-21T23:29:16+00:00,2775,0,0,62.07
,38274,2026-04-21T23:29:16+00:00,2799,0,0,62.07
,37576,2026-04-21T23:29:19+00:00,2859,0,0,62.07
,37567,2026-04-21T23:29:19+00:00,2899,0,0,62.07
,37559,2026-04-21T23:29:19+00:00,2899,0,0,76.36
,38277,2026-04-21T23:29:19+00:00,2949,0,0,62.07
,37584,2026-04-21T23:29:23+00:00,2999,0,0,69.65
,37578,2026-04-21T23:29:26+00:00,3099,0,0,62.07
,37575,2026-04-21T23:29:26+00:00,3109,0,0,69.65
,37594,2026-04-21T23:29:26+00:00,3249,0,0,62.07
,37601,2026-04-21T23:29:30+00:00,3319,0,0,66.51
,37608,2026-04-21T23:29:37+00:00,3549,0,0,69.65
,37602,2026-04-21T23:29:37+00:00,3599,0,0,62.07
,37618,2026-04-21T23:29:45+00:00,4159,0,0,62.07
,38453,2026-04-21T23:30:07+00:00,6889,0,0,62.07
,38453,2026-04-21T23:30:07+00:00,6889,0,0,62.07
,38453,2026-04-21T23:30:07+00:00,6889,0,0,62.07
,38453,2026-04-21T23:30:07+00:00,6889,0,0,62.07
,37389,2026-04-21T23:30:07+00:00,7729,0,0,62.07
,38459,2026-04-21T23:30:12+00:00,8649,0,0,62.07
,38459,2026-04-21T23:30:12+00:00,8649,0,0,62.07
,38459,2026-04-21T23:30:12+00:00,8649,0,0,62.07
,38459,2026-04-21T23:30:12+00:00,8649,0,0,62.07
,38462,2026-04-21T23:30:15+00:00,10919,0,0,62.07
,40130,2026-04-21T23:30:22+00:00,23,0,0,52.49
,39676,2026-04-21T23:30:34+00:00,79,0,0,37.59
,39677,2026-04-21T23:30:38+00:00,105,0,0,71.87
,39678,2026-04-21T23:30:42+00:00,125,0,0,71.87
,39565,2026-04-21T23:30:54+00:00,229,0,0,45.32
,39484,2026-04-21T23:31:19+00:00,519,0,0,45.32
,39584,2026-04-21T23:31:28+00:00,739,0,0,62.07
,39559,2026-04-21T23:31:32+00:00,799,0,0,62.07
,39520,2026-04-21T23:31:32+00:00,889,0,0,52.49
,39522,2026-04-21T23:31:35+00:00,999,0,0,57.31
,39530,2026-04-21T23:31:39+00:00,1339,0,0,45.32
,39515,2026-04-21T23:31:44+00:00,2399,0,0,37.59
,38945,2026-04-21T23:32:22+00:00,19,0,0,62.07
,38946,2026-04-21T23:32:22+00:00,19,0,0,76.36
,38914,2026-04-21T23:32:26+00:00,21.5,0,0,62.07
,38673,2026-04-21T23:32:35+00:00,29,0,0,45.32
,38672,2026-04-21T23:32:39+00:00,29,0,0,45.32
,38671,2026-04-21T23:32:39+00:00,29,0,0,45.32
,38674,2026-04-21T23:32:39+00:00,29,0,0,45.32
,38661,2026-04-21T23:32:42+00:00,29,0,0,45.32
,38648,2026-04-21T23:33:13+00:00,55,0,0,62.07
,39169,2026-04-21T23:33:19+00:00,55,0,0,37.59
,39448,2026-04-21T23:33:31+00:00,69,0,0,62.07
,39193,2026-04-21T23:33:56+00:00,99,0,0,37.59
,39293,2026-04-21T23:33:59+00:00,109,0,0,62.07
,39105,2026-04-21T23:34:29+00:00,199,0,0,78.98
,39104,2026-04-21T23:34:29+00:00,199,0,0,78.98
,39113,2026-04-21T23:34:33+00:00,229,0,0,66.39
,39111,2026-04-21T23:34:33+00:00,229,0,0,66.39
,39121,2026-04-21T23:34:46+00:00,359,1,0,66.39
,39453,2026-04-21T23:34:50+00:00,499,0,0,32.96
,39457,2026-04-21T23:35:03+00:00,1799,0,0,62.07
,39458,2026-04-21T23:35:03+00:00,1799,0,0,62.07
,39459,2026-04-21T23:35:03+00:00,2749,0,0,62.07
,39938,2026-04-21T23:35:10+00:00,25,0,0,37.59
,39905,2026-04-21T23:35:17+00:00,4589,0,0,45.32
,39906,2026-04-21T23:35:17+00:00,4999,0,0,62.07
,39971,2026-04-21T23:35:27+00:00,349,0,0,57.31
,40018,2026-04-21T23:35:42+00:00,499,0,0,45.32
,40019,2026-04-21T23:35:42+00:00,699,0,0,24.72
,40130,2026-04-21T23:36:00+00:00,23,0,0,52.49
,40058,2026-04-21T23:36:14+00:00,18.9,0,0,52.49
,40112,2026-04-21T23:36:23+00:00,65,0,0,57.31
,38508,2026-04-21T23:36:35+00:00,239,0,0,37.59
,38525,2026-04-21T23:36:38+00:00,259,0,0,32.96
,38561,2026-04-21T23:36:46+00:00,599,0,0,76.36
,38571,2026-04-21T23:36:46+00:00,699,0,0,76.36
,38582,2026-04-21T23:36:49+00:00,1079,0,1,62.07
,38590,2026-04-21T23:36:49+00:00,1969,0,0,37.59
,41286,2026-04-21T23:37:26+00:00,1149,0,0,82.94
,41387,2026-04-21T23:37:47+00:00,192,0,0,62.07
,41394,2026-04-21T23:37:47+00:00,316,0,0,62.07
,41164,2026-04-21T23:38:05+00:00,919,0,0,76.36
,41170,2026-04-21T23:38:05+00:00,1049,0,0,76.36
,41181,2026-04-21T23:38:05+00:00,1219,0,0,66.39
,41191,2026-04-21T23:38:09+00:00,1599,0,0,32.17
,41197,2026-04-21T23:38:09+00:00,1699,0,0,52.07
,41201,2026-04-21T23:38:09+00:00,1799,0,0,71.87
,41200,2026-04-21T23:38:09+00:00,1969,0,0,47.43
,41212,2026-04-21T23:38:09+00:00,2199,0,0,32.17
,41225,2026-04-21T23:38:13+00:00,2749,0,0,62.07
,41229,2026-04-21T23:38:13+00:00,2899,0,0,62.07
,41245,2026-04-21T23:38:16+00:00,4399,0,0,66.26
,38443,2026-04-21T23:38:16+00:00,4709,0,0,69.65
,41248,2026-04-21T23:38:16+00:00,4879,0,0,62.07
,38449,2026-04-21T23:38:16+00:00,5649,0,0,69.65
,41255,2026-04-21T23:38:16+00:00,6669,0,0,62.07
,41259,2026-04-21T23:38:16+00:00,7199,0,0,62.07
,41261,2026-04-21T23:38:16+00:00,7499,0,0,62.07
,38458,2026-04-21T23:38:16+00:00,7649,0,0,69.65
,41553,2026-04-21T23:39:24+00:00,55,0,0,32.17
,41596,2026-04-21T23:39:30+00:00,69,0,0,35.54
,41613,2026-04-21T23:39:33+00:00,79,0,0,32.17
,41673,2026-04-21T23:39:42+00:00,109,0,0,32.17
,41713,2026-04-21T23:39:52+00:00,169,0,0,32.17
,41743,2026-04-21T23:39:55+00:00,179,0,0,45.32
,42104,2026-04-21T23:39:55+00:00,189,0,0,62.07
,41817,2026-04-21T23:40:09+00:00,669,0,0,62.07
,42085,2026-04-21T23:40:13+00:00,939,0,0,62.07
,40174,2026-04-21T23:40:26+00:00,39,0,0,32.17
,40228,2026-04-21T23:40:35+00:00,59,0,0,32.17
,40227,2026-04-21T23:40:35+00:00,59,0,0,47.43
,40233,2026-04-21T23:40:35+00:00,59,0,0,32.17
,40239,2026-04-21T23:40:35+00:00,79,0,0,32.17
,40240,2026-04-21T23:40:35+00:00,85,0,0,47.43
,40242,2026-04-21T23:40:35+00:00,85,0,0,32.17
,40284,2026-04-21T23:40:45+00:00,329,0,0,62.07
,40285,2026-04-21T23:40:45+00:00,329,0,0,62.07
,40306,2026-04-21T23:40:49+00:00,379,0,0,62.07
,40303,2026-04-21T23:40:49+00:00,379,0,0,62.07
,40319,2026-04-21T23:40:51+00:00,409,0,0,62.07
,40320,2026-04-21T23:40:51+00:00,409,0,0,62.07
,40386,2026-04-21T23:40:55+00:00,499,0,0,32.17
,40420,2026-04-21T23:40:59+00:00,579,0,0,62.07
,40415,2026-04-21T23:41:03+00:00,579,0,0,45.32
,40438,2026-04-21T23:41:07+00:00,699,0,0,62.07
,40439,2026-04-21T23:41:07+00:00,699,0,0,62.07
,40437,2026-04-21T23:41:07+00:00,699,0,0,62.07
,40467,2026-04-21T23:41:11+00:00,799,0,0,62.07
,40469,2026-04-21T23:41:11+00:00,799,0,0,62.07
,40468,2026-04-21T23:41:11+00:00,799,0,0,62.07
,40465,2026-04-21T23:41:11+00:00,849,0,0,68.93
,40460,2026-04-21T23:41:11+00:00,849,0,0,81.41
,40464,2026-04-21T23:41:11+00:00,849,0,0,68.93
,40507,2026-04-21T23:41:15+00:00,999,0,0,62.07
,40508,2026-04-21T23:41:15+00:00,999,0,0,62.07
,40506,2026-04-21T23:41:15+00:00,999,0,0,62.07
,40521,2026-04-21T23:41:19+00:00,1399,0,0,62.07
,40522,2026-04-21T23:41:23+00:00,1399,0,0,62.07
,40570,2026-04-21T23:41:27+00:00,2499,0,0,79.43
,40569,2026-04-21T23:41:27+00:00,2499,0,0,79.43
,40571,2026-04-21T23:41:27+00:00,2499,0,0,66.17
,40585,2026-04-21T23:41:27+00:00,3999,0,0,68.23
,40591,2026-04-21T23:41:31+00:00,4799,0,0,72.82
,40592,2026-04-21T23:41:31+00:00,4799,0,0,72.82
,40589,2026-04-21T23:41:31+00:00,4799,0,0,72.82
,40590,2026-04-21T23:41:31+00:00,4799,0,0,72.82
,40615,2026-04-21T23:41:34+00:00,7699,0,0,32.17
,41007,2026-04-21T23:42:01+00:00,9.9,0,0,73.24
,41007,2026-04-21T23:42:01+00:00,9.9,0,0,73.24
,41132,2026-04-21T23:42:26+00:00,79,0,0,32.17
,40690,2026-04-21T23:42:46+00:00,119,0,0,62.07
,40691,2026-04-21T23:42:46+00:00,119,0,0,62.07
,40692,2026-04-21T23:42:46+00:00,119,0,0,62.07
,40678,2026-04-21T23:42:46+00:00,119,0,0,62.07
,40677,2026-04-21T23:43:59+00:00,119,0,0,62.07
,40676,2026-04-21T23:43:59+00:00,119,0,0,62.07
,40745,2026-04-21T23:44:07+00:00,219,1,0,77.09
,40746,2026-04-21T23:44:07+00:00,219,1,0,77.09
,40744,2026-04-21T23:44:07+00:00,219,1,0,77.09
,40785,2026-04-21T23:44:15+00:00,359,0,0,62.07
,40783,2026-04-21T23:44:15+00:00,359,0,0,62.07
,40784,2026-04-21T23:44:15+00:00,359,0,0,62.07
,40789,2026-04-21T23:44:15+00:00,359,0,0,62.07
,40778,2026-04-21T23:44:15+00:00,359,0,0,62.07
,40793,2026-04-21T23:44:15+00:00,399,0,0,76.36
